time_slice_type,time_slice,family,family_type,all_winners_denominator,winner_coverage_recall,total_signals,evaluable_signals,winner_signals,precision_all_signals,precision_evaluable_signals,gross_mean,net_mean,median,profit_factor,day1_return,day3_return,day5_return,day10_return,mfe5,mae5,mfe10,mae10,mfe_abs_mae,plus10_before_minus5_rate,plus15_before_minus5_rate,top1_removed_count,top1_removed_gross,top1_removed_pf,top5_removed_count,top5_removed_gross,top5_removed_pf,tail_dependent
PERIOD,HISTORICAL_DISCOVERY,N_COMPACT_RETEST_HYPOTHESIS,FROZEN_SETUP,67548,0.0005033457689346835,121,120,34,0.2809917355371901,0.2833333333333333,0.0018931800673161866,-0.003904151153131507,-0.015945691932534034,1.0599126389693454,0.00022816882203104775,0.004317604511720179,0.004247707331997144,0.0016761012034715666,0.03479093247459131,-0.026885485671343842,0.0626247272523644,-0.050348087458984406,1.2438352758360691,0.20833333333333334,0.08333333333333333,1,0.0006185729370295289,1.019412575456942,3,-0.0017740612739836838,0.9452606346901011,False
PERIOD,HISTORICAL_DISCOVERY,N_RETEST,FROZEN_SETUP,67548,0.0033901817966483093,915,912,229,0.2502732240437158,0.25109649122807015,0.001279009957468993,-0.004514460414313009,-0.016883240252209608,1.041054431521065,-0.00303099599274088,-0.0003080130864603362,-0.0009919676573968018,-0.0010952641379496392,0.030528096699940825,-0.03232258125871213,0.054155457049706375,-0.054254219418566466,0.9981796370877969,0.18311403508771928,0.08114035087719298,5,0.00035897400416474583,1.0114593917218617,21,-0.002277484573202857,0.9285792466456156,False
PERIOD,HISTORICAL_DISCOVERY,V_REVERSAL,FROZEN_SETUP,67548,0.010363001125125837,3243,3230,700,0.2158495220474869,0.21671826625386997,-0.0037235451486089133,-0.009488656097273765,-0.020624696159455558,0.8901957635031985,-0.0054661164677543535,-0.006764395904568019,-0.0096211367452462,-0.0010235372147281265,0.027022432653519845,-0.041106508929706055,0.050830092949444086,-0.06163732818962907,0.8246641190069725,0.1588235294117647,0.07801857585139318,15,-0.0045875743317242874,0.8653445171789061,71,-0.0074283482529448564,0.7857593723775264,False
PERIOD,HISTORICAL_DISCOVERY,MOMENTUM_DIRECTIONAL,FROZEN_SETUP,67548,0.01658080180020134,3828,3816,1120,0.29258098223615464,0.29350104821802936,-0.007845782429552113,-0.013586653096547614,-0.05338942058528834,0.817318818828379,-0.005225354450434476,-0.004611734725608727,-0.0009045326802665448,0.004843425705585445,0.044061958015332726,-0.04982272918202028,0.08005623515263177,-0.07525862070516376,1.0637483706519595,0.24449685534591195,0.1619496855345912,15,-0.008603815392444689,0.8004562464386225,72,-0.011356851781495302,0.7405563878425435,False
PERIOD,HISTORICAL_DISCOVERY,TREND_PULLBACK,FROZEN_SETUP,67548,0.019082726357553148,5868,5849,1289,0.2196659850034083,0.22037955206018123,-0.004333947485365671,-0.010095301672032812,-0.024691358024691357,0.8701764855602335,-0.004079593485169817,-0.0025059728614315537,-0.0037024455039723785,-0.002856343166759387,0.030018450042036692,-0.03562551606605039,0.05445085994137107,-0.05603061077486316,0.9718055753516646,0.17096939647803044,0.09796546418191143,24,-0.005103796404624202,0.8477429654302491,116,-0.007778062398904172,0.7716287335154134,False
PERIOD,HISTORICAL_DISCOVERY,CONSOLIDATION_BREAKOUT_V2,FROZEN_SETUP,67548,0.0011251258364422337,661,661,76,0.11497730711043873,0.11497730711043873,0.000435609458411946,-0.005354883330246624,-0.002450980392156743,1.021476374483338,-0.0036627826319347704,-0.002514497695087953,-0.0026285910109099396,0.0014150633111847176,0.015646527354887765,-0.021397512359622207,0.030429526870038446,-0.03157910217840092,0.9635969603610598,0.07715582450832073,0.03177004538577912,4,-0.0005306424570236777,0.9739966337837781,16,-0.002982456432431557,0.8565184596242379,True
PERIOD,HISTORICAL_DISCOVERY,NEAR_OR_ABOVE_PRIOR20_CLOSE_HIGH_WITHIN_2PCT,DESCRIPTIVE_COHORT,67548,0.23843785160182387,83735,83310,16106,0.19234489759359885,0.1933261313167687,-0.0004883235030937841,-0.006272472394342664,-0.008689360095639531,0.9826726283104816,-0.0031698074956700677,-0.0018968985370802825,-0.0006062586813182059,0.0027623500165645876,0.027384173409056894,-0.0300274870189168,0.05057993525747805,-0.04682064976911396,1.0802911857674382,0.14723322530308486,0.08189893170087624,370,-0.0012922603936270205,0.9543498725337675,1848,-0.004136846063111648,0.8564668028876141,False
PERIOD,HISTORICAL_DISCOVERY,RETURN20_TOP20PCT_SAME_DAY,DESCRIPTIVE_COHORT,67548,0.26218392846568367,65946,65639,17710,0.26855305856306677,0.26980910739042335,-0.004005450610404608,-0.009768826551919291,-0.04871060171919761,0.8940517761779182,-0.004239200564441953,-0.0030717679970338864,-0.0018979835484440736,0.0005029380792659922,0.037996880043005284,-0.04268461002091921,0.06878720472548054,-0.0669861569130586,1.0268868658155672,0.21537500571306692,0.13188805435792744,265,-0.004763118451113043,0.8745193430192337,1324,-0.007610783458757187,0.8027477422199985,False
PERIOD,RETROSPECTIVE_CONFIRMATION_NOT_BLIND_OOS,N_COMPACT_RETEST_HYPOTHESIS,FROZEN_SETUP,49123,0.0007735683895527554,79,79,38,0.4810126582278481,0.4810126582278481,0.028133743570628655,0.022183256952184906,0.053097345132743445,2.2355634005164613,0.0011799482606928502,0.017610176063176042,0.022428691230724013,0.01625832547526397,0.049238401758827884,-0.021205901419855417,0.0760323017143398,-0.042796587247895417,1.7765973084239048,0.2911392405063291,0.12658227848101267,1,0.026196416141805078,2.1359177939905103,3,0.023135705637627672,1.9774774823629213,False
PERIOD,RETROSPECTIVE_CONFIRMATION_NOT_BLIND_OOS,N_RETEST,FROZEN_SETUP,49123,0.0029314170551472834,598,597,144,0.2408026755852843,0.24120603015075376,0.00359146443416149,-0.0022157349219388443,-0.011299435028248594,1.1277400095770687,-0.003849469844187272,-0.0011361632102720848,0.0013250019272473255,0.004909926143216733,0.029218290586497005,-0.0291581183352526,0.05376767797501925,-0.04765552474570872,1.128256970454636,0.17252931323283083,0.07872696817420435,3,0.0026911021454318214,1.0952352378284325,13,-2.770713370491064e-05,0.9990359812280963,False
PERIOD,RETROSPECTIVE_CONFIRMATION_NOT_BLIND_OOS,V_REVERSAL,FROZEN_SETUP,49123,0.008407466970665472,2079,2073,413,0.19865319865319866,0.19922817173178967,-0.004167228667991036,-0.009930011995960584,-0.015963511972634015,0.8702396700997704,-0.004014501517120181,-0.006734179379973877,-0.002288187680938823,0.003717877985801249,0.026315529694664413,-0.033819047797145285,0.047893829819135154,-0.0494382061409429,0.9687614814055975,0.14423540762180415,0.06898215147129763,9,-0.004955172005943814,0.8463743497102499,45,-0.007675688750319834,0.7661805615208587,False
PERIOD,RETROSPECTIVE_CONFIRMATION_NOT_BLIND_OOS,MOMENTUM_DIRECTIONAL,FROZEN_SETUP,49123,0.01638743562078863,2543,2536,805,0.31655524970507276,0.31742902208201895,-0.0015431124872742792,-0.007320711109426019,-0.05119090586490421,0.9609531325353223,-0.0045514080703045095,-0.0016677126068892086,0.0005951931776089166,0.00956544217435788,0.043919961633631543,-0.04568765305083485,0.07941530818655634,-0.0684618894624983,1.1599929363629096,0.2606466876971609,0.17271293375394323,10,-0.0022777484841602466,0.9425911990878567,50,-0.005093604499120804,0.8736527748947308,False
PERIOD,RETROSPECTIVE_CONFIRMATION_NOT_BLIND_OOS,TREND_PULLBACK,FROZEN_SETUP,49123,0.023084909309284855,5016,5004,1134,0.22607655502392343,0.22661870503597123,-0.0023428630615602297,-0.008115796014284296,-0.019754012375397145,0.9262649187098051,-0.0026633158247405075,-0.001564447187063128,-0.0007257816430440925,0.0019752555588794913,0.03053487590778899,-0.03183309528248301,0.05463253502777291,-0.05002356368654872,1.0921360055453935,0.17885691446842525,0.09932054356514788,21,-0.0031204129184093663,0.9022058420570215,103,-0.005889682238363872,0.8184540671381787,False
PERIOD,RETROSPECTIVE_CONFIRMATION_NOT_BLIND_OOS,CONSOLIDATION_BREAKOUT_V2,FROZEN_SETUP,49123,0.0014249944018077073,531,531,70,0.1318267419962335,0.1318267419962335,0.0030240237849363267,-0.0027812541144951017,0.0,1.1537385586130708,-0.0009962833318836422,0.0006277359067121815,0.0007662812923817265,0.007023410772856016,0.019481306290675803,-0.01808390753138474,0.035764032208058426,-0.028636615401157438,1.2488917320380295,0.08662900188323917,0.04896421845574388,3,0.0021300894017834667,1.1076799475376993,13,-0.00024909846337048327,0.9876461054656122,False
PERIOD,RETROSPECTIVE_CONFIRMATION_NOT_BLIND_OOS,NEAR_OR_ABOVE_PRIOR20_CLOSE_HIGH_WITHIN_2PCT,DESCRIPTIVE_COHORT,49123,0.26952751257048635,68564,68336,13240,0.1931042529607374,0.1937485366424725,6.948072951517604e-05,-0.0057179515902278715,-0.008878367158186795,1.0025253941722594,-0.0030830367066014396,-0.0021120808717681933,-0.0008708405384520747,0.0034574856122895287,0.02602189326990585,-0.028704444613669906,0.0485425582043223,-0.04435779043846218,1.0943412132230905,0.15011121517209083,0.08487473659564505,301,-0.000729509862805884,0.9736015269417437,1501,-0.0035580634748017346,0.8735167856063669,True
PERIOD,RETROSPECTIVE_CONFIRMATION_NOT_BLIND_OOS,RETURN20_TOP20PCT_SAME_DAY,DESCRIPTIVE_COHORT,49123,0.29656169207906685,51747,51570,14568,0.2815235665835701,0.2824898196625945,-0.0010300679662280442,-0.006810544669701483,-0.037735849056603765,0.9713688930751216,-0.0036629696970935715,-0.0017224531225684485,0.0002711337564865128,0.005175540818413129,0.03776940519266851,-0.03908712545557622,0.06829401030134835,-0.06033281907023672,1.131954570560404,0.22765173550513865,0.1394415357766143,211,-0.0017867014926591606,0.9505411874315185,1055,-0.004645022721277723,0.8735312208703417,False
PERIOD,STRESS_PREVALENCE_SEEN_NOT_BLIND,N_COMPACT_RETEST_HYPOTHESIS,FROZEN_SETUP,23478,0.00042593065848879803,36,36,10,0.2777777777777778,0.2777777777777778,0.0015544676652055056,-0.004238588533107587,-0.04411642385038167,1.0455504964719775,-0.004039738109178376,0.0012236139652632304,-0.009157362555475008,-0.014773292289870751,0.024151739762716718,-0.031998244137298064,0.048670971911288774,-0.06215183749636036,0.7830978756523325,0.19444444444444445,0.1111111111111111,1,-0.003581359293358715,0.8979707113317134,1,-0.003581359293358715,0.8979707113317134,True
PERIOD,STRESS_PREVALENCE_SEEN_NOT_BLIND,N_RETEST,FROZEN_SETUP,23478,0.0029389215435727065,273,272,69,0.25274725274725274,0.2536764705882353,0.0002969577610175121,-0.0054901308191289185,-0.024126330003957974,1.0090128455807614,-0.002857986183543649,-0.0011934365711338134,-0.0028343674901158294,0.00022402872866782858,0.029661340958175735,-0.032960360862680366,0.055629466215941975,-0.05606787256143655,0.9921807922172509,0.22058823529411764,0.11764705882352941,2,-0.0010626142907169344,0.9679861605525418,6,-0.003679000437913455,0.8908032224553966,True
PERIOD,STRESS_PREVALENCE_SEEN_NOT_BLIND,V_REVERSAL,FROZEN_SETUP,23478,0.009114916091660277,954,950,214,0.22431865828092243,0.22526315789473683,-0.004617695677734902,-0.010378863293887727,-0.019102751238499638,0.8707878977647082,-0.003936429865550078,-0.019659208401774753,-0.008947277784036811,0.0047897395601984695,0.030786215067512633,-0.05172740429938302,0.05431326312514609,-0.06585178278596972,0.8247804513003707,0.17894736842105263,0.0968421052631579,5,-0.0055849241694355825,0.8445454749115962,21,-0.00827515101244587,0.7735637671861542,False
PERIOD,STRESS_PREVALENCE_SEEN_NOT_BLIND,MOMENTUM_DIRECTIONAL,FROZEN_SETUP,23478,0.01673907487860976,1267,1263,393,0.31018153117600633,0.31116389548693585,-0.0028075433794887035,-0.008577965874538398,-0.05205479452054795,0.9290415833913299,-0.0019137178822841968,-0.0013023314862068952,-0.0008830603316723384,0.009719136073447935,0.044009013549654884,-0.045205361427598095,0.07913085931152973,-0.06892086415243807,1.1481408465295697,0.2454473475851148,0.16468725257323832,5,-0.0035542213728214484,0.9105255154188767,25,-0.006396147912555548,0.8415423418712302,False
PERIOD,STRESS_PREVALENCE_SEEN_NOT_BLIND,TREND_PULLBACK,FROZEN_SETUP,23478,0.018187239117471676,1898,1885,427,0.2249736564805058,0.22652519893899203,-0.004685616521554918,-0.010445509377549152,-0.02962962962962956,0.8630514584683066,-0.004842659708014309,-0.0063153381448410525,-0.003241755338383088,0.0008246965511627405,0.02980017767837726,-0.03777273463793294,0.05473070705332865,-0.05663169680018353,0.9664324070394317,0.1793103448275862,0.11458885941644563,8,-0.0054880354427199645,0.8402795611957788,37,-0.008188876145022485,0.7653580906171672,False
PERIOD,STRESS_PREVALENCE_SEEN_NOT_BLIND,CONSOLIDATION_BREAKOUT_V2,FROZEN_SETUP,23478,0.0007240821194309567,170,170,17,0.1,0.1,-0.009945417633949568,-0.01567533114220658,-0.014472020759864201,0.6221210285339371,-0.0017987229773149796,-0.0010530257335928481,-0.004151741893625522,-0.008293893281833966,0.017477859202820342,-0.023176242287514272,0.0307916415717209,-0.03900288065483666,0.789470958420157,0.07058823529411765,0.03529411764705882,1,-0.011059424118894115,0.5822658351086955,4,-0.013620510561576073,0.4946616551438993,False
PERIOD,STRESS_PREVALENCE_SEEN_NOT_BLIND,NEAR_OR_ABOVE_PRIOR20_CLOSE_HIGH_WITHIN_2PCT,DESCRIPTIVE_COHORT,23478,0.2182468694096601,27380,27254,5124,0.18714390065741418,0.18800909958171277,-0.0031661867400951662,-0.008934963643709479,-0.014456248119943615,0.8923667534743764,-0.002647558929166197,-0.0018160641420446075,-0.0012849843895461268,0.0016090891149476891,0.026749639804031188,-0.02943115419012063,0.0488944695395969,-0.0474872848897488,1.0296328723176142,0.14610699346884862,0.08600572393043222,112,-0.003926399964708682,0.8670721299352676,558,-0.006631213817115678,0.7791899236607388,False
PERIOD,STRESS_PREVALENCE_SEEN_NOT_BLIND,RETURN20_TOP20PCT_SAME_DAY,DESCRIPTIVE_COHORT,23478,0.2631399608143794,23175,23101,6178,0.26658036677454156,0.2674343102030215,-0.003105524286153596,-0.00887417377020465,-0.04117647058823537,0.9146504309112884,-0.0030226112876015096,-0.001661736090277545,-0.0001311461864620737,0.005465992353925059,0.03726548845576741,-0.03935397921059677,0.06728536325223544,-0.06184901105261728,1.0878971564313817,0.21241504696766375,0.13086013592485174,93,-0.0038597464346104052,0.8943490841411831,462,-0.006629337192521667,0.8214487184654172,False
YEAR,2020,N_COMPACT_RETEST_HYPOTHESIS,FROZEN_SETUP,21536,0.00023216939078751856,22,22,5,0.22727272727272727,0.22727272727272727,0.002896170120990764,-0.002908947198603262,-0.0016620284477427139,1.1082922406089564,0.005899937792306646,-0.00262038767079094,0.0034584031156841026,0.0023554043286962475,0.0359584286137261,-0.02841461790104288,0.05963417719146855,-0.04919418972782814,1.2122199292518223,0.18181818181818182,0.045454545454545456,1,-0.0036424020431054024,0.8699956855035829,1,-0.0036424020431054024,0.8699956855035829,True
YEAR,2020,N_RETEST,FROZEN_SETUP,21536,0.002228826151560178,208,207,48,0.23076923076923078,0.2318840579710145,-0.005904136954067994,-0.011656420276042766,-0.0331125827814569,0.828566266114515,-0.006097089644345317,-0.006509375361844589,-0.00911058604536536,-0.020466675020921355,0.025709079759452327,-0.039743877039405066,0.04937680268232773,-0.06957341404966681,0.7097079158294403,0.16908212560386474,0.07246376811594203,1,-0.0067770358882055124,0.8041712184373029,4,-0.009205979739908256,0.7378586277008442,False
YEAR,2020,V_REVERSAL,FROZEN_SETUP,21536,0.008776002971768202,736,733,189,0.25679347826086957,0.2578444747612551,0.009224267231103755,0.003383966528863544,0.003984063745019917,1.3509251600728631,-0.004669525309506555,0.004713768391561533,0.007565614120393774,0.01069009625522151,0.03287001908279156,-0.02822449235957348,0.06020330130253685,-0.0500134216029056,1.203742902865883,0.1869031377899045,0.08731241473396999,4,0.00827602145035164,1.313132245099288,19,0.005190269263080997,1.1923387355361088,False
YEAR,2020,MOMENTUM_DIRECTIONAL,FROZEN_SETUP,21536,0.018294947994056465,1274,1269,394,0.3092621664050236,0.31048069345941687,-0.0019485933011038738,-0.007723397829806157,-0.051094890510948954,0.9511764098932995,-0.005280920333297859,-0.0024060895499602715,0.006267261246157456,0.018128858718634254,0.04715776652246457,-0.046269467042911856,0.08634021099067939,-0.06850809991033005,1.260292010779597,0.2624113475177305,0.17888100866824272,6,-0.002832368143228922,0.9293682551098169,26,-0.00564560159980314,0.8614430739558631,False
YEAR,2020,TREND_PULLBACK,FROZEN_SETUP,21536,0.021731054977711738,1968,1959,468,0.23780487804878048,0.23889739663093415,0.002881077778033956,-0.0029220518043495116,-0.011428571428571344,1.0988488032688914,-0.003150100348083234,0.00028578045709930894,0.0019274927043992985,0.009272397287675824,0.03066013684454549,-0.03024095827995476,0.05769006161867852,-0.04810140515800532,1.1993425437193783,0.18580908626850434,0.10107197549770292,9,0.0020492094805025364,1.0699846773793353,44,-0.0007918994261549029,0.9734404444238643,False
YEAR,2020,CONSOLIDATION_BREAKOUT_V2,FROZEN_SETUP,21536,0.0010679791976225853,198,198,23,0.11616161616161616,0.11616161616161616,-0.004052416455465663,-0.009817292012943703,-0.00924978687127015,0.8262464344601806,-0.0024127084930163074,-0.0058393399197133695,-0.007165167174353316,-3.2784468540353607e-05,0.015465549640757834,-0.02497258841455047,0.028797335995664208,-0.0346358470975923,0.8314315487801667,0.08585858585858586,0.025252525252525252,1,-0.004895832054838608,0.7911438815111124,5,-0.0076016067209651456,0.682300032086915,False
YEAR,2020,NEAR_OR_ABOVE_PRIOR20_CLOSE_HIGH_WITHIN_2PCT,DESCRIPTIVE_COHORT,21536,0.2716846210995542,27385,27240,5851,0.21365711155742195,0.21479441997063142,0.00421157796106508,-0.0015999016514278116,-0.00320770053916114,1.1603404659151808,-0.0028534364536508135,-0.00018841200018151542,0.0020693531683688153,0.010780961352023517,0.028918976180690996,-0.028291719252971307,0.05484115169049172,-0.04327908676565576,1.2671513146162563,0.16497797356828195,0.09111600587371513,130,0.003371143706067819,1.12773148971724,646,0.0004477904218190674,1.0166436915213115,False
YEAR,2020,RETURN20_TOP20PCT_SAME_DAY,DESCRIPTIVE_COHORT,21536,0.2679234769687964,19320,19228,5770,0.29865424430641824,0.30008321198252547,0.0023787727086295035,-0.0034216399205325818,-0.02098569369561737,1.0678634490812793,-0.0035097410113604124,0.0005796492339105176,0.004982472455471297,0.014428065706339982,0.04152479888426923,-0.03862867816193535,0.07718622336640787,-0.06028973350498868,1.2802548440526957,0.24360307884335344,0.15378614520490952,86,0.0015680012234366727,1.0445330639939456,427,-0.0014260797439250392,0.9602191894049908,False
YEAR,2021,N_COMPACT_RETEST_HYPOTHESIS,FROZEN_SETUP,29304,0.0004436254436254436,47,47,13,0.2765957446808511,0.2765957446808511,-0.005680025553867719,-0.01143132690674744,-0.05069124423963134,0.847443711140602,-0.007078119437759182,-0.0034524874951210546,-0.009218722424298059,0.0004850794119838353,0.024499628818426697,-0.034617092264505364,0.06112554425708491,-0.05720996598151158,1.0684422409347127,0.2127659574468085,0.10638297872340426,1,-0.00914201368702633,0.7596845643913934,1,-0.00914201368702633,0.7596845643913934,False
YEAR,2021,N_RETEST,FROZEN_SETUP,29304,0.002457002457002457,299,299,72,0.2408026755852843,0.2408026755852843,-0.0031082798229253574,-0.008875882655716798,-0.02661064425770321,0.9087819333664029,-0.00592080251497316,-0.0056898801352024825,-0.008371491027767061,-0.0018915584097649232,0.025546803254837318,-0.03664612821144206,0.051541721972462665,-0.05669087441478522,0.9091714055308409,0.18729096989966554,0.0903010033444816,2,-0.004249999049076739,0.8761104008554884,7,-0.006900226695195371,0.8022412191880541,False
YEAR,2021,V_REVERSAL,FROZEN_SETUP,29304,0.009213759213759214,1222,1219,270,0.220949263502455,0.22149302707136997,-0.0034942479428317587,-0.009260645847679107,-0.024432809773123898,0.8991676517592222,-0.010360362302497155,-0.018720404257373015,-0.014119902486793047,-0.0021761629681757476,0.0251988089463221,-0.0505382209497153,0.05102565875230816,-0.06830297500376163,0.747048847425724,0.16981132075471697,0.09269893355209188,6,-0.004390186682367634,0.8739374039431655,27,-0.007180536178778145,0.7973831367178115,False
YEAR,2021,MOMENTUM_DIRECTIONAL,FROZEN_SETUP,29304,0.014332514332514333,1287,1283,420,0.32634032634032634,0.3273577552611068,-0.007178997011483512,-0.012924344733078677,-0.05485232067510548,0.8398830953274715,-0.005350319426752947,-0.0018217443894349016,0.0019419982412556278,0.011105331947466879,0.05276420633765724,-0.05483534959963217,0.09595205285870444,-0.08132243027666199,1.1798965246399047,0.2821512081060016,0.20265003897116135,5,-0.007925272943128031,0.8239273750658477,24,-0.01064911739742204,0.7669301472142023,False
YEAR,2021,TREND_PULLBACK,FROZEN_SETUP,29304,0.020475020475020474,2405,2399,600,0.2494802494802495,0.25010421008753647,-0.00121813550165593,-0.006997404368370837,-0.0216284987277352,0.9634518861431381,-0.004817269231293574,-0.001117461074881926,-0.0012960925976254138,0.00020414067756170385,0.03470167444052226,-0.03741287642569461,0.0628102050399851,-0.057583168055028625,1.0907736958821252,0.2000833680700292,0.12630262609420592,10,-0.0019871003762207446,0.9406289026566098,50,-0.004817568268860993,0.8584695084247653,False
YEAR,2021,CONSOLIDATION_BREAKOUT_V2,FROZEN_SETUP,29304,0.001092001092001092,260,260,32,0.12307692307692308,0.12307692307692308,0.0042984731144112874,-0.001514068037118961,-0.0005096839959224941,1.2454820053351219,-0.005610080169946118,-0.003433546967096858,-0.0024837615647925046,0.00567975948679978,0.01291304209008951,-0.021358816905626868,0.031214182153418916,-0.028926229736307426,1.0790961158079897,0.07692307692307693,0.046153846153846156,2,0.003064791539899631,1.1736811738868809,7,0.0004656226517687731,1.0258753790622122,False
YEAR,2021,NEAR_OR_ABOVE_PRIOR20_CLOSE_HIGH_WITHIN_2PCT,DESCRIPTIVE_COHORT,29304,0.23948948948948948,32939,32765,7018,0.21306050578341784,0.21419197314207233,0.0016234264967394244,-0.004172901493148047,-0.006915629322268302,1.0574459581500404,-0.003924048470303937,-0.0007916182490345031,0.0013925070668105262,0.006202980363333632,0.030792320920681425,-0.031412089178080756,0.05714069077374276,-0.04807784440632787,1.188503592025063,0.168502975736304,0.100900350984282,149,0.0008046697918470136,1.0283442566252736,745,-0.0021654756041799366,0.9251156096963845,False
YEAR,2021,RETURN20_TOP20PCT_SAME_DAY,DESCRIPTIVE_COHORT,29304,0.260988260988261,25759,25623,7648,0.2969059357894328,0.29848183272840806,-0.0019955349475542757,-0.0077705653540401575,-0.0505050505050505,0.9486729303937459,-0.005019865565861574,-0.0023174084699185164,-0.0003265628575595601,0.0032483211664000988,0.043515141517832125,-0.04654208303520391,0.07916690266448977,-0.07269559837141219,1.0890192038865236,0.24673145221090426,0.16329079342777972,105,-0.0027586829906797827,0.9293348010983059,522,-0.005656286665720023,0.8574787604266163,False
YEAR,2022,N_COMPACT_RETEST_HYPOTHESIS,FROZEN_SETUP,16708,0.0009576250897773521,52,51,16,0.3076923076923077,0.3137254901960784,0.008439746400939772,0.002603354208051388,-0.015444015444015413,1.296112437348954,0.004514769427209041,0.014471136910480622,0.016998430690914036,0.0024806768004319644,0.043771449274175055,-0.019100653927579717,0.06529636847036133,-0.0445221552928405,1.4666039422593153,0.21568627450980393,0.0784313725490196,1,0.005789158069046674,1.1991326568018184,2,0.003388575141496864,1.1142273960043705,False
YEAR,2022,N_RETEST,FROZEN_SETUP,16708,0.0065238209241082114,408,406,109,0.26715686274509803,0.2684729064039409,0.008172386940291822,0.002338867027947564,0.0020502327074305438,1.299054872147124,0.0006604659186620015,0.006817258437131887,0.008582001539771174,0.009367726108473797,0.03665357267719961,-0.02535472715657004,0.05851675813872916,-0.044649211703031544,1.310588830278409,0.18719211822660098,0.07881773399014778,3,0.007072766356623048,1.2569036564025866,11,0.00438510738497217,1.1561180996808653,False
YEAR,2022,V_REVERSAL,FROZEN_SETUP,16708,0.014424227914771368,1285,1278,241,0.18754863813229572,0.18857589984350548,-0.011368505843578968,-0.017089263983983104,-0.050000000000000044,0.6974469270420641,-0.0012547046105119114,-0.001943676223029419,-0.015187563150229382,-0.006642506338374793,0.025407969779042444,-0.039498732085821796,0.045267529227606594,-0.061946326672916004,0.7307540520784154,0.1322378716744914,0.05868544600938967,5,-0.012137103689697648,0.6782557523792633,25,-0.014850407319711115,0.6125133344600165,False
YEAR,2022,MOMENTUM_DIRECTIONAL,FROZEN_SETUP,16708,0.01831457984199186,1267,1264,306,0.24151539068666142,0.24208860759493672,-0.014443107346785368,-0.020145365567928595,-0.05421523846474907,0.6723478901101902,-0.0050427253602681535,-0.009658033245552484,-0.010994015010128099,-0.014850593441481664,0.03212084599548092,-0.048302078595574484,0.05761264381135518,-0.07588088590169208,0.7592510699729518,0.18829113924050633,0.10363924050632911,5,-0.015232930512803798,0.6557971618962941,22,-0.0177845459845724,0.6035671502393568,False
YEAR,2022,TREND_PULLBACK,FROZEN_SETUP,16708,0.013227196552549676,1495,1491,221,0.14782608695652175,0.1482226693494299,-0.018826950463178903,-0.024504592163164036,-0.05052005943536397,0.5177134487019207,-0.004113928120046895,-0.008408108694385621,-0.014971318456706436,-0.023716372202819,0.021640100090271692,-0.03982435657589269,0.0367448472133896,-0.06395061673616939,0.57458159262141,0.10462776659959759,0.0482897384305835,5,-0.019500935225521238,0.5021233284795757,24,-0.02179489245729594,0.45067119504345465,False
YEAR,2022,CONSOLIDATION_BREAKOUT_V2,FROZEN_SETUP,16708,0.0012568829303327748,203,203,21,0.10344827586206896,0.10344827586206896,-0.00013441723918441965,-0.0059216570102425415,-0.0016949152542372614,0.993559280777928,-0.0023879911029835647,0.001905559305888144,0.0016107509810666851,-0.002634922626127363,0.01932406309993837,-0.017960053045154193,0.031016538788497444,-0.03199541420275763,0.9694057589610507,0.06896551724137931,0.019704433497536946,1,-0.0008656900829477986,0.9587240412572433,5,-0.0034246923980761706,0.8399446785945843,False
YEAR,2022,NEAR_OR_ABOVE_PRIOR20_CLOSE_HIGH_WITHIN_2PCT,DESCRIPTIVE_COHORT,16708,0.19373952597558056,23411,23305,3237,0.13826833539788988,0.1388972323535722,-0.008950748074139595,-0.01468582865328462,-0.017391304347826098,0.7047120935847694,-0.0024791935351777153,-0.0054477967092726185,-0.0065437496284502525,-0.011447442993080936,0.020798634652665952,-0.030109693592585494,0.03637531435528091,-0.049192681261321126,0.7394456537558531,0.09658871486805407,0.04441107058571122,92,-0.009685926315806132,0.6817197782367798,457,-0.012166285387374623,0.6065012026364559,False
YEAR,2022,RETURN20_TOP20PCT_SAME_DAY,DESCRIPTIVE_COHORT,16708,0.2568829303327747,20867,20788,4292,0.20568361527771123,0.20646526842409083,-0.012387974903631568,-0.01810272838093413,-0.050808314087759765,0.682602656506926,-0.003951682234409093,-0.007378983923523981,-0.010199018780588516,-0.01576112315101186,0.02793197542258432,-0.041681503745160345,0.04822460463316844,-0.0661426804267672,0.7290996421979368,0.15061573984991342,0.07292668847411969,76,-0.0130985639755368,0.665623316790251,376,-0.015669670136793643,0.605782702484652,False
YEAR,2023,N_COMPACT_RETEST_HYPOTHESIS,FROZEN_SETUP,21920,0.0008211678832116788,37,37,18,0.4864864864864865,0.4864864864864865,0.035860505076346715,0.029864248670233004,0.07150964812712846,3.092398705741781,0.006867220447975101,0.023297089967017376,0.02607865957040919,0.026753753880270455,0.04860869659355937,-0.01320900230881716,0.07815240616144814,-0.03593397120156451,2.1748892078492426,0.2702702702702703,0.13513513513513514,1,0.03187759457794335,2.8097323939734338,2,0.029083154505365857,2.605224839425425,False
YEAR,2023,N_RETEST,FROZEN_SETUP,21920,0.0032846715328467154,274,274,72,0.26277372262773724,0.26277372262773724,0.008151399507506565,0.0023172149938879318,-0.00626855178878305,1.3135471295657446,-0.0007126536264590357,0.002163468864630055,0.0023978906004461027,0.008987846557978347,0.030187467837655985,-0.025592389880658078,0.05582673590455785,-0.044032488591901474,1.2678532985488717,0.17883211678832117,0.08029197080291971,2,0.006881244483449443,1.2627580195294899,7,0.004019021515688417,1.150643944967209,False
YEAR,2023,V_REVERSAL,FROZEN_SETUP,21920,0.007436131386861314,855,852,163,0.19064327485380117,0.19131455399061034,-0.00021625511706330723,-0.006002061395991491,-0.012913929939792013,0.9923916245324258,-0.0020572872078265456,-0.0029416645324104153,-0.003143270135397454,0.005895233415799278,0.023999412823021003,-0.02760332562069738,0.04555977076709868,-0.04411989380746699,1.0326355490771377,0.1267605633802817,0.06572769953051644,4,-0.0010469877951094038,0.9633373864963033,19,-0.0038864452901580175,0.8663147449117007,False
YEAR,2023,MOMENTUM_DIRECTIONAL,FROZEN_SETUP,21920,0.017153284671532848,1266,1265,376,0.296998420221169,0.2972332015810277,-0.0013348876965780852,-0.007113532080077177,-0.05022831050228316,0.9645256735576367,-0.00435518635964476,-0.0037946969649995397,-0.000513451860718037,0.008636012304201683,0.0375955947927226,-0.04186649169046946,0.0708497766555626,-0.06289465479627326,1.1264832740565531,0.23715415019762845,0.14466403162055336,6,-0.0022137829898301264,0.941448277127951,26,-0.004986950044070142,0.8701968515822681,False
YEAR,2023,TREND_PULLBACK,FROZEN_SETUP,21920,0.02559306569343066,2624,2622,561,0.21379573170731708,0.2139588100686499,-0.0010399435367193016,-0.006820338640203284,-0.014838141496090362,0.9649893105158358,-0.0019386457422914916,0.00032157281238142727,0.00043087669733968026,0.0034763456878218924,0.02973792182572804,-0.028539594275885434,0.05170940978503807,-0.04524880766149992,1.1427794997797294,0.16704805491990846,0.08924485125858124,12,-0.0018765390297844564,0.9371136591676932,56,-0.004615754764131108,0.8479250806430654,False
YEAR,2023,CONSOLIDATION_BREAKOUT_V2,FROZEN_SETUP,21920,0.002144160583941606,357,357,47,0.13165266106442577,0.13165266106442577,0.0065833025971778186,0.000757333954596929,0.0031914893617019935,1.3858068463303985,-0.0011996955008040427,0.0015597690252870313,0.0016730906559137555,0.011135464116512252,0.019477768217900364,-0.016406323438709,0.037142380823621785,-0.024955489513733914,1.4883451115307107,0.09243697478991597,0.047619047619047616,2,0.005839847672165764,1.3403202319083105,10,0.003175141489440401,1.1808633014559915,False
YEAR,2023,NEAR_OR_ABOVE_PRIOR20_CLOSE_HIGH_WITHIN_2PCT,DESCRIPTIVE_COHORT,21920,0.2934762773722628,35827,35722,6433,0.17955731710720965,0.1800851016180505,0.0024532066310813338,-0.003348077116810516,-0.004237288135593209,1.1009385129047582,-0.002541555144834404,-0.0013839928737319335,5.170578474962973e-05,0.006039852778246602,0.02391890650753685,-0.025177028841867344,0.04509919929113769,-0.03835977843338387,1.1756897754103974,0.1366664800403113,0.07354011533508763,165,0.0016325569059451239,1.0668621667280416,824,-0.0011888951647855057,0.952210652025588,False
YEAR,2023,RETURN20_TOP20PCT_SAME_DAY,DESCRIPTIVE_COHORT,21920,0.2990419708029197,23831,23776,6555,0.2750618941714573,0.2756981830417227,0.0015688721920471458,-0.0042265871040872705,-0.02345434320962686,1.0473204322474867,-0.0035091079515092104,-0.0014236372598987162,0.0010270809595890995,0.007248999403452672,0.03524978848735056,-0.0354914228239512,0.06434382044299539,-0.05424953352300149,1.1860714049405416,0.21900235531628534,0.12731325706594884,102,0.000788954992665197,1.0236944273868671,508,-0.0021078296874629783,0.9377818751919152,False
YEAR,2024,N_COMPACT_RETEST_HYPOTHESIS,FROZEN_SETUP,27203,0.0007352130279748557,42,42,20,0.47619047619047616,0.47619047619047616,0.021326834625115133,0.015416669010094922,0.012933130699088191,1.7690594955678602,-0.003830267713817704,0.01260027571931582,0.01921324293147755,0.007012352832758266,0.049793142023469204,-0.02825078873196055,0.07416459065379202,-0.04884222519347265,1.5184523301305997,0.30952380952380953,0.11904761904761904,1,0.018198460739522176,1.6406233436498747,2,0.015268005591343562,1.524356370509507,False
YEAR,2024,N_RETEST,FROZEN_SETUP,27203,0.0026467669007094806,324,323,72,0.2222222222222222,0.22291021671826625,-0.00027671578285569284,-0.0060610237050240994,-0.01552106430155209,0.9907490554212202,-0.00651042230133135,-0.00393523190539031,0.0004148734552458862,0.0014506376180009961,0.028396140224832722,-0.032182915847818856,0.05202098487070478,-0.05072893621983625,1.0254696578944487,0.16718266253869968,0.07739938080495357,2,-0.0013987141051658846,0.9535288293035867,7,-0.003882219304795422,0.8730254232425098,False
YEAR,2024,V_REVERSAL,FROZEN_SETUP,27203,0.009190162849685697,1224,1221,250,0.2042483660130719,0.20475020475020475,-0.006924173357090482,-0.012670891530091353,-0.017733990147783207,0.8004026635201928,-0.0053802235412955925,-0.009380553376799487,-0.0016915208085401718,0.002198543975679776,0.027931689870454895,-0.0381563084804652,0.0495225098456176,-0.053149264378552635,0.9317628461025598,0.15642915642915642,0.07125307125307126,6,-0.007811785440722871,0.7759227688560969,26,-0.010295787018079311,0.7095317953670187,False
YEAR,2024,MOMENTUM_DIRECTIONAL,FROZEN_SETUP,27203,0.015770319450060657,1277,1271,429,0.3359436178543461,0.33752950432730133,-0.0017503543127901605,-0.007526912110312163,-0.05232558139534882,0.9577213033947691,-0.00474670347863227,0.0004492309123944803,0.0016986046437643821,0.010490484492019237,0.05021447308426083,-0.04949077588392866,0.08794040447822206,-0.07400284292652244,1.1883381908116455,0.2840283241542093,0.2006294256490952,5,-0.002484417064439948,0.9402265559571786,25,-0.005329775440525487,0.8737948654422703,False
YEAR,2024,TREND_PULLBACK,FROZEN_SETUP,27203,0.021063853251479615,2392,2382,573,0.2395484949832776,0.24055415617128464,-0.003777059112833495,-0.009541778060816793,-0.02562539086929322,0.8890833647214682,-0.003461000525068516,-0.0036404943904819456,-0.0019989798665899575,0.0003229220920083864,0.03141212763035986,-0.035458435181432976,0.05785018170554402,-0.05527940344208102,1.0465051737788114,0.19185558354324098,0.11041141897565071,10,-0.004562849329698597,0.8665704687237051,47,-0.007271791222158242,0.7906709830126357,False
YEAR,2024,CONSOLIDATION_BREAKOUT_V2,FROZEN_SETUP,27203,0.0008454949821710841,174,174,23,0.13218390804597702,0.13218390804597702,-0.004278634467766047,-0.010041460670045993,-0.01200359389038641,0.8289714854991409,-0.0005789376749607517,-0.0012845389400189756,-0.0010942413672788156,-0.001413388328783498,0.019488565439990925,-0.021525847307736698,0.03293604108302327,-0.03618927023914708,0.9101051462318605,0.07471264367816093,0.05172413793103448,1,-0.005311566485794538,0.7889026336910537,4,-0.007927589516146158,0.6903977088566463,False
YEAR,2024,NEAR_OR_ABOVE_PRIOR20_CLOSE_HIGH_WITHIN_2PCT,DESCRIPTIVE_COHORT,27203,0.25022975407124215,32737,32614,6807,0.2079298652900388,0.20871404918133318,-0.00254140590370204,-0.008313666802695359,-0.016501825875058496,0.9180917549705152,-0.0036761195651726676,-0.0029095531065707722,-0.0018813022959001415,0.0006290278977399945,0.02832528730698641,-0.03256801075705407,0.05231405716479267,-0.05092739198520306,1.0272282778586523,0.16483718648433188,0.09728950757343473,136,-0.0033136991667537205,0.8936464782497814,678,-0.006112046562924522,0.8071068997748951,False
YEAR,2024,RETURN20_TOP20PCT_SAME_DAY,DESCRIPTIVE_COHORT,27203,0.29456309965812594,27916,27794,8013,0.28703969050007166,0.28829963301431966,-0.0032532960443438564,-0.009020956092312245,-0.050464807436918946,0.9152613941044558,-0.0037945886387001694,-0.0019780710959021027,-0.00037553101652086694,0.003401828818776513,0.039924777099757794,-0.04216302046059589,0.07167314659235362,-0.06553668311179478,1.0936340258491728,0.23505073037346189,0.14981650715981867,110,-0.003995386482421835,0.8963440316917479,548,-0.006808262890683169,0.8261615881215909,False
YEAR,2025,N_COMPACT_RETEST_HYPOTHESIS,FROZEN_SETUP,23478,0.00042593065848879803,36,36,10,0.2777777777777778,0.2777777777777778,0.0015544676652055056,-0.004238588533107587,-0.04411642385038167,1.0455504964719775,-0.004039738109178376,0.0012236139652632304,-0.009157362555475008,-0.014773292289870751,0.024151739762716718,-0.031998244137298064,0.048670971911288774,-0.06215183749636036,0.7830978756523325,0.19444444444444445,0.1111111111111111,1,-0.003581359293358715,0.8979707113317134,1,-0.003581359293358715,0.8979707113317134,True
YEAR,2025,N_RETEST,FROZEN_SETUP,23478,0.0029389215435727065,273,272,69,0.25274725274725274,0.2536764705882353,0.0002969577610175121,-0.0054901308191289185,-0.024126330003957974,1.0090128455807614,-0.002857986183543649,-0.0011934365711338134,-0.0028343674901158294,0.00022402872866782858,0.029661340958175735,-0.032960360862680366,0.055629466215941975,-0.05606787256143655,0.9921807922172509,0.22058823529411764,0.11764705882352941,2,-0.0010626142907169344,0.9679861605525418,6,-0.003679000437913455,0.8908032224553966,True
YEAR,2025,V_REVERSAL,FROZEN_SETUP,23478,0.009114916091660277,954,950,214,0.22431865828092243,0.22526315789473683,-0.004617695677734902,-0.010378863293887727,-0.019102751238499638,0.8707878977647082,-0.003936429865550078,-0.019659208401774753,-0.008947277784036811,0.0047897395601984695,0.030786215067512633,-0.05172740429938302,0.05431326312514609,-0.06585178278596972,0.8247804513003707,0.17894736842105263,0.0968421052631579,5,-0.0055849241694355825,0.8445454749115962,21,-0.00827515101244587,0.7735637671861542,False
YEAR,2025,MOMENTUM_DIRECTIONAL,FROZEN_SETUP,23478,0.01673907487860976,1267,1263,393,0.31018153117600633,0.31116389548693585,-0.0028075433794887035,-0.008577965874538398,-0.05205479452054795,0.9290415833913299,-0.0019137178822841968,-0.0013023314862068952,-0.0008830603316723384,0.009719136073447935,0.044009013549654884,-0.045205361427598095,0.07913085931152973,-0.06892086415243807,1.1481408465295697,0.2454473475851148,0.16468725257323832,5,-0.0035542213728214484,0.9105255154188767,25,-0.006396147912555548,0.8415423418712302,False
YEAR,2025,TREND_PULLBACK,FROZEN_SETUP,23478,0.018187239117471676,1898,1885,427,0.2249736564805058,0.22652519893899203,-0.004685616521554918,-0.010445509377549152,-0.02962962962962956,0.8630514584683066,-0.004842659708014309,-0.0063153381448410525,-0.003241755338383088,0.0008246965511627405,0.02980017767837726,-0.03777273463793294,0.05473070705332865,-0.05663169680018353,0.9664324070394317,0.1793103448275862,0.11458885941644563,8,-0.0054880354427199645,0.8402795611957788,37,-0.008188876145022485,0.7653580906171672,False
YEAR,2025,CONSOLIDATION_BREAKOUT_V2,FROZEN_SETUP,23478,0.0007240821194309567,170,170,17,0.1,0.1,-0.009945417633949568,-0.01567533114220658,-0.014472020759864201,0.6221210285339371,-0.0017987229773149796,-0.0010530257335928481,-0.004151741893625522,-0.008293893281833966,0.017477859202820342,-0.023176242287514272,0.0307916415717209,-0.03900288065483666,0.789470958420157,0.07058823529411765,0.03529411764705882,1,-0.011059424118894115,0.5822658351086955,4,-0.013620510561576073,0.4946616551438993,False
YEAR,2025,NEAR_OR_ABOVE_PRIOR20_CLOSE_HIGH_WITHIN_2PCT,DESCRIPTIVE_COHORT,23478,0.2182468694096601,27380,27254,5124,0.18714390065741418,0.18800909958171277,-0.0031661867400951662,-0.008934963643709479,-0.014456248119943615,0.8923667534743764,-0.002647558929166197,-0.0018160641420446075,-0.0012849843895461268,0.0016090891149476891,0.026749639804031188,-0.02943115419012063,0.0488944695395969,-0.0474872848897488,1.0296328723176142,0.14610699346884862,0.08600572393043222,112,-0.003926399964708682,0.8670721299352676,558,-0.006631213817115678,0.7791899236607388,False
YEAR,2025,RETURN20_TOP20PCT_SAME_DAY,DESCRIPTIVE_COHORT,23478,0.2631399608143794,23175,23101,6178,0.26658036677454156,0.2674343102030215,-0.003105524286153596,-0.00887417377020465,-0.04117647058823537,0.9146504309112884,-0.0030226112876015096,-0.001661736090277545,-0.0001311461864620737,0.005465992353925059,0.03726548845576741,-0.03935397921059677,0.06728536325223544,-0.06184901105261728,1.0878971564313817,0.21241504696766375,0.13086013592485174,93,-0.0038597464346104052,0.8943490841411831,462,-0.006629337192521667,0.8214487184654172,False
OVERALL,2020_2025,N_COMPACT_RETEST_HYPOTHESIS,FROZEN_SETUP,140149,0.000585091581102969,236,235,82,0.3474576271186441,0.34893617021276596,0.010662588025978742,0.004814425419808316,-0.00647948164146861,1.3674460870713343,-0.00010567830081685377,0.008312198098497044,0.00830606993646704,0.004058303551179127,0.03801790752066452,-0.025759409709244972,0.06499435784903392,-0.04961773207459932,1.309901826051141,0.23404255319148937,0.10212765957446808,2,0.009206671638932119,1.3145731927494817,6,0.006658612940489182,1.2236054517469,False
OVERALL,2020_2025,N_RETEST,FROZEN_SETUP,140149,0.0031537863274086865,1786,1781,442,0.24748040313549832,0.24817518248175183,0.0019041739805743382,-0.00389292376701517,-0.01597051597051613,1.0626177654360947,-0.0032789298620344506,-0.0007208377982777422,-0.0004966851826449948,0.0011191919303132898,0.02995666951774764,-0.03135924138615403,0.05425058696864398,-0.052319291251898624,1.0369136444805198,0.18528916339135318,0.08590679393599102,8,0.0010974946845883583,1.035928425101229,39,-0.0016756862506263513,0.9461025924385517,False
OVERALL,2020_2025,V_REVERSAL,FROZEN_SETUP,140149,0.009468494245410242,6276,6253,1327,0.21144040790312302,0.21221813529505837,-0.0040064811694547195,-0.009770221364307356,-0.01812366737739879,0.8807341865871384,-0.0047524750052949415,-0.00871344964147234,-0.0070877336709685565,0.0014315350141024604,0.027359900022716366,-0.04030416504251505,0.050385848298522364,-0.05823335439458624,0.8652403561902071,0.1570446185830801,0.0778826163441548,28,-0.0048341144376445435,0.8567413933320158,136,-0.007620719911016832,0.778078734421567,False
OVERALL,2020_2025,MOMENTUM_DIRECTIONAL,FROZEN_SETUP,140149,0.016539540060935148,7638,7615,2318,0.3034825870646766,0.30439921208141824,-0.004911197151305669,-0.010669200589556413,-0.05243902439024384,0.8809270196236406,-0.004451654515361147,-0.0030824088707909715,-0.0004015222598007994,0.007224654327964595,0.044005888194696446,-0.04767981538786119,0.07968930928614733,-0.0719439658190847,1.1076579999292728,0.2500328299409061,0.1659881812212738,30,-0.00565970771018945,0.8633198218657215,147,-0.008450556351390965,0.7990696413890979,False
OVERALL,2020_2025,TREND_PULLBACK,FROZEN_SETUP,140149,0.020335500074920264,12782,12738,2850,0.2229698012830543,0.22373999057936883,-0.0036038100757640303,-0.009369496617355838,-0.022819887584724696,0.8903755840711554,-0.0036361428977364366,-0.0026998226875178553,-0.0024649178762269743,-0.0004135672292982351,0.0301890224730876,-0.034453450860133246,0.054563641691912364,-0.053759750634166305,1.0149534000486073,0.17530224525043178,0.1009577641701994,51,-0.004352982152298904,0.8681166472943126,255,-0.007086545933564925,0.7887495076759454,False
OVERALL,2020_2025,CONSOLIDATION_BREAKOUT_V2,FROZEN_SETUP,140149,0.0011630478990217554,1362,1362,163,0.1196769456681351,0.1196769456681351,0.00014902605289284803,-0.005639669684482406,-0.0032365510306686107,1.0071655859214348,-0.00239053500373175,-0.0011070261267986435,-0.001495153754679231,0.0023897401697267756,0.017370164674309192,-0.02032765914666153,0.032554476821414824,-0.031358530858487395,1.0381378186473216,0.08002936857562408,0.038913362701908955,7,-0.0007058560881341924,0.9662349138901708,32,-0.0031624672550520077,0.8515124369103059,True
OVERALL,2020_2025,NEAR_OR_ABOVE_PRIOR20_CLOSE_HIGH_WITHIN_2PCT,DESCRIPTIVE_COHORT,140149,0.24595252195877246,179679,178900,34470,0.19184211844455945,0.1926774734488541,-0.0006832054182512451,-0.006466266708709654,-0.009559087243661335,0.975699214874701,-0.0030571024589272485,-0.0019667791375326624,-0.0008107218240859186,0.002852186872108426,0.02676714515606418,-0.029431266332941606,0.049544933127910785,-0.045981446406108725,1.0774983607590178,0.14816098378982673,0.08366126327557294,782,-0.0014779144347518564,0.947662163795564,3906,-0.00429625724921424,0.8505237826397251,False
OVERALL,2020_2025,RETURN20_TOP20PCT_SAME_DAY,DESCRIPTIVE_COHORT,140149,0.2743936810109241,140868,140310,38456,0.27299315671408697,0.2740788254579146,-0.002763702474300923,-0.008534231935880788,-0.042356323151149844,0.9251027571179273,-0.0038271083777592706,-0.0023436850724086926,-0.0008098423659594575,0.003037451941832573,0.037792854990702174,-0.040814015042770845,0.06835866737015354,-0.06369497425268957,1.073219169521323,0.21939990022093936,0.13449504668234624,569,-0.0035205126289398186,0.9049798586527147,2841,-0.0063603330070956445,0.8311229839098444,False
