time_slice_type,time_slice,left_setup,right_setup,left_winners,right_winners,intersection_winners,intersection_share_all_winners,winner_jaccard
PERIOD,HISTORICAL_DISCOVERY,N_COMPACT_RETEST_HYPOTHESIS,N_COMPACT_RETEST_HYPOTHESIS,34,34,34,0.0005033457689346835,1.0
PERIOD,HISTORICAL_DISCOVERY,N_COMPACT_RETEST_HYPOTHESIS,N_RETEST,34,229,34,0.0005033457689346835,0.14847161572052403
PERIOD,HISTORICAL_DISCOVERY,N_COMPACT_RETEST_HYPOTHESIS,V_REVERSAL,34,700,0,0.0,0.0
PERIOD,HISTORICAL_DISCOVERY,N_COMPACT_RETEST_HYPOTHESIS,MOMENTUM_DIRECTIONAL,34,1120,1,1.4804287321608338e-05,0.0008673026886383347
PERIOD,HISTORICAL_DISCOVERY,N_COMPACT_RETEST_HYPOTHESIS,TREND_PULLBACK,34,1289,0,0.0,0.0
PERIOD,HISTORICAL_DISCOVERY,N_COMPACT_RETEST_HYPOTHESIS,CONSOLIDATION_BREAKOUT_V2,34,76,0,0.0,0.0
PERIOD,HISTORICAL_DISCOVERY,N_RETEST,N_COMPACT_RETEST_HYPOTHESIS,229,34,34,0.0005033457689346835,0.14847161572052403
PERIOD,HISTORICAL_DISCOVERY,N_RETEST,N_RETEST,229,229,229,0.0033901817966483093,1.0
PERIOD,HISTORICAL_DISCOVERY,N_RETEST,V_REVERSAL,229,700,0,0.0,0.0
PERIOD,HISTORICAL_DISCOVERY,N_RETEST,MOMENTUM_DIRECTIONAL,229,1120,1,1.4804287321608338e-05,0.000741839762611276
PERIOD,HISTORICAL_DISCOVERY,N_RETEST,TREND_PULLBACK,229,1289,3,4.441286196482501e-05,0.0019801980198019802
PERIOD,HISTORICAL_DISCOVERY,N_RETEST,CONSOLIDATION_BREAKOUT_V2,229,76,0,0.0,0.0
PERIOD,HISTORICAL_DISCOVERY,V_REVERSAL,N_COMPACT_RETEST_HYPOTHESIS,700,34,0,0.0,0.0
PERIOD,HISTORICAL_DISCOVERY,V_REVERSAL,N_RETEST,700,229,0,0.0,0.0
PERIOD,HISTORICAL_DISCOVERY,V_REVERSAL,V_REVERSAL,700,700,700,0.010363001125125837,1.0
PERIOD,HISTORICAL_DISCOVERY,V_REVERSAL,MOMENTUM_DIRECTIONAL,700,1120,4,5.921714928643335e-05,0.0022026431718061676
PERIOD,HISTORICAL_DISCOVERY,V_REVERSAL,TREND_PULLBACK,700,1289,0,0.0,0.0
PERIOD,HISTORICAL_DISCOVERY,V_REVERSAL,CONSOLIDATION_BREAKOUT_V2,700,76,0,0.0,0.0
PERIOD,HISTORICAL_DISCOVERY,MOMENTUM_DIRECTIONAL,N_COMPACT_RETEST_HYPOTHESIS,1120,34,1,1.4804287321608338e-05,0.0008673026886383347
PERIOD,HISTORICAL_DISCOVERY,MOMENTUM_DIRECTIONAL,N_RETEST,1120,229,1,1.4804287321608338e-05,0.000741839762611276
PERIOD,HISTORICAL_DISCOVERY,MOMENTUM_DIRECTIONAL,V_REVERSAL,1120,700,4,5.921714928643335e-05,0.0022026431718061676
PERIOD,HISTORICAL_DISCOVERY,MOMENTUM_DIRECTIONAL,MOMENTUM_DIRECTIONAL,1120,1120,1120,0.01658080180020134,1.0
PERIOD,HISTORICAL_DISCOVERY,MOMENTUM_DIRECTIONAL,TREND_PULLBACK,1120,1289,35,0.0005181500562562918,0.014743049705139006
PERIOD,HISTORICAL_DISCOVERY,MOMENTUM_DIRECTIONAL,CONSOLIDATION_BREAKOUT_V2,1120,76,0,0.0,0.0
PERIOD,HISTORICAL_DISCOVERY,TREND_PULLBACK,N_COMPACT_RETEST_HYPOTHESIS,1289,34,0,0.0,0.0
PERIOD,HISTORICAL_DISCOVERY,TREND_PULLBACK,N_RETEST,1289,229,3,4.441286196482501e-05,0.0019801980198019802
PERIOD,HISTORICAL_DISCOVERY,TREND_PULLBACK,V_REVERSAL,1289,700,0,0.0,0.0
PERIOD,HISTORICAL_DISCOVERY,TREND_PULLBACK,MOMENTUM_DIRECTIONAL,1289,1120,35,0.0005181500562562918,0.014743049705139006
PERIOD,HISTORICAL_DISCOVERY,TREND_PULLBACK,TREND_PULLBACK,1289,1289,1289,0.019082726357553148,1.0
PERIOD,HISTORICAL_DISCOVERY,TREND_PULLBACK,CONSOLIDATION_BREAKOUT_V2,1289,76,3,4.441286196482501e-05,0.0022026431718061676
PERIOD,HISTORICAL_DISCOVERY,CONSOLIDATION_BREAKOUT_V2,N_COMPACT_RETEST_HYPOTHESIS,76,34,0,0.0,0.0
PERIOD,HISTORICAL_DISCOVERY,CONSOLIDATION_BREAKOUT_V2,N_RETEST,76,229,0,0.0,0.0
PERIOD,HISTORICAL_DISCOVERY,CONSOLIDATION_BREAKOUT_V2,V_REVERSAL,76,700,0,0.0,0.0
PERIOD,HISTORICAL_DISCOVERY,CONSOLIDATION_BREAKOUT_V2,MOMENTUM_DIRECTIONAL,76,1120,0,0.0,0.0
PERIOD,HISTORICAL_DISCOVERY,CONSOLIDATION_BREAKOUT_V2,TREND_PULLBACK,76,1289,3,4.441286196482501e-05,0.0022026431718061676
PERIOD,HISTORICAL_DISCOVERY,CONSOLIDATION_BREAKOUT_V2,CONSOLIDATION_BREAKOUT_V2,76,76,76,0.0011251258364422337,1.0
PERIOD,RETROSPECTIVE_CONFIRMATION_NOT_BLIND_OOS,N_COMPACT_RETEST_HYPOTHESIS,N_COMPACT_RETEST_HYPOTHESIS,38,38,38,0.0007735683895527554,1.0
PERIOD,RETROSPECTIVE_CONFIRMATION_NOT_BLIND_OOS,N_COMPACT_RETEST_HYPOTHESIS,N_RETEST,38,144,38,0.0007735683895527554,0.2638888888888889
PERIOD,RETROSPECTIVE_CONFIRMATION_NOT_BLIND_OOS,N_COMPACT_RETEST_HYPOTHESIS,V_REVERSAL,38,413,0,0.0,0.0
PERIOD,RETROSPECTIVE_CONFIRMATION_NOT_BLIND_OOS,N_COMPACT_RETEST_HYPOTHESIS,MOMENTUM_DIRECTIONAL,38,805,0,0.0,0.0
PERIOD,RETROSPECTIVE_CONFIRMATION_NOT_BLIND_OOS,N_COMPACT_RETEST_HYPOTHESIS,TREND_PULLBACK,38,1134,0,0.0,0.0
PERIOD,RETROSPECTIVE_CONFIRMATION_NOT_BLIND_OOS,N_COMPACT_RETEST_HYPOTHESIS,CONSOLIDATION_BREAKOUT_V2,38,70,0,0.0,0.0
PERIOD,RETROSPECTIVE_CONFIRMATION_NOT_BLIND_OOS,N_RETEST,N_COMPACT_RETEST_HYPOTHESIS,144,38,38,0.0007735683895527554,0.2638888888888889
PERIOD,RETROSPECTIVE_CONFIRMATION_NOT_BLIND_OOS,N_RETEST,N_RETEST,144,144,144,0.0029314170551472834,1.0
PERIOD,RETROSPECTIVE_CONFIRMATION_NOT_BLIND_OOS,N_RETEST,V_REVERSAL,144,413,0,0.0,0.0
PERIOD,RETROSPECTIVE_CONFIRMATION_NOT_BLIND_OOS,N_RETEST,MOMENTUM_DIRECTIONAL,144,805,0,0.0,0.0
PERIOD,RETROSPECTIVE_CONFIRMATION_NOT_BLIND_OOS,N_RETEST,TREND_PULLBACK,144,1134,1,2.0357062882967244e-05,0.0007830853563038371
PERIOD,RETROSPECTIVE_CONFIRMATION_NOT_BLIND_OOS,N_RETEST,CONSOLIDATION_BREAKOUT_V2,144,70,0,0.0,0.0
PERIOD,RETROSPECTIVE_CONFIRMATION_NOT_BLIND_OOS,V_REVERSAL,N_COMPACT_RETEST_HYPOTHESIS,413,38,0,0.0,0.0
PERIOD,RETROSPECTIVE_CONFIRMATION_NOT_BLIND_OOS,V_REVERSAL,N_RETEST,413,144,0,0.0,0.0
PERIOD,RETROSPECTIVE_CONFIRMATION_NOT_BLIND_OOS,V_REVERSAL,V_REVERSAL,413,413,413,0.008407466970665472,1.0
PERIOD,RETROSPECTIVE_CONFIRMATION_NOT_BLIND_OOS,V_REVERSAL,MOMENTUM_DIRECTIONAL,413,805,0,0.0,0.0
PERIOD,RETROSPECTIVE_CONFIRMATION_NOT_BLIND_OOS,V_REVERSAL,TREND_PULLBACK,413,1134,0,0.0,0.0
PERIOD,RETROSPECTIVE_CONFIRMATION_NOT_BLIND_OOS,V_REVERSAL,CONSOLIDATION_BREAKOUT_V2,413,70,0,0.0,0.0
PERIOD,RETROSPECTIVE_CONFIRMATION_NOT_BLIND_OOS,MOMENTUM_DIRECTIONAL,N_COMPACT_RETEST_HYPOTHESIS,805,38,0,0.0,0.0
PERIOD,RETROSPECTIVE_CONFIRMATION_NOT_BLIND_OOS,MOMENTUM_DIRECTIONAL,N_RETEST,805,144,0,0.0,0.0
PERIOD,RETROSPECTIVE_CONFIRMATION_NOT_BLIND_OOS,MOMENTUM_DIRECTIONAL,V_REVERSAL,805,413,0,0.0,0.0
PERIOD,RETROSPECTIVE_CONFIRMATION_NOT_BLIND_OOS,MOMENTUM_DIRECTIONAL,MOMENTUM_DIRECTIONAL,805,805,805,0.01638743562078863,1.0
PERIOD,RETROSPECTIVE_CONFIRMATION_NOT_BLIND_OOS,MOMENTUM_DIRECTIONAL,TREND_PULLBACK,805,1134,24,0.0004885695091912139,0.012532637075718016
PERIOD,RETROSPECTIVE_CONFIRMATION_NOT_BLIND_OOS,MOMENTUM_DIRECTIONAL,CONSOLIDATION_BREAKOUT_V2,805,70,0,0.0,0.0
PERIOD,RETROSPECTIVE_CONFIRMATION_NOT_BLIND_OOS,TREND_PULLBACK,N_COMPACT_RETEST_HYPOTHESIS,1134,38,0,0.0,0.0
PERIOD,RETROSPECTIVE_CONFIRMATION_NOT_BLIND_OOS,TREND_PULLBACK,N_RETEST,1134,144,1,2.0357062882967244e-05,0.0007830853563038371
PERIOD,RETROSPECTIVE_CONFIRMATION_NOT_BLIND_OOS,TREND_PULLBACK,V_REVERSAL,1134,413,0,0.0,0.0
PERIOD,RETROSPECTIVE_CONFIRMATION_NOT_BLIND_OOS,TREND_PULLBACK,MOMENTUM_DIRECTIONAL,1134,805,24,0.0004885695091912139,0.012532637075718016
PERIOD,RETROSPECTIVE_CONFIRMATION_NOT_BLIND_OOS,TREND_PULLBACK,TREND_PULLBACK,1134,1134,1134,0.023084909309284855,1.0
PERIOD,RETROSPECTIVE_CONFIRMATION_NOT_BLIND_OOS,TREND_PULLBACK,CONSOLIDATION_BREAKOUT_V2,1134,70,2,4.071412576593449e-05,0.0016638935108153079
PERIOD,RETROSPECTIVE_CONFIRMATION_NOT_BLIND_OOS,CONSOLIDATION_BREAKOUT_V2,N_COMPACT_RETEST_HYPOTHESIS,70,38,0,0.0,0.0
PERIOD,RETROSPECTIVE_CONFIRMATION_NOT_BLIND_OOS,CONSOLIDATION_BREAKOUT_V2,N_RETEST,70,144,0,0.0,0.0
PERIOD,RETROSPECTIVE_CONFIRMATION_NOT_BLIND_OOS,CONSOLIDATION_BREAKOUT_V2,V_REVERSAL,70,413,0,0.0,0.0
PERIOD,RETROSPECTIVE_CONFIRMATION_NOT_BLIND_OOS,CONSOLIDATION_BREAKOUT_V2,MOMENTUM_DIRECTIONAL,70,805,0,0.0,0.0
PERIOD,RETROSPECTIVE_CONFIRMATION_NOT_BLIND_OOS,CONSOLIDATION_BREAKOUT_V2,TREND_PULLBACK,70,1134,2,4.071412576593449e-05,0.0016638935108153079
PERIOD,RETROSPECTIVE_CONFIRMATION_NOT_BLIND_OOS,CONSOLIDATION_BREAKOUT_V2,CONSOLIDATION_BREAKOUT_V2,70,70,70,0.0014249944018077073,1.0
PERIOD,STRESS_PREVALENCE_SEEN_NOT_BLIND,N_COMPACT_RETEST_HYPOTHESIS,N_COMPACT_RETEST_HYPOTHESIS,10,10,10,0.00042593065848879803,1.0
PERIOD,STRESS_PREVALENCE_SEEN_NOT_BLIND,N_COMPACT_RETEST_HYPOTHESIS,N_RETEST,10,69,10,0.00042593065848879803,0.14492753623188406
PERIOD,STRESS_PREVALENCE_SEEN_NOT_BLIND,N_COMPACT_RETEST_HYPOTHESIS,V_REVERSAL,10,214,0,0.0,0.0
PERIOD,STRESS_PREVALENCE_SEEN_NOT_BLIND,N_COMPACT_RETEST_HYPOTHESIS,MOMENTUM_DIRECTIONAL,10,393,0,0.0,0.0
PERIOD,STRESS_PREVALENCE_SEEN_NOT_BLIND,N_COMPACT_RETEST_HYPOTHESIS,TREND_PULLBACK,10,427,0,0.0,0.0
PERIOD,STRESS_PREVALENCE_SEEN_NOT_BLIND,N_COMPACT_RETEST_HYPOTHESIS,CONSOLIDATION_BREAKOUT_V2,10,17,0,0.0,0.0
PERIOD,STRESS_PREVALENCE_SEEN_NOT_BLIND,N_RETEST,N_COMPACT_RETEST_HYPOTHESIS,69,10,10,0.00042593065848879803,0.14492753623188406
PERIOD,STRESS_PREVALENCE_SEEN_NOT_BLIND,N_RETEST,N_RETEST,69,69,69,0.0029389215435727065,1.0
PERIOD,STRESS_PREVALENCE_SEEN_NOT_BLIND,N_RETEST,V_REVERSAL,69,214,0,0.0,0.0
PERIOD,STRESS_PREVALENCE_SEEN_NOT_BLIND,N_RETEST,MOMENTUM_DIRECTIONAL,69,393,0,0.0,0.0
PERIOD,STRESS_PREVALENCE_SEEN_NOT_BLIND,N_RETEST,TREND_PULLBACK,69,427,0,0.0,0.0
PERIOD,STRESS_PREVALENCE_SEEN_NOT_BLIND,N_RETEST,CONSOLIDATION_BREAKOUT_V2,69,17,0,0.0,0.0
PERIOD,STRESS_PREVALENCE_SEEN_NOT_BLIND,V_REVERSAL,N_COMPACT_RETEST_HYPOTHESIS,214,10,0,0.0,0.0
PERIOD,STRESS_PREVALENCE_SEEN_NOT_BLIND,V_REVERSAL,N_RETEST,214,69,0,0.0,0.0
PERIOD,STRESS_PREVALENCE_SEEN_NOT_BLIND,V_REVERSAL,V_REVERSAL,214,214,214,0.009114916091660277,1.0
PERIOD,STRESS_PREVALENCE_SEEN_NOT_BLIND,V_REVERSAL,MOMENTUM_DIRECTIONAL,214,393,1,4.25930658488798e-05,0.0016501650165016502
PERIOD,STRESS_PREVALENCE_SEEN_NOT_BLIND,V_REVERSAL,TREND_PULLBACK,214,427,0,0.0,0.0
PERIOD,STRESS_PREVALENCE_SEEN_NOT_BLIND,V_REVERSAL,CONSOLIDATION_BREAKOUT_V2,214,17,0,0.0,0.0
PERIOD,STRESS_PREVALENCE_SEEN_NOT_BLIND,MOMENTUM_DIRECTIONAL,N_COMPACT_RETEST_HYPOTHESIS,393,10,0,0.0,0.0
PERIOD,STRESS_PREVALENCE_SEEN_NOT_BLIND,MOMENTUM_DIRECTIONAL,N_RETEST,393,69,0,0.0,0.0
PERIOD,STRESS_PREVALENCE_SEEN_NOT_BLIND,MOMENTUM_DIRECTIONAL,V_REVERSAL,393,214,1,4.25930658488798e-05,0.0016501650165016502
PERIOD,STRESS_PREVALENCE_SEEN_NOT_BLIND,MOMENTUM_DIRECTIONAL,MOMENTUM_DIRECTIONAL,393,393,393,0.01673907487860976,1.0
PERIOD,STRESS_PREVALENCE_SEEN_NOT_BLIND,MOMENTUM_DIRECTIONAL,TREND_PULLBACK,393,427,15,0.000638895987733197,0.018633540372670808
PERIOD,STRESS_PREVALENCE_SEEN_NOT_BLIND,MOMENTUM_DIRECTIONAL,CONSOLIDATION_BREAKOUT_V2,393,17,0,0.0,0.0
PERIOD,STRESS_PREVALENCE_SEEN_NOT_BLIND,TREND_PULLBACK,N_COMPACT_RETEST_HYPOTHESIS,427,10,0,0.0,0.0
PERIOD,STRESS_PREVALENCE_SEEN_NOT_BLIND,TREND_PULLBACK,N_RETEST,427,69,0,0.0,0.0
PERIOD,STRESS_PREVALENCE_SEEN_NOT_BLIND,TREND_PULLBACK,V_REVERSAL,427,214,0,0.0,0.0
PERIOD,STRESS_PREVALENCE_SEEN_NOT_BLIND,TREND_PULLBACK,MOMENTUM_DIRECTIONAL,427,393,15,0.000638895987733197,0.018633540372670808
PERIOD,STRESS_PREVALENCE_SEEN_NOT_BLIND,TREND_PULLBACK,TREND_PULLBACK,427,427,427,0.018187239117471676,1.0
PERIOD,STRESS_PREVALENCE_SEEN_NOT_BLIND,TREND_PULLBACK,CONSOLIDATION_BREAKOUT_V2,427,17,1,4.25930658488798e-05,0.002257336343115124
PERIOD,STRESS_PREVALENCE_SEEN_NOT_BLIND,CONSOLIDATION_BREAKOUT_V2,N_COMPACT_RETEST_HYPOTHESIS,17,10,0,0.0,0.0
PERIOD,STRESS_PREVALENCE_SEEN_NOT_BLIND,CONSOLIDATION_BREAKOUT_V2,N_RETEST,17,69,0,0.0,0.0
PERIOD,STRESS_PREVALENCE_SEEN_NOT_BLIND,CONSOLIDATION_BREAKOUT_V2,V_REVERSAL,17,214,0,0.0,0.0
PERIOD,STRESS_PREVALENCE_SEEN_NOT_BLIND,CONSOLIDATION_BREAKOUT_V2,MOMENTUM_DIRECTIONAL,17,393,0,0.0,0.0
PERIOD,STRESS_PREVALENCE_SEEN_NOT_BLIND,CONSOLIDATION_BREAKOUT_V2,TREND_PULLBACK,17,427,1,4.25930658488798e-05,0.002257336343115124
PERIOD,STRESS_PREVALENCE_SEEN_NOT_BLIND,CONSOLIDATION_BREAKOUT_V2,CONSOLIDATION_BREAKOUT_V2,17,17,17,0.0007240821194309567,1.0
YEAR,2020,N_COMPACT_RETEST_HYPOTHESIS,N_COMPACT_RETEST_HYPOTHESIS,5,5,5,0.00023216939078751856,1.0
YEAR,2020,N_COMPACT_RETEST_HYPOTHESIS,N_RETEST,5,48,5,0.00023216939078751856,0.10416666666666667
YEAR,2020,N_COMPACT_RETEST_HYPOTHESIS,V_REVERSAL,5,189,0,0.0,0.0
YEAR,2020,N_COMPACT_RETEST_HYPOTHESIS,MOMENTUM_DIRECTIONAL,5,394,0,0.0,0.0
YEAR,2020,N_COMPACT_RETEST_HYPOTHESIS,TREND_PULLBACK,5,468,0,0.0,0.0
YEAR,2020,N_COMPACT_RETEST_HYPOTHESIS,CONSOLIDATION_BREAKOUT_V2,5,23,0,0.0,0.0
YEAR,2020,N_RETEST,N_COMPACT_RETEST_HYPOTHESIS,48,5,5,0.00023216939078751856,0.10416666666666667
YEAR,2020,N_RETEST,N_RETEST,48,48,48,0.002228826151560178,1.0
YEAR,2020,N_RETEST,V_REVERSAL,48,189,0,0.0,0.0
YEAR,2020,N_RETEST,MOMENTUM_DIRECTIONAL,48,394,0,0.0,0.0
YEAR,2020,N_RETEST,TREND_PULLBACK,48,468,2,9.286775631500742e-05,0.0038910505836575876
YEAR,2020,N_RETEST,CONSOLIDATION_BREAKOUT_V2,48,23,0,0.0,0.0
YEAR,2020,V_REVERSAL,N_COMPACT_RETEST_HYPOTHESIS,189,5,0,0.0,0.0
YEAR,2020,V_REVERSAL,N_RETEST,189,48,0,0.0,0.0
YEAR,2020,V_REVERSAL,V_REVERSAL,189,189,189,0.008776002971768202,1.0
YEAR,2020,V_REVERSAL,MOMENTUM_DIRECTIONAL,189,394,1,4.643387815750371e-05,0.001718213058419244
YEAR,2020,V_REVERSAL,TREND_PULLBACK,189,468,0,0.0,0.0
YEAR,2020,V_REVERSAL,CONSOLIDATION_BREAKOUT_V2,189,23,0,0.0,0.0
YEAR,2020,MOMENTUM_DIRECTIONAL,N_COMPACT_RETEST_HYPOTHESIS,394,5,0,0.0,0.0
YEAR,2020,MOMENTUM_DIRECTIONAL,N_RETEST,394,48,0,0.0,0.0
YEAR,2020,MOMENTUM_DIRECTIONAL,V_REVERSAL,394,189,1,4.643387815750371e-05,0.001718213058419244
YEAR,2020,MOMENTUM_DIRECTIONAL,MOMENTUM_DIRECTIONAL,394,394,394,0.018294947994056465,1.0
YEAR,2020,MOMENTUM_DIRECTIONAL,TREND_PULLBACK,394,468,16,0.0007429420505200594,0.018912529550827423
YEAR,2020,MOMENTUM_DIRECTIONAL,CONSOLIDATION_BREAKOUT_V2,394,23,0,0.0,0.0
YEAR,2020,TREND_PULLBACK,N_COMPACT_RETEST_HYPOTHESIS,468,5,0,0.0,0.0
YEAR,2020,TREND_PULLBACK,N_RETEST,468,48,2,9.286775631500742e-05,0.0038910505836575876
YEAR,2020,TREND_PULLBACK,V_REVERSAL,468,189,0,0.0,0.0
YEAR,2020,TREND_PULLBACK,MOMENTUM_DIRECTIONAL,468,394,16,0.0007429420505200594,0.018912529550827423
YEAR,2020,TREND_PULLBACK,TREND_PULLBACK,468,468,468,0.021731054977711738,1.0
YEAR,2020,TREND_PULLBACK,CONSOLIDATION_BREAKOUT_V2,468,23,2,9.286775631500742e-05,0.00408997955010225
YEAR,2020,CONSOLIDATION_BREAKOUT_V2,N_COMPACT_RETEST_HYPOTHESIS,23,5,0,0.0,0.0
YEAR,2020,CONSOLIDATION_BREAKOUT_V2,N_RETEST,23,48,0,0.0,0.0
YEAR,2020,CONSOLIDATION_BREAKOUT_V2,V_REVERSAL,23,189,0,0.0,0.0
YEAR,2020,CONSOLIDATION_BREAKOUT_V2,MOMENTUM_DIRECTIONAL,23,394,0,0.0,0.0
YEAR,2020,CONSOLIDATION_BREAKOUT_V2,TREND_PULLBACK,23,468,2,9.286775631500742e-05,0.00408997955010225
YEAR,2020,CONSOLIDATION_BREAKOUT_V2,CONSOLIDATION_BREAKOUT_V2,23,23,23,0.0010679791976225853,1.0
YEAR,2021,N_COMPACT_RETEST_HYPOTHESIS,N_COMPACT_RETEST_HYPOTHESIS,13,13,13,0.0004436254436254436,1.0
YEAR,2021,N_COMPACT_RETEST_HYPOTHESIS,N_RETEST,13,72,13,0.0004436254436254436,0.18055555555555555
YEAR,2021,N_COMPACT_RETEST_HYPOTHESIS,V_REVERSAL,13,270,0,0.0,0.0
YEAR,2021,N_COMPACT_RETEST_HYPOTHESIS,MOMENTUM_DIRECTIONAL,13,420,1,3.412503412503413e-05,0.0023148148148148147
YEAR,2021,N_COMPACT_RETEST_HYPOTHESIS,TREND_PULLBACK,13,600,0,0.0,0.0
YEAR,2021,N_COMPACT_RETEST_HYPOTHESIS,CONSOLIDATION_BREAKOUT_V2,13,32,0,0.0,0.0
YEAR,2021,N_RETEST,N_COMPACT_RETEST_HYPOTHESIS,72,13,13,0.0004436254436254436,0.18055555555555555
YEAR,2021,N_RETEST,N_RETEST,72,72,72,0.002457002457002457,1.0
YEAR,2021,N_RETEST,V_REVERSAL,72,270,0,0.0,0.0
YEAR,2021,N_RETEST,MOMENTUM_DIRECTIONAL,72,420,1,3.412503412503413e-05,0.002036659877800407
YEAR,2021,N_RETEST,TREND_PULLBACK,72,600,1,3.412503412503413e-05,0.0014903129657228018
YEAR,2021,N_RETEST,CONSOLIDATION_BREAKOUT_V2,72,32,0,0.0,0.0
YEAR,2021,V_REVERSAL,N_COMPACT_RETEST_HYPOTHESIS,270,13,0,0.0,0.0
YEAR,2021,V_REVERSAL,N_RETEST,270,72,0,0.0,0.0
YEAR,2021,V_REVERSAL,V_REVERSAL,270,270,270,0.009213759213759214,1.0
YEAR,2021,V_REVERSAL,MOMENTUM_DIRECTIONAL,270,420,1,3.412503412503413e-05,0.001451378809869376
YEAR,2021,V_REVERSAL,TREND_PULLBACK,270,600,0,0.0,0.0
YEAR,2021,V_REVERSAL,CONSOLIDATION_BREAKOUT_V2,270,32,0,0.0,0.0
YEAR,2021,MOMENTUM_DIRECTIONAL,N_COMPACT_RETEST_HYPOTHESIS,420,13,1,3.412503412503413e-05,0.0023148148148148147
YEAR,2021,MOMENTUM_DIRECTIONAL,N_RETEST,420,72,1,3.412503412503413e-05,0.002036659877800407
YEAR,2021,MOMENTUM_DIRECTIONAL,V_REVERSAL,420,270,1,3.412503412503413e-05,0.001451378809869376
YEAR,2021,MOMENTUM_DIRECTIONAL,MOMENTUM_DIRECTIONAL,420,420,420,0.014332514332514333,1.0
YEAR,2021,MOMENTUM_DIRECTIONAL,TREND_PULLBACK,420,600,9,0.0003071253071253071,0.008902077151335312
YEAR,2021,MOMENTUM_DIRECTIONAL,CONSOLIDATION_BREAKOUT_V2,420,32,0,0.0,0.0
YEAR,2021,TREND_PULLBACK,N_COMPACT_RETEST_HYPOTHESIS,600,13,0,0.0,0.0
YEAR,2021,TREND_PULLBACK,N_RETEST,600,72,1,3.412503412503413e-05,0.0014903129657228018
YEAR,2021,TREND_PULLBACK,V_REVERSAL,600,270,0,0.0,0.0
YEAR,2021,TREND_PULLBACK,MOMENTUM_DIRECTIONAL,600,420,9,0.0003071253071253071,0.008902077151335312
YEAR,2021,TREND_PULLBACK,TREND_PULLBACK,600,600,600,0.020475020475020474,1.0
YEAR,2021,TREND_PULLBACK,CONSOLIDATION_BREAKOUT_V2,600,32,0,0.0,0.0
YEAR,2021,CONSOLIDATION_BREAKOUT_V2,N_COMPACT_RETEST_HYPOTHESIS,32,13,0,0.0,0.0
YEAR,2021,CONSOLIDATION_BREAKOUT_V2,N_RETEST,32,72,0,0.0,0.0
YEAR,2021,CONSOLIDATION_BREAKOUT_V2,V_REVERSAL,32,270,0,0.0,0.0
YEAR,2021,CONSOLIDATION_BREAKOUT_V2,MOMENTUM_DIRECTIONAL,32,420,0,0.0,0.0
YEAR,2021,CONSOLIDATION_BREAKOUT_V2,TREND_PULLBACK,32,600,0,0.0,0.0
YEAR,2021,CONSOLIDATION_BREAKOUT_V2,CONSOLIDATION_BREAKOUT_V2,32,32,32,0.001092001092001092,1.0
YEAR,2022,N_COMPACT_RETEST_HYPOTHESIS,N_COMPACT_RETEST_HYPOTHESIS,16,16,16,0.0009576250897773521,1.0
YEAR,2022,N_COMPACT_RETEST_HYPOTHESIS,N_RETEST,16,109,16,0.0009576250897773521,0.14678899082568808
YEAR,2022,N_COMPACT_RETEST_HYPOTHESIS,V_REVERSAL,16,241,0,0.0,0.0
YEAR,2022,N_COMPACT_RETEST_HYPOTHESIS,MOMENTUM_DIRECTIONAL,16,306,0,0.0,0.0
YEAR,2022,N_COMPACT_RETEST_HYPOTHESIS,TREND_PULLBACK,16,221,0,0.0,0.0
YEAR,2022,N_COMPACT_RETEST_HYPOTHESIS,CONSOLIDATION_BREAKOUT_V2,16,21,0,0.0,0.0
YEAR,2022,N_RETEST,N_COMPACT_RETEST_HYPOTHESIS,109,16,16,0.0009576250897773521,0.14678899082568808
YEAR,2022,N_RETEST,N_RETEST,109,109,109,0.0065238209241082114,1.0
YEAR,2022,N_RETEST,V_REVERSAL,109,241,0,0.0,0.0
YEAR,2022,N_RETEST,MOMENTUM_DIRECTIONAL,109,306,0,0.0,0.0
YEAR,2022,N_RETEST,TREND_PULLBACK,109,221,0,0.0,0.0
YEAR,2022,N_RETEST,CONSOLIDATION_BREAKOUT_V2,109,21,0,0.0,0.0
YEAR,2022,V_REVERSAL,N_COMPACT_RETEST_HYPOTHESIS,241,16,0,0.0,0.0
YEAR,2022,V_REVERSAL,N_RETEST,241,109,0,0.0,0.0
YEAR,2022,V_REVERSAL,V_REVERSAL,241,241,241,0.014424227914771368,1.0
YEAR,2022,V_REVERSAL,MOMENTUM_DIRECTIONAL,241,306,2,0.00011970313622216902,0.003669724770642202
YEAR,2022,V_REVERSAL,TREND_PULLBACK,241,221,0,0.0,0.0
YEAR,2022,V_REVERSAL,CONSOLIDATION_BREAKOUT_V2,241,21,0,0.0,0.0
YEAR,2022,MOMENTUM_DIRECTIONAL,N_COMPACT_RETEST_HYPOTHESIS,306,16,0,0.0,0.0
YEAR,2022,MOMENTUM_DIRECTIONAL,N_RETEST,306,109,0,0.0,0.0
YEAR,2022,MOMENTUM_DIRECTIONAL,V_REVERSAL,306,241,2,0.00011970313622216902,0.003669724770642202
YEAR,2022,MOMENTUM_DIRECTIONAL,MOMENTUM_DIRECTIONAL,306,306,306,0.01831457984199186,1.0
YEAR,2022,MOMENTUM_DIRECTIONAL,TREND_PULLBACK,306,221,10,0.0005985156811108451,0.019342359767891684
YEAR,2022,MOMENTUM_DIRECTIONAL,CONSOLIDATION_BREAKOUT_V2,306,21,0,0.0,0.0
YEAR,2022,TREND_PULLBACK,N_COMPACT_RETEST_HYPOTHESIS,221,16,0,0.0,0.0
YEAR,2022,TREND_PULLBACK,N_RETEST,221,109,0,0.0,0.0
YEAR,2022,TREND_PULLBACK,V_REVERSAL,221,241,0,0.0,0.0
YEAR,2022,TREND_PULLBACK,MOMENTUM_DIRECTIONAL,221,306,10,0.0005985156811108451,0.019342359767891684
YEAR,2022,TREND_PULLBACK,TREND_PULLBACK,221,221,221,0.013227196552549676,1.0
YEAR,2022,TREND_PULLBACK,CONSOLIDATION_BREAKOUT_V2,221,21,1,5.985156811108451e-05,0.004149377593360996
YEAR,2022,CONSOLIDATION_BREAKOUT_V2,N_COMPACT_RETEST_HYPOTHESIS,21,16,0,0.0,0.0
YEAR,2022,CONSOLIDATION_BREAKOUT_V2,N_RETEST,21,109,0,0.0,0.0
YEAR,2022,CONSOLIDATION_BREAKOUT_V2,V_REVERSAL,21,241,0,0.0,0.0
YEAR,2022,CONSOLIDATION_BREAKOUT_V2,MOMENTUM_DIRECTIONAL,21,306,0,0.0,0.0
YEAR,2022,CONSOLIDATION_BREAKOUT_V2,TREND_PULLBACK,21,221,1,5.985156811108451e-05,0.004149377593360996
YEAR,2022,CONSOLIDATION_BREAKOUT_V2,CONSOLIDATION_BREAKOUT_V2,21,21,21,0.0012568829303327748,1.0
YEAR,2023,N_COMPACT_RETEST_HYPOTHESIS,N_COMPACT_RETEST_HYPOTHESIS,18,18,18,0.0008211678832116788,1.0
YEAR,2023,N_COMPACT_RETEST_HYPOTHESIS,N_RETEST,18,72,18,0.0008211678832116788,0.25
YEAR,2023,N_COMPACT_RETEST_HYPOTHESIS,V_REVERSAL,18,163,0,0.0,0.0
YEAR,2023,N_COMPACT_RETEST_HYPOTHESIS,MOMENTUM_DIRECTIONAL,18,376,0,0.0,0.0
YEAR,2023,N_COMPACT_RETEST_HYPOTHESIS,TREND_PULLBACK,18,561,0,0.0,0.0
YEAR,2023,N_COMPACT_RETEST_HYPOTHESIS,CONSOLIDATION_BREAKOUT_V2,18,47,0,0.0,0.0
YEAR,2023,N_RETEST,N_COMPACT_RETEST_HYPOTHESIS,72,18,18,0.0008211678832116788,0.25
YEAR,2023,N_RETEST,N_RETEST,72,72,72,0.0032846715328467154,1.0
YEAR,2023,N_RETEST,V_REVERSAL,72,163,0,0.0,0.0
YEAR,2023,N_RETEST,MOMENTUM_DIRECTIONAL,72,376,0,0.0,0.0
YEAR,2023,N_RETEST,TREND_PULLBACK,72,561,1,4.562043795620438e-05,0.0015822784810126582
YEAR,2023,N_RETEST,CONSOLIDATION_BREAKOUT_V2,72,47,0,0.0,0.0
YEAR,2023,V_REVERSAL,N_COMPACT_RETEST_HYPOTHESIS,163,18,0,0.0,0.0
YEAR,2023,V_REVERSAL,N_RETEST,163,72,0,0.0,0.0
YEAR,2023,V_REVERSAL,V_REVERSAL,163,163,163,0.007436131386861314,1.0
YEAR,2023,V_REVERSAL,MOMENTUM_DIRECTIONAL,163,376,0,0.0,0.0
YEAR,2023,V_REVERSAL,TREND_PULLBACK,163,561,0,0.0,0.0
YEAR,2023,V_REVERSAL,CONSOLIDATION_BREAKOUT_V2,163,47,0,0.0,0.0
YEAR,2023,MOMENTUM_DIRECTIONAL,N_COMPACT_RETEST_HYPOTHESIS,376,18,0,0.0,0.0
YEAR,2023,MOMENTUM_DIRECTIONAL,N_RETEST,376,72,0,0.0,0.0
YEAR,2023,MOMENTUM_DIRECTIONAL,V_REVERSAL,376,163,0,0.0,0.0
YEAR,2023,MOMENTUM_DIRECTIONAL,MOMENTUM_DIRECTIONAL,376,376,376,0.017153284671532848,1.0
YEAR,2023,MOMENTUM_DIRECTIONAL,TREND_PULLBACK,376,561,13,0.0005930656934306569,0.01406926406926407
YEAR,2023,MOMENTUM_DIRECTIONAL,CONSOLIDATION_BREAKOUT_V2,376,47,0,0.0,0.0
YEAR,2023,TREND_PULLBACK,N_COMPACT_RETEST_HYPOTHESIS,561,18,0,0.0,0.0
YEAR,2023,TREND_PULLBACK,N_RETEST,561,72,1,4.562043795620438e-05,0.0015822784810126582
YEAR,2023,TREND_PULLBACK,V_REVERSAL,561,163,0,0.0,0.0
YEAR,2023,TREND_PULLBACK,MOMENTUM_DIRECTIONAL,561,376,13,0.0005930656934306569,0.01406926406926407
YEAR,2023,TREND_PULLBACK,TREND_PULLBACK,561,561,561,0.02559306569343066,1.0
YEAR,2023,TREND_PULLBACK,CONSOLIDATION_BREAKOUT_V2,561,47,1,4.562043795620438e-05,0.0016474464579901153
YEAR,2023,CONSOLIDATION_BREAKOUT_V2,N_COMPACT_RETEST_HYPOTHESIS,47,18,0,0.0,0.0
YEAR,2023,CONSOLIDATION_BREAKOUT_V2,N_RETEST,47,72,0,0.0,0.0
YEAR,2023,CONSOLIDATION_BREAKOUT_V2,V_REVERSAL,47,163,0,0.0,0.0
YEAR,2023,CONSOLIDATION_BREAKOUT_V2,MOMENTUM_DIRECTIONAL,47,376,0,0.0,0.0
YEAR,2023,CONSOLIDATION_BREAKOUT_V2,TREND_PULLBACK,47,561,1,4.562043795620438e-05,0.0016474464579901153
YEAR,2023,CONSOLIDATION_BREAKOUT_V2,CONSOLIDATION_BREAKOUT_V2,47,47,47,0.002144160583941606,1.0
YEAR,2024,N_COMPACT_RETEST_HYPOTHESIS,N_COMPACT_RETEST_HYPOTHESIS,20,20,20,0.0007352130279748557,1.0
YEAR,2024,N_COMPACT_RETEST_HYPOTHESIS,N_RETEST,20,72,20,0.0007352130279748557,0.2777777777777778
YEAR,2024,N_COMPACT_RETEST_HYPOTHESIS,V_REVERSAL,20,250,0,0.0,0.0
YEAR,2024,N_COMPACT_RETEST_HYPOTHESIS,MOMENTUM_DIRECTIONAL,20,429,0,0.0,0.0
YEAR,2024,N_COMPACT_RETEST_HYPOTHESIS,TREND_PULLBACK,20,573,0,0.0,0.0
YEAR,2024,N_COMPACT_RETEST_HYPOTHESIS,CONSOLIDATION_BREAKOUT_V2,20,23,0,0.0,0.0
YEAR,2024,N_RETEST,N_COMPACT_RETEST_HYPOTHESIS,72,20,20,0.0007352130279748557,0.2777777777777778
YEAR,2024,N_RETEST,N_RETEST,72,72,72,0.0026467669007094806,1.0
YEAR,2024,N_RETEST,V_REVERSAL,72,250,0,0.0,0.0
YEAR,2024,N_RETEST,MOMENTUM_DIRECTIONAL,72,429,0,0.0,0.0
YEAR,2024,N_RETEST,TREND_PULLBACK,72,573,0,0.0,0.0
YEAR,2024,N_RETEST,CONSOLIDATION_BREAKOUT_V2,72,23,0,0.0,0.0
YEAR,2024,V_REVERSAL,N_COMPACT_RETEST_HYPOTHESIS,250,20,0,0.0,0.0
YEAR,2024,V_REVERSAL,N_RETEST,250,72,0,0.0,0.0
YEAR,2024,V_REVERSAL,V_REVERSAL,250,250,250,0.009190162849685697,1.0
YEAR,2024,V_REVERSAL,MOMENTUM_DIRECTIONAL,250,429,0,0.0,0.0
YEAR,2024,V_REVERSAL,TREND_PULLBACK,250,573,0,0.0,0.0
YEAR,2024,V_REVERSAL,CONSOLIDATION_BREAKOUT_V2,250,23,0,0.0,0.0
YEAR,2024,MOMENTUM_DIRECTIONAL,N_COMPACT_RETEST_HYPOTHESIS,429,20,0,0.0,0.0
YEAR,2024,MOMENTUM_DIRECTIONAL,N_RETEST,429,72,0,0.0,0.0
YEAR,2024,MOMENTUM_DIRECTIONAL,V_REVERSAL,429,250,0,0.0,0.0
YEAR,2024,MOMENTUM_DIRECTIONAL,MOMENTUM_DIRECTIONAL,429,429,429,0.015770319450060657,1.0
YEAR,2024,MOMENTUM_DIRECTIONAL,TREND_PULLBACK,429,573,11,0.0004043671653861706,0.011099899091826439
YEAR,2024,MOMENTUM_DIRECTIONAL,CONSOLIDATION_BREAKOUT_V2,429,23,0,0.0,0.0
YEAR,2024,TREND_PULLBACK,N_COMPACT_RETEST_HYPOTHESIS,573,20,0,0.0,0.0
YEAR,2024,TREND_PULLBACK,N_RETEST,573,72,0,0.0,0.0
YEAR,2024,TREND_PULLBACK,V_REVERSAL,573,250,0,0.0,0.0
YEAR,2024,TREND_PULLBACK,MOMENTUM_DIRECTIONAL,573,429,11,0.0004043671653861706,0.011099899091826439
YEAR,2024,TREND_PULLBACK,TREND_PULLBACK,573,573,573,0.021063853251479615,1.0
YEAR,2024,TREND_PULLBACK,CONSOLIDATION_BREAKOUT_V2,573,23,1,3.676065139874279e-05,0.0016806722689075631
YEAR,2024,CONSOLIDATION_BREAKOUT_V2,N_COMPACT_RETEST_HYPOTHESIS,23,20,0,0.0,0.0
YEAR,2024,CONSOLIDATION_BREAKOUT_V2,N_RETEST,23,72,0,0.0,0.0
YEAR,2024,CONSOLIDATION_BREAKOUT_V2,V_REVERSAL,23,250,0,0.0,0.0
YEAR,2024,CONSOLIDATION_BREAKOUT_V2,MOMENTUM_DIRECTIONAL,23,429,0,0.0,0.0
YEAR,2024,CONSOLIDATION_BREAKOUT_V2,TREND_PULLBACK,23,573,1,3.676065139874279e-05,0.0016806722689075631
YEAR,2024,CONSOLIDATION_BREAKOUT_V2,CONSOLIDATION_BREAKOUT_V2,23,23,23,0.0008454949821710841,1.0
YEAR,2025,N_COMPACT_RETEST_HYPOTHESIS,N_COMPACT_RETEST_HYPOTHESIS,10,10,10,0.00042593065848879803,1.0
YEAR,2025,N_COMPACT_RETEST_HYPOTHESIS,N_RETEST,10,69,10,0.00042593065848879803,0.14492753623188406
YEAR,2025,N_COMPACT_RETEST_HYPOTHESIS,V_REVERSAL,10,214,0,0.0,0.0
YEAR,2025,N_COMPACT_RETEST_HYPOTHESIS,MOMENTUM_DIRECTIONAL,10,393,0,0.0,0.0
YEAR,2025,N_COMPACT_RETEST_HYPOTHESIS,TREND_PULLBACK,10,427,0,0.0,0.0
YEAR,2025,N_COMPACT_RETEST_HYPOTHESIS,CONSOLIDATION_BREAKOUT_V2,10,17,0,0.0,0.0
YEAR,2025,N_RETEST,N_COMPACT_RETEST_HYPOTHESIS,69,10,10,0.00042593065848879803,0.14492753623188406
YEAR,2025,N_RETEST,N_RETEST,69,69,69,0.0029389215435727065,1.0
YEAR,2025,N_RETEST,V_REVERSAL,69,214,0,0.0,0.0
YEAR,2025,N_RETEST,MOMENTUM_DIRECTIONAL,69,393,0,0.0,0.0
YEAR,2025,N_RETEST,TREND_PULLBACK,69,427,0,0.0,0.0
YEAR,2025,N_RETEST,CONSOLIDATION_BREAKOUT_V2,69,17,0,0.0,0.0
YEAR,2025,V_REVERSAL,N_COMPACT_RETEST_HYPOTHESIS,214,10,0,0.0,0.0
YEAR,2025,V_REVERSAL,N_RETEST,214,69,0,0.0,0.0
YEAR,2025,V_REVERSAL,V_REVERSAL,214,214,214,0.009114916091660277,1.0
YEAR,2025,V_REVERSAL,MOMENTUM_DIRECTIONAL,214,393,1,4.25930658488798e-05,0.0016501650165016502
YEAR,2025,V_REVERSAL,TREND_PULLBACK,214,427,0,0.0,0.0
YEAR,2025,V_REVERSAL,CONSOLIDATION_BREAKOUT_V2,214,17,0,0.0,0.0
YEAR,2025,MOMENTUM_DIRECTIONAL,N_COMPACT_RETEST_HYPOTHESIS,393,10,0,0.0,0.0
YEAR,2025,MOMENTUM_DIRECTIONAL,N_RETEST,393,69,0,0.0,0.0
YEAR,2025,MOMENTUM_DIRECTIONAL,V_REVERSAL,393,214,1,4.25930658488798e-05,0.0016501650165016502
YEAR,2025,MOMENTUM_DIRECTIONAL,MOMENTUM_DIRECTIONAL,393,393,393,0.01673907487860976,1.0
YEAR,2025,MOMENTUM_DIRECTIONAL,TREND_PULLBACK,393,427,15,0.000638895987733197,0.018633540372670808
YEAR,2025,MOMENTUM_DIRECTIONAL,CONSOLIDATION_BREAKOUT_V2,393,17,0,0.0,0.0
YEAR,2025,TREND_PULLBACK,N_COMPACT_RETEST_HYPOTHESIS,427,10,0,0.0,0.0
YEAR,2025,TREND_PULLBACK,N_RETEST,427,69,0,0.0,0.0
YEAR,2025,TREND_PULLBACK,V_REVERSAL,427,214,0,0.0,0.0
YEAR,2025,TREND_PULLBACK,MOMENTUM_DIRECTIONAL,427,393,15,0.000638895987733197,0.018633540372670808
YEAR,2025,TREND_PULLBACK,TREND_PULLBACK,427,427,427,0.018187239117471676,1.0
YEAR,2025,TREND_PULLBACK,CONSOLIDATION_BREAKOUT_V2,427,17,1,4.25930658488798e-05,0.002257336343115124
YEAR,2025,CONSOLIDATION_BREAKOUT_V2,N_COMPACT_RETEST_HYPOTHESIS,17,10,0,0.0,0.0
YEAR,2025,CONSOLIDATION_BREAKOUT_V2,N_RETEST,17,69,0,0.0,0.0
YEAR,2025,CONSOLIDATION_BREAKOUT_V2,V_REVERSAL,17,214,0,0.0,0.0
YEAR,2025,CONSOLIDATION_BREAKOUT_V2,MOMENTUM_DIRECTIONAL,17,393,0,0.0,0.0
YEAR,2025,CONSOLIDATION_BREAKOUT_V2,TREND_PULLBACK,17,427,1,4.25930658488798e-05,0.002257336343115124
YEAR,2025,CONSOLIDATION_BREAKOUT_V2,CONSOLIDATION_BREAKOUT_V2,17,17,17,0.0007240821194309567,1.0
OVERALL,2020_2025,N_COMPACT_RETEST_HYPOTHESIS,N_COMPACT_RETEST_HYPOTHESIS,82,82,82,0.000585091581102969,1.0
OVERALL,2020_2025,N_COMPACT_RETEST_HYPOTHESIS,N_RETEST,82,442,82,0.000585091581102969,0.18552036199095023
OVERALL,2020_2025,N_COMPACT_RETEST_HYPOTHESIS,V_REVERSAL,82,1327,0,0.0,0.0
OVERALL,2020_2025,N_COMPACT_RETEST_HYPOTHESIS,MOMENTUM_DIRECTIONAL,82,2318,1,7.135263184182549e-06,0.00041684035014589413
OVERALL,2020_2025,N_COMPACT_RETEST_HYPOTHESIS,TREND_PULLBACK,82,2850,0,0.0,0.0
OVERALL,2020_2025,N_COMPACT_RETEST_HYPOTHESIS,CONSOLIDATION_BREAKOUT_V2,82,163,0,0.0,0.0
OVERALL,2020_2025,N_RETEST,N_COMPACT_RETEST_HYPOTHESIS,442,82,82,0.000585091581102969,0.18552036199095023
OVERALL,2020_2025,N_RETEST,N_RETEST,442,442,442,0.0031537863274086865,1.0
OVERALL,2020_2025,N_RETEST,V_REVERSAL,442,1327,0,0.0,0.0
OVERALL,2020_2025,N_RETEST,MOMENTUM_DIRECTIONAL,442,2318,1,7.135263184182549e-06,0.0003624501631025734
OVERALL,2020_2025,N_RETEST,TREND_PULLBACK,442,2850,4,2.8541052736730195e-05,0.0012165450121654502
OVERALL,2020_2025,N_RETEST,CONSOLIDATION_BREAKOUT_V2,442,163,0,0.0,0.0
OVERALL,2020_2025,V_REVERSAL,N_COMPACT_RETEST_HYPOTHESIS,1327,82,0,0.0,0.0
OVERALL,2020_2025,V_REVERSAL,N_RETEST,1327,442,0,0.0,0.0
OVERALL,2020_2025,V_REVERSAL,V_REVERSAL,1327,1327,1327,0.009468494245410242,1.0
OVERALL,2020_2025,V_REVERSAL,MOMENTUM_DIRECTIONAL,1327,2318,5,3.5676315920912743e-05,0.0013736263736263737
OVERALL,2020_2025,V_REVERSAL,TREND_PULLBACK,1327,2850,0,0.0,0.0
OVERALL,2020_2025,V_REVERSAL,CONSOLIDATION_BREAKOUT_V2,1327,163,0,0.0,0.0
OVERALL,2020_2025,MOMENTUM_DIRECTIONAL,N_COMPACT_RETEST_HYPOTHESIS,2318,82,1,7.135263184182549e-06,0.00041684035014589413
OVERALL,2020_2025,MOMENTUM_DIRECTIONAL,N_RETEST,2318,442,1,7.135263184182549e-06,0.0003624501631025734
OVERALL,2020_2025,MOMENTUM_DIRECTIONAL,V_REVERSAL,2318,1327,5,3.5676315920912743e-05,0.0013736263736263737
OVERALL,2020_2025,MOMENTUM_DIRECTIONAL,MOMENTUM_DIRECTIONAL,2318,2318,2318,0.016539540060935148,1.0
OVERALL,2020_2025,MOMENTUM_DIRECTIONAL,TREND_PULLBACK,2318,2850,74,0.0005280094756295086,0.014526894385551629
OVERALL,2020_2025,MOMENTUM_DIRECTIONAL,CONSOLIDATION_BREAKOUT_V2,2318,163,0,0.0,0.0
OVERALL,2020_2025,TREND_PULLBACK,N_COMPACT_RETEST_HYPOTHESIS,2850,82,0,0.0,0.0
OVERALL,2020_2025,TREND_PULLBACK,N_RETEST,2850,442,4,2.8541052736730195e-05,0.0012165450121654502
OVERALL,2020_2025,TREND_PULLBACK,V_REVERSAL,2850,1327,0,0.0,0.0
OVERALL,2020_2025,TREND_PULLBACK,MOMENTUM_DIRECTIONAL,2850,2318,74,0.0005280094756295086,0.014526894385551629
OVERALL,2020_2025,TREND_PULLBACK,TREND_PULLBACK,2850,2850,2850,0.020335500074920264,1.0
OVERALL,2020_2025,TREND_PULLBACK,CONSOLIDATION_BREAKOUT_V2,2850,163,6,4.281157910509529e-05,0.0019953441968739607
OVERALL,2020_2025,CONSOLIDATION_BREAKOUT_V2,N_COMPACT_RETEST_HYPOTHESIS,163,82,0,0.0,0.0
OVERALL,2020_2025,CONSOLIDATION_BREAKOUT_V2,N_RETEST,163,442,0,0.0,0.0
OVERALL,2020_2025,CONSOLIDATION_BREAKOUT_V2,V_REVERSAL,163,1327,0,0.0,0.0
OVERALL,2020_2025,CONSOLIDATION_BREAKOUT_V2,MOMENTUM_DIRECTIONAL,163,2318,0,0.0,0.0
OVERALL,2020_2025,CONSOLIDATION_BREAKOUT_V2,TREND_PULLBACK,163,2850,6,4.281157910509529e-05,0.0019953441968739607
OVERALL,2020_2025,CONSOLIDATION_BREAKOUT_V2,CONSOLIDATION_BREAKOUT_V2,163,163,163,0.0011630478990217554,1.0
