feature,quintile,feature_min,feature_max,global_q20,global_q40,global_q60,global_q80,trades,gross_sample_size,gross_average_return,gross_median_return,gross_win_rate,gross_profit_factor,net_sample_size,net_average_return_slippage_0_1,net_median_return_slippage_0_1,net_win_rate_slippage_0_1,net_profit_factor_slippage_0_1,average_actual_mfe,average_actual_mae,day8_forward_sample_size,average_day8_forward_return,median_day8_forward_return,day8_forward_win_rate,day8_forward_profit_factor
volume_ratio,Q1,1.8002756197483274,2.104568779668526,2.104738243918047,2.5037325435994378,3.1320455114772625,4.150332330924399,477,477,0.002500621980399729,-0.015936254980079667,0.32914046121593293,1.0984593769359565,477,-0.0033027717013863005,-0.02163969224698884,0.3081761006289308,0.8867929626878154,0.06326421531745086,-0.03999537978174795,476,0.008901498249833308,-0.010037704363158428,0.4222689075630252,1.3000943502218043
volume_ratio,Q2,2.1047806099804274,2.5034757734985855,2.104738243918047,2.5037325435994378,3.1320455114772625,4.150332330924399,477,477,0.0031996326034590666,-0.01666666666666672,0.3689727463312369,1.1279091278163396,477,-0.002607498227666057,-0.022374490235357272,0.33962264150943394,0.9088153344304539,0.06534158047526478,-0.03923186778466688,473,0.008339052311918685,-0.0027173913043476716,0.47780126849894294,1.2757371748164392
volume_ratio,Q3,2.503903723666673,3.1319321153809443,2.104738243918047,2.5037325435994378,3.1320455114772625,4.150332330924399,477,477,2.379331692709556e-05,-0.017201834862385357,0.35429769392033544,1.0009104240004416,477,-0.005764386281703275,-0.02289716642529432,0.33752620545073375,0.8063507623989307,0.06291758703651618,-0.04193192383852103,475,0.0013558915750540332,-0.009408602150537626,0.4336842105263158,1.0392141328498006
volume_ratio,Q4,3.13221560562174,4.149300183745549,2.104738243918047,2.5037325435994378,3.1320455114772625,4.150332330924399,477,477,0.005134843796878483,-0.017142857142857126,0.35639412997903563,1.194381708684659,477,-0.0006847958580748257,-0.022830967685503852,0.3270440251572327,0.9772219869449345,0.07083879864994858,-0.043094592428771644,474,0.0043686140004579955,-0.014270651377060184,0.4240506329113924,1.1234919019795793
volume_ratio,Q5,4.1544609196397975,22.946991015226285,2.104738243918047,2.5037325435994378,3.1320455114772625,4.150332330924399,477,477,0.009540212618922732,-0.012461059190031154,0.389937106918239,1.414720516679529,477,0.0036963181676614295,-0.01817483431010667,0.3668763102725367,1.1398501306116737,0.07511275359065887,-0.04047698915937251,477,0.010907858598318585,-0.003278688524590123,0.469601677148847,1.3734660306852327
daily_return,Q1,0.020000000000000018,0.02764976958525356,0.02767528263677388,0.03558847231282867,0.044117647058823595,0.05494505494505497,477,477,0.005220764350950851,-0.01239669421487588,0.36268343815513626,1.2519265527368721,477,-0.0005996108853559627,-0.018136733655901363,0.3312368972746331,0.9753988884950857,0.06331223144942448,-0.034112992663164456,476,0.005349383637481087,-0.007906250000000004,0.42857142857142855,1.1809831291726303
daily_return,Q2,0.02768166089965396,0.035573122529644285,0.02767528263677388,0.03558847231282867,0.044117647058823595,0.05494505494505497,477,477,0.0008114543090030804,-0.017410228509249226,0.3480083857442348,1.0332501516058121,477,-0.0049819030564780264,-0.02309885998032481,0.31236897274633124,0.8228122537109627,0.060502692051853366,-0.03924060359701005,473,0.001855596721498728,-0.010558069381598867,0.4397463002114165,1.060610234613425
daily_return,Q3,0.035598705501618255,0.044117647058823595,0.02767528263677388,0.03558847231282867,0.044117647058823595,0.05494505494505497,477,477,0.0003872623272607572,-0.01807228915662651,0.3522012578616352,1.014738173930951,477,-0.005404734936528932,-0.023769228404097523,0.33962264150943394,0.8192147065141794,0.06363746219010878,-0.04239984744359381,473,0.005019306256019567,-0.011312217194570096,0.44608879492600423,1.155223308095577
daily_return,Q4,0.044117647058823595,0.05494505494505497,0.02767528263677388,0.03558847231282867,0.044117647058823595,0.05494505494505497,477,477,0.005321943468379189,-0.015094339622641506,0.36268343815513626,1.2034783334412957,477,-0.0004959680328975008,-0.02079692142939518,0.3438155136268344,0.9833240911636826,0.07163400494529638,-0.044099795245480716,477,0.013881679745886537,-0.004126547455295726,0.469601677148847,1.4436123365396507
daily_return,Q5,0.05494505494505497,0.06995884773662553,0.02767528263677388,0.03558847231282867,0.044117647058823595,0.05494505494505497,477,477,0.008657679860993228,-0.019138755980861122,0.3731656184486373,1.3047610578624291,477,0.0028190830100913934,-0.024824449720083023,0.3522012578616352,1.088359446644781,0.07838854443315624,-0.044877514043830974,476,0.007730268986615302,-0.007579672695951778,0.4432773109243697,1.2193357954267678
breakout_ratio,Q1,0.98,0.9963054187192119,0.9963090542235473,1.0086407075542012,1.019062159214831,1.0302419379936636,477,477,0.0014036913636492371,-0.019345238095238027,0.3333333333333333,1.0528886184612576,477,-0.00439258241280748,-0.025036128480208766,0.3165618448637317,0.8549525945511953,0.0677568504959493,-0.04226253295685002,474,0.006971198644552878,-0.011012414939483683,0.4219409282700422,1.202899408130333
breakout_ratio,Q2,0.996309963099631,1.0085959885386822,0.9963090542235473,1.0086407075542012,1.019062159214831,1.0302419379936636,477,477,-0.0005341033248174493,-0.017699115044247815,0.3333333333333333,0.9786427060119921,477,-0.006320102143403126,-0.023386035059032126,0.3165618448637317,0.7802793109284871,0.06168610843317953,-0.039703256018159404,475,-0.0005677671932197349,-0.011869436201780603,0.4189473684210526,0.982263309379159
breakout_ratio,Q3,1.0086705202312138,1.019047619047619,0.9963090542235473,1.0086407075542012,1.019062159214831,1.0302419379936636,477,477,0.0014929606660436018,-0.014010507880910739,0.3480083857442348,1.0658560422499896,477,-0.0043051407083258796,-0.019712144857779394,0.31236897274633124,0.8369353784012511,0.056007062223424386,-0.0367529645580114,476,0.005084753985608723,-0.0059702183913370455,0.45168067226890757,1.1867571538896946
breakout_ratio,Q4,1.0190839694656488,1.0302375809935205,0.9963090542235473,1.0086407075542012,1.019062159214831,1.0302419379936636,477,477,0.00874756435270261,-0.01224489795918371,0.38784067085953877,1.3627336992906276,477,0.0029088634432167973,-0.017954562842506554,0.35639412997903563,1.105426895171296,0.07356389891676382,-0.040947593743396536,475,0.009513031026905937,-0.004081632653061273,0.4673684210526316,1.306299257578104
breakout_ratio,Q5,1.0302593659942363,1.05,0.9963090542235473,1.0086407075542012,1.019062159214831,1.0302419379936636,477,477,0.009288991259009104,-0.017000000000000015,0.39622641509433965,1.3361592785100147,477,0.0034458279201506604,-0.02269701321559411,0.37735849056603776,1.1111870229838474,0.07846101500052219,-0.04506440571666265,475,0.012896028674852946,-0.004385964912280715,0.4673684210526316,1.3747775993669542
foreign_ratio,Q1,-0.5879380830188764,0.03867927367152416,0.03874590835360778,0.07390251495807484,0.11830560805599105,0.20089085099585938,477,477,0.006618064888682096,-0.018796992481203034,0.3668763102725367,1.2476741856864642,477,0.0007904221637075599,-0.024481616205097083,0.33752620545073375,1.0260836325706237,0.07492195431645554,-0.043894488012846386,477,0.010784909324844077,-0.0038461538461538325,0.469601677148847,1.3205563998800987
foreign_ratio,Q2,0.03876256702412868,0.07381972401024736,0.03874590835360778,0.07390251495807484,0.11830560805599105,0.20089085099585938,477,477,-0.0007936268361087766,-0.018240343347639465,0.33542976939203356,0.9727926607332594,477,-0.006576883561880152,-0.023932237228939376,0.31236897274633124,0.8000581038287122,0.07210988305745397,-0.046176099964347656,476,0.004756227336954264,-0.01324234774953148,0.4327731092436975,1.1320834847638197
foreign_ratio,Q3,0.07395770892329316,0.11827808152813343,0.03874590835360778,0.07390251495807484,0.11830560805599105,0.20089085099585938,477,477,0.005026348970992714,-0.017751479289940808,0.3689727463312369,1.1933059662308894,477,-0.0007907095468640008,-0.023445068927424182,0.34591194968553457,0.9732404260445079,0.07233987936852722,-0.041753753866662226,475,0.004963000756281155,-0.011272141706924366,0.44,1.1376754263841202
foreign_ratio,Q4,0.1183468978477775,0.2008209888886069,0.03874590835360778,0.07390251495807484,0.11830560805599105,0.20089085099585938,477,477,0.005194826861909914,-0.012461059190031154,0.3584905660377358,1.229992774751586,477,-0.00062424605829068,-0.01817483431010667,0.33752620545073375,0.9761784527027059,0.0644255760045661,-0.03881816177039508,474,0.0062109767705197695,-0.008351058265629874,0.4219409282700422,1.216747424583048
foreign_ratio,Q5,0.20117029942486925,0.6686432128191921,0.03874590835360778,0.07390251495807484,0.11830560805599105,0.20089085099585938,477,477,0.004353490431111159,-0.013452914798206317,0.3689727463312369,1.2026050316125205,477,-0.001461716897841755,-0.019185682336587535,0.34591194968553457,0.9417199552343732,0.05367764232283642,-0.03408824937882867,473,0.007165984540006634,-0.0028208744710860323,0.4630021141649049,1.2908604783119493
investment_trust_ratio,Q1,-0.41491950434172403,0.0,0.0,0.0,0.0031807459532309477,0.03183318157767092,477,477,-0.0011086102887833695,-0.015679442508710784,0.32914046121593293,0.9546520783447154,477,-0.006891331259332556,-0.0213718003463102,0.3039832285115304,0.7560588129250904,0.057308098746252985,-0.03925791581738598,476,0.002112616085759454,-0.011974175767279216,0.39915966386554624,1.072091786819103
investment_trust_ratio,Q2,0.0,0.0,0.0,0.0,0.0031807459532309477,0.03183318157767092,477,477,0.008453637934741187,-0.019138755980861122,0.3584905660377358,1.3231893690093965,477,0.0026178533102321063,-0.024824449720083023,0.3249475890985325,1.0878663003578315,0.07875358911282208,-0.042411494117798564,475,0.013722469844256633,-0.006249999999999978,0.4673684210526316,1.3955615409737216
investment_trust_ratio,Q3,0.0,0.0031758099939893235,0.0,0.0,0.0031807459532309477,0.03183318157767092,477,477,0.004931247831791058,-0.018018018018018056,0.3584905660377358,1.1793117327698908,477,-0.0008861011910628282,-0.023703875487013942,0.3417190775681342,0.971493712287177,0.07238154922316097,-0.04389026105499474,475,0.0069073384827913874,-0.011827956989247213,0.44842105263157894,1.2019947466082141
investment_trust_ratio,Q4,0.0031881498920933882,0.0318034617532105,0.0,0.0,0.0031807459532309477,0.03183318157767092,477,477,0.009279616132135342,-0.011428571428571455,0.39622641509433965,1.4018001974677023,477,0.0034362226684324466,-0.017169195704931167,0.37735849056603776,1.1296556415054175,0.07127016576764379,-0.039372623656300204,473,0.008960775964075436,-0.0033333333333332993,0.47357293868921774,1.2889912136233688
investment_trust_ratio,Q5,0.03195206087551257,0.7057091414995591,0.0,0.0,0.0031807459532309477,0.03183318157767092,477,477,-0.0011567872932971132,-0.015094339622641506,0.35639412997903563,0.953293564583208,477,-0.006939777429438197,-0.02079692142939518,0.3312368972746331,0.7556533588082949,0.05776153221995942,-0.03979845834660052,476,0.002218684355140592,-0.007313812006952802,0.43907563025210083,1.0743134550209874
combined_ratio,Q1,0.025022992876467053,0.05157096151789936,0.05157571940704183,0.08809661396363953,0.1355107554109184,0.2142631392225102,477,477,0.0056634064201275805,-0.018867924528301883,0.35639412997903563,1.2092289208939508,477,-0.00015815103778613485,-0.024561456959890187,0.3312368972746331,0.9948478951523614,0.0769062424706645,-0.04463101336951519,477,0.012734422819124007,-0.0078125,0.4570230607966457,1.388250480707835
combined_ratio,Q2,0.05157690887932745,0.08809583858764186,0.05157571940704183,0.08809661396363953,0.1355107554109184,0.2142631392225102,477,477,0.0007570362065755719,-0.020804438280166426,0.33962264150943394,1.02615511410173,477,-0.005035370880212511,-0.02648516308728534,0.3060796645702306,0.8458376541758299,0.07448247927525233,-0.046073337093728996,476,0.00041969172958350687,-0.015113446017968601,0.42857142857142855,1.0108512926866502
combined_ratio,Q3,0.0880971308809713,0.1354964606704897,0.05157571940704183,0.08809661396363953,0.1355107554109184,0.2142631392225102,477,477,0.00800095080013275,-0.014836795252225476,0.3731656184486373,1.3173001276752645,477,0.002166056402212882,-0.020548444118056664,0.35639412997903563,1.0753793064689567,0.07276336801800441,-0.04048853642312833,475,0.011152434454084884,-0.005417118093174467,0.4694736842105263,1.3316928325257675
combined_ratio,Q4,0.1355321975215614,0.21425263003857292,0.05157571940704183,0.08809661396363953,0.1355107554109184,0.2142631392225102,477,477,0.0037023056373098845,-0.01224489795918371,0.36268343815513626,1.1611556859599528,477,-0.002108229386668693,-0.017954562842506554,0.33752620545073375,0.9207075167338838,0.06176885923137929,-0.038977100954282494,475,0.0038417410808563334,-0.00990099009900991,0.4105263157894737,1.1286265969791378
combined_ratio,Q5,0.2143051759582592,0.6683550970577367,0.05157571940704183,0.08809661396363953,0.1355107554109184,0.2142631392225102,477,477,0.002275405252441319,-0.013761467889908285,0.3668763102725367,1.1045409636927472,477,-0.003527438998714571,-0.019492955948629785,0.3480083857442348,0.8608473422728469,0.05155398607453871,-0.034560765152425,472,0.005726649722718083,-0.0028719280884050846,0.461864406779661,1.2384720689624766
t1_gap_pct,Q1,-0.05633802816901401,-0.003984063745020028,-0.003984063745019939,0.001699525310973371,0.007386044771465938,0.015151515151515138,477,477,0.013249881059157555,-0.012461059190031154,0.389937106918239,1.6368894635576339,477,0.0073833616520805855,-0.01817483431010667,0.36058700209643607,1.3042116422357002,0.07580659377952553,-0.03530014668477134,475,0.013915522486989858,-0.003669724770642202,0.4673684210526316,1.4789826576948129
t1_gap_pct,Q2,-0.003984063745019917,0.0016977928692700761,-0.003984063745019939,0.001699525310973371,0.007386044771465938,0.015151515151515138,477,477,0.0026423982973197997,-0.013274336283185861,0.3668763102725367,1.1120493488069123,477,-0.0031619669965123973,-0.01900802165742448,0.33752620545073375,0.8836178901351751,0.06248171649709275,-0.037277076207297206,475,0.0031344341149848586,-0.008534850640113723,0.4442105263157895,1.10309930298765
t1_gap_pct,Q3,0.001700680272108901,0.007383966244725704,-0.003984063745019939,0.001699525310973371,0.007386044771465938,0.015151515151515138,477,477,0.001047642322577576,-0.014423076923076983,0.3522012578616352,1.0439342563820824,477,-0.004747386755783133,-0.020119789482892895,0.3270440251572327,0.8274483129087847,0.05921441115920563,-0.03989007358892681,474,0.0018231391492921087,-0.0034419270100384813,0.4578059071729958,1.058202658993417
t1_gap_pct,Q4,0.00738916256157629,0.015151515151515138,-0.003984063745019939,0.001699525310973371,0.007386044771465938,0.015151515151515138,477,477,-7.591346299203256e-05,-0.019108280254776955,0.35429769392033544,0.9971369367515287,477,-0.005863705934540002,-0.02479331349251656,0.3249475890985325,0.8057170139635965,0.06318587585965182,-0.04321052753076788,475,0.007089317039464283,-0.006249999999999978,0.4442105263157895,1.2457160738712936
t1_gap_pct,Q5,0.015151515151515138,0.048387096774193505,-0.003984063745019939,0.001699525310973371,0.007386044771465938,0.015151515151515138,477,477,0.003535096100524207,-0.024498886414253906,0.33542976939203356,1.1132317551571989,477,-0.0022734358664140805,-0.03017190424528763,0.32914046121593293,0.9348559744682705,0.0767863377743635,-0.04905292898131678,476,0.007918029537344388,-0.01650240630089511,0.41386554621848737,1.2009594594926885
entry_price,Q1,19.75,39.1,39.1,59.0,93.5,162.10000000000002,477,477,0.004293798007962301,-0.01440329218107006,0.35639412997903563,1.1826825206733658,477,-0.0015198371399775252,-0.020119789482892895,0.3270440251572327,0.9440336726275527,0.0638537102270661,-0.03784416286911461,474,0.006580313463467325,-0.011549342863974632,0.43248945147679324,1.2225849202157206
entry_price,Q2,39.1,59.0,39.1,59.0,93.5,162.10000000000002,477,477,0.01019046565660772,-0.011727078891257903,0.3920335429769392,1.445652696080835,477,0.004343592265472764,-0.01746144891585992,0.3689727463312369,1.165006941100281,0.07115000091643021,-0.03878292222795618,476,0.01242319927970363,-0.0010692010692010534,0.48739495798319327,1.4268173226747851
entry_price,Q3,59.0,93.5,39.1,59.0,93.5,162.10000000000002,477,477,-0.0008322419433754884,-0.01805555555555549,0.33752620545073375,0.9686905296817537,477,-0.0066157900784180245,-0.023743560035036127,0.31027253668763105,0.7818108847125375,0.06594836519422782,-0.04184757727663323,475,-0.0006393516572658975,-0.011936339522546469,0.4126315789473684,0.9821862412073558
entry_price,Q4,93.5,162.0,39.1,59.0,93.5,162.10000000000002,477,477,0.0016777211968911172,-0.015923566878980888,0.3584905660377358,1.0621806730349281,477,-0.004120379697957043,-0.021631918767614885,0.3417190775681342,0.8652020101527078,0.06732685107513067,-0.04308680792852118,474,0.003823285485165506,-0.007736972853251922,0.44936708860759494,1.1154377559095607
entry_price,Q5,162.5,506.0,39.1,59.0,93.5,162.10000000000002,477,477,0.005069361398501456,-0.017857142857142905,0.35429769392033544,1.1947217522465554,477,-0.0007507192502891993,-0.02357267859450426,0.3312368972746331,0.9746922649007155,0.06919600765698447,-0.04316928269085482,476,0.011676992173601523,-0.009697330492542955,0.44537815126050423,1.3722080048237593
avg_volume_20d_lots,Q1,2001.35,2613.39935,2613.43987,3813.1562400000003,6050.89901,11723.16049,477,477,0.007277401343445245,-0.011001100110010986,0.389937106918239,1.3225790843325456,477,0.0014459239492223852,-0.016745128150618186,0.3668763102725367,1.0555793221612446,0.06673675560603284,-0.03840855891302554,475,0.010116482191655538,-0.001312335958005395,0.48,1.3701203060158957
avg_volume_20d_lots,Q2,2613.45,3812.98155,2613.43987,3813.1562400000003,6050.89901,11723.16049,477,477,-0.00044632104504577187,-0.016975308641975273,0.3312368972746331,0.9820839953045475,477,-0.006232558883993218,-0.022663665530786237,0.31027253668763105,0.7826625254909247,0.06064404617068813,-0.04011122108782384,475,-0.000737030590254784,-0.013661202185792365,0.39789473684210525,0.9775567994697523
avg_volume_20d_lots,Q3,3813.2727,6050.53265,2613.43987,3813.1562400000003,6050.89901,11723.16049,477,477,0.006732096392355627,-0.015094339622641506,0.3710691823899371,1.2763181144505753,477,0.0009044544836049119,-0.02079692142939518,0.3417190775681342,1.0323834002914842,0.06884188098670423,-0.03957344632799954,475,0.013032411184437868,-0.003525264394829586,0.47368421052631576,1.4426098981335214
avg_volume_20d_lots,Q4,6051.44855,11717.1895,2613.43987,3813.1562400000003,6050.89901,11723.16049,477,477,0.002837986287846194,-0.019607843137254943,0.3438155136268344,1.1026715055961216,477,-0.002966873830787239,-0.025300350315421473,0.32075471698113206,0.9052704364445614,0.07054513882641109,-0.04291170599528686,475,0.0036746296418497713,-0.014164305949008527,0.4126315789473684,1.1015319842312943
avg_volume_20d_lots,Q5,11747.04445,278803.9889,2613.43987,3813.1562400000003,6050.89901,11723.16049,477,477,0.003997941337985811,-0.01671309192200554,0.36268343815513626,1.1509223673535638,477,-0.0018140796192158673,-0.02242369221520552,0.33962264150943394,0.9397128992403895,0.07070711348000297,-0.04372582066894424,475,0.007806781248572474,-0.0045045045045044585,0.4631578947368421,1.2348678735631602
