period,regime_feature,regime_bucket,feature_min,feature_max,trades,gross_sample_size,gross_average_return,gross_median_return,gross_win_rate,gross_profit_factor,net_sample_size,net_average_return_slippage_0_1,net_median_return_slippage_0_1,net_win_rate_slippage_0_1,net_profit_factor_slippage_0_1,average_actual_mfe,average_actual_mae,day8_forward_sample_size,average_day8_forward_return,median_day8_forward_return,day8_forward_win_rate,day8_forward_profit_factor
All,taiex_close_ma20,Q1,0.00031226714303089764,0.013785715316718017,477,477,-0.0013827683301266484,-0.018867924528301883,0.3438155136268344,0.9497777138342527,477,-0.007162799510491205,-0.024561456959890187,0.3249475890985325,0.7705856037615328,0.06208524881687096,-0.04232292257973356,477,-0.005732094458873353,-0.016129032258064502,0.4088050314465409,0.8432300315327791
All,taiex_close_ma20,Q2,0.013785715316718017,0.02291181480065352,477,477,-0.00024621861322673494,-0.01717557251908397,0.32914046121593293,0.9905921207982153,477,-0.006033888818423916,-0.022876162475875674,0.29559748427672955,0.7987848078808388,0.06284119374342093,-0.040556744629624206,470,-0.0014942436367894262,-0.015033326541898262,0.4,0.9573530536869792
All,taiex_close_ma20,Q3,0.02291181480065352,0.03547889109097846,477,477,0.00444787046865025,-0.01717791411042957,0.33542976939203356,1.1796953491247397,477,-0.0013663701526476953,-0.02287319079043746,0.31865828092243187,0.9520530804490351,0.06716720566054482,-0.04001989283039335,475,0.008877494516783846,-0.008298755186721962,0.45052631578947366,1.286665750867513
All,taiex_close_ma20,Q4,0.03547889109097846,0.04784734762897225,477,477,0.012838112834636388,-0.011647254575707255,0.4088050314465409,1.5816354112578992,477,0.006974401119275327,-0.017382976314010472,0.389937106918239,1.2744934939767008,0.07382473106210434,-0.03811017970591068,476,0.017853339517360293,-0.0016754079254079346,0.4789915966386555,1.6855995813084346
All,taiex_close_ma20,Q5,0.04784734762897225,0.1120634693619329,477,477,0.004742107956653849,-0.013513513513513487,0.38155136268343814,1.1864201685915465,477,-0.0010744765388815407,-0.019243488514749156,0.350104821802935,0.9628425701360187,0.07155655578689821,-0.04372101324741821,477,0.01429939005589456,0.0,0.48846960167714887,1.4692936861966803
All,taiex_ma20_slope,Q1,2.4297930346417473e-05,0.0012127299443038808,477,477,0.0009588443510103806,-0.01573426573426573,0.33752620545073375,1.038076035231702,477,-0.004835025985954378,-0.021453887470462153,0.31027253668763105,0.8328607695531325,0.06426822405925282,-0.039595226570455715,474,-0.003626623107868961,-0.012061519478230143,0.4092827004219409,0.8967239959096296
All,taiex_ma20_slope,Q2,0.0012127299443038808,0.0023054086472709123,477,477,-0.0011683546786345222,-0.01807228915662651,0.3228511530398323,0.9556420763467989,477,-0.006950772096194044,-0.023769228404097523,0.3081761006289308,0.7695329850085311,0.05987322600597666,-0.04149948415144707,472,0.0001912180347697307,-0.010974948813681829,0.423728813559322,1.0056104325138802
All,taiex_ma20_slope,Q3,0.0023054086472709123,0.00320802112625862,477,477,0.006726149639571809,-0.016975308641975273,0.3710691823899371,1.266584890121257,477,0.0008994552971530274,-0.022663665530786237,0.35639412997903563,1.0312680767352693,0.06804728525844214,-0.04014131155749865,477,0.01346946942576446,-0.0013947001394701841,0.48427672955974843,1.4577310905468752
All,taiex_ma20_slope,Q4,0.00320802112625862,0.004543277073841834,477,477,0.006895680343660617,-0.013043478260869601,0.3857442348008386,1.2967183004478051,477,0.0010651941107857755,-0.01877470534190329,0.3417190775681342,1.039823455378575,0.06847463942571921,-0.03966634467751177,475,0.011039648415903673,-0.008403361344537785,0.43157894736842106,1.4037630931514222
All,taiex_ma20_slope,Q5,0.004543277073841834,0.01107059805980426,477,477,0.0069867846609788205,-0.014705882352941235,0.38155136268343814,1.2689839447905045,477,0.0011580147730405903,-0.020409295798752943,0.36268343815513626,1.0393473736994747,0.0768115603204484,-0.043828386036166816,477,0.012702934011108164,-0.003669724770642202,0.4779874213836478,1.383692285877815
All,taiex_close_ma60,Q1,-0.04815797093261043,0.030162042569572556,477,477,-0.0025593395949618926,-0.014975041597337757,0.3417190775681342,0.9014104182152123,477,-0.008333792750989246,-0.020673194511449066,0.3081761006289308,0.7192084149906287,0.06080090857592481,-0.03874570050550949,469,-0.004106878371375481,-0.013661202185792365,0.4093816631130064,0.8795010534582
All,taiex_close_ma60,Q2,0.030162042569572556,0.04937096704538502,477,477,0.006133678181797595,-0.014326647564469885,0.38155136268343814,1.2813554258979851,477,0.00030935763209919044,-0.02002456187748182,0.36477987421383645,1.0122218525545228,0.06431760636777803,-0.0372412246765996,477,0.007697471573188933,-0.006858710562414272,0.4549266247379455,1.275836310293951
All,taiex_close_ma60,Q3,0.04937096704538502,0.06596215021787266,477,477,0.007789168320810853,-0.014376996805111841,0.3689727463312369,1.3386878575284227,477,0.0019545842503051756,-0.020073558608497025,0.3480083857442348,1.0735534505832716,0.06604755348962063,-0.03810203708066401,476,0.017757818267645914,-0.001493802826905366,0.4852941176470588,1.7515113412736965
All,taiex_close_ma60,Q4,0.06596215021787266,0.0926450458002841,477,477,0.005843884479502745,-0.015873015873015928,0.3438155136268344,1.2299397753344359,477,2.080955478894372e-05,-0.02157748052743142,0.3249475890985325,1.0007149875390202,0.06889147572085695,-0.042296342901241256,476,0.008437468054983958,-0.011693360600967928,0.4327731092436975,1.26592431632547
All,taiex_close_ma60,Q5,0.0926450458002841,0.22631824732250783,477,477,0.003191712929437804,-0.021818181818181848,0.36268343815513626,1.1071258739866605,477,-0.0026140925873730913,-0.027501148124018625,0.3333333333333333,0.9216448606204929,0.07741739091565882,-0.04834544782906565,477,0.003951322269216085,-0.010909090909090868,0.4444444444444444,1.094705084341167
All,taiex_ma20_ma60,Q1,-0.09282946419703286,0.003702573686650945,477,477,0.002273786836759741,-0.01216216216216226,0.3710691823899371,1.0987393683166715,477,-0.003528952584080403,-0.017895376411478457,0.3417190775681342,0.8673381122468208,0.06118520938610813,-0.036366098914477896,469,0.005890330603010581,-0.005281690140845119,0.4605543710021322,1.2130794868197057
All,taiex_ma20_ma60,Q2,0.003702573686650945,0.023210715537540283,477,477,0.009683232564518933,-0.014376996805111841,0.3836477987421384,1.428482407688799,477,0.003837598199806496,-0.020073558608497025,0.3584905660377358,1.1471719842412433,0.07074489813020643,-0.03764467011500494,477,0.013288235157775963,-0.006038647342995196,0.45073375262054505,1.4763969837109476
All,taiex_ma20_ma60,Q3,0.023210715537540283,0.036139865475672384,477,477,0.005262237128373672,-0.012539184952978122,0.3668763102725367,1.2370023095425629,477,-0.000557806952483951,-0.018273490178829795,0.3522012578616352,0.9783616473713039,0.06595527520189062,-0.03967215168237572,477,0.0070664544204101735,-0.0055248618784530246,0.4549266247379455,1.249350163560979
All,taiex_ma20_ma60,Q4,0.036139865475672384,0.05422027516350725,477,477,0.0036249098770192115,-0.018495684340320562,0.35429769392033544,1.1350288332806138,477,-0.0021846694363395714,-0.02418083777293071,0.3270440251572327,0.9283551043571989,0.06635622408467474,-0.04333512448731315,475,0.015264517617756275,-0.0029761904761904656,0.47578947368421054,1.5581719277087445
All,taiex_ma20_ma60,Q5,0.05422027516350725,0.12630026134829464,477,477,-0.00044506209008445273,-0.026184538653366674,0.3228511530398323,0.9857767296623575,477,-0.006229303128071599,-0.03181938317941849,0.29979035639413,0.8224443991299973,0.07323332826695934,-0.04771270779390831,477,-0.007595582502761149,-0.026119402985074647,0.3857442348008386,0.8408825569273941
All,taiex_close_vs_ma60,Above MA60,,,2237,2237,0.004571449908500419,-0.015923566878980888,0.3598569512740277,1.1814364859168789,2237,-0.0012438280222480088,-0.021631918767614885,0.3379526151095217,0.9568173892588054,0.06825699565534964,-0.041196196439325164,2229,0.007634676082146238,-0.007751937984496138,0.44728577837595335,1.2412177610675827
All,taiex_close_vs_ma60,At/Below MA60,,,148,148,-0.003351085718266126,-0.01196343402225758,0.3581081081081081,0.8667875881140025,148,-0.009120753953302913,-0.017700264809641743,0.30405405405405406,0.6837916958163126,0.055977329373622986,-0.037166741506275504,146,-0.006290328704657885,-0.011287758346581855,0.4178082191780822,0.8162770769528916
All,taiex_ma20_vs_ma60,MA20 Above MA60,,,1958,1958,0.0043448308043850395,-0.0173797102070945,0.355464759959142,1.1675317164923942,1958,-0.001469027935501928,-0.023068669695809077,0.33350357507660877,0.9503092916886429,0.06919315840117135,-0.04219251298442228,1956,0.0069521023461615004,-0.00899168399168404,0.4427402862985685,1.2115295279335716
All,taiex_ma20_vs_ma60,MA20 At/Below MA60,,,427,427,0.0028646230539253904,-0.010799136069114423,0.3793911007025761,1.1314311461740945,427,-0.0029413540354680363,-0.016537361565904823,0.34660421545667447,0.883901883799501,0.059708055922294626,-0.03523098068899378,419,0.005968956580267346,-0.005281690140845119,0.45823389021479716,1.2220694724164725
All,taiex_joint_regime,Bear Rally: MA60 >= Close > MA20,,,148,148,-0.003351085718266126,-0.01196343402225758,0.3581081081081081,0.8667875881140025,148,-0.009120753953302913,-0.017700264809641743,0.30405405405405406,0.6837916958163126,0.055977329373622986,-0.037166741506275504,146,-0.006290328704657885,-0.011287758346581855,0.4178082191780822,0.8162770769528916
All,taiex_joint_regime,Recovery: Close > MA60 >= MA20,,,279,279,0.006161844911575371,-0.00927643784786647,0.3906810035842294,1.3078910001276858,279,0.0003366072112687438,-0.01502354362201784,0.36917562724014336,1.014339799728521,0.06168707932445736,-0.03420412548842856,273,0.0125252043883226,-0.001104972375690516,0.47985347985347987,1.5459267488896682
All,taiex_joint_regime,Strong Bull: MA20 > MA60,,,1958,1958,0.0043448308043850395,-0.0173797102070945,0.355464759959142,1.1675317164923942,1958,-0.001469027935501928,-0.023068669695809077,0.33350357507660877,0.9503092916886429,0.06919315840117135,-0.04219251298442228,1956,0.0069521023461615004,-0.00899168399168404,0.4427402862985685,1.2115295279335716
2022,taiex_close_ma20,Q1,0.0005978528273431483,0.012842959333863924,46,46,-0.009962634555357648,-0.015318799812470696,0.3695652173913043,0.5945758563175514,46,-0.015688788949801264,-0.021017860222267946,0.34782608695652173,0.44235846105109317,0.05749270424931256,-0.03947450852531559,46,-0.021758399480716072,-0.017775587788791514,0.391304347826087,0.3997427859806271
2022,taiex_close_ma20,Q2,0.01548953958015753,0.022459086703200626,32,32,0.0032435249215988574,-0.010999113867966426,0.40625,1.1319913605711251,32,-0.0025633008046867765,-0.01673535119287193,0.375,0.9080460620792526,0.06291675431105409,-0.03509981385482773,32,0.0015233641709440117,0.0014084507042253502,0.5,1.0425889195258415
2022,taiex_close_ma20,Q3,0.023221141990943606,0.03297656560236306,52,52,0.0014897117396996075,-0.008102348214988953,0.34615384615384615,1.0607748090176319,52,-0.004307560404629981,-0.013846112892231404,0.3269230769230769,0.8472753304135952,0.05837823083011325,-0.03841721920759699,52,0.010033387043363162,-0.002334011280864412,0.4807692307692308,1.339819994936699
2022,taiex_close_ma20,Q4,0.035793379940005865,0.04485592444434183,23,23,-0.000202428896453702,-0.014376996805111841,0.2608695652173913,0.9924412642798893,23,-0.005984942711305334,-0.020073558608497025,0.21739130434782608,0.8065790546844374,0.057679599213192746,-0.04514165808365899,23,-0.0020116933203423643,-0.010558069381598867,0.391304347826087,0.937454771290626
2022,taiex_close_ma20,Q5,0.048940254871652655,0.10094115747804167,76,76,0.01319554138860162,-0.004824290646363472,0.4473684210526316,1.8860722173755144,76,0.007328807380512213,-0.010585445534462272,0.42105263157894735,1.4060847634815614,0.06182196660249241,-0.03077416184739889,76,0.018578101641600755,0.0045539380365807736,0.5131578947368421,2.1102442116289915
2022,taiex_ma20_slope,Q1,5.705346689532931e-05,0.0011469421326715246,52,52,-0.00041251403278993375,-0.007755702722590074,0.38461538461538464,0.9819605602596692,52,-0.006195992173575827,-0.013503033982918876,0.36538461538461536,0.7648144454243686,0.06299367824526726,-0.03562560709435425,52,-0.010419723880399237,-0.011161387631975883,0.4423076923076923,0.6825137331163698
2022,taiex_ma20_slope,Q2,0.0012467701284055721,0.002258541870050257,50,50,-0.012022747018900515,-0.011332726168791663,0.28,0.5519592396458178,50,-0.017739872122419613,-0.017068355037058724,0.26,0.425871679708488,0.04949616658906292,-0.04054491288190687,50,-0.010791307627077727,-0.011496980155306369,0.4,0.7067638941982306
2022,taiex_ma20_slope,Q3,0.0023090626804487258,0.0027040676692329235,28,28,-6.056561756343345e-05,-0.010904593461649792,0.42857142857142855,0.997700059118155,28,-0.005847089802345398,-0.01664378410816594,0.42857142857142855,0.801713457000356,0.06244630588856826,-0.039096382800809626,28,0.011567140262410958,0.0037669356445506064,0.5,1.376530197289161
2022,taiex_ma20_slope,Q4,0.0033728314560330652,0.003726149084591679,21,21,0.034135385448709504,0.021052631578947434,0.7142857142857143,8.43726596592433,21,0.02814673663738548,0.015139549254840897,0.5714285714285714,5.416320326564353,0.07140441493281538,-0.02005137606330167,21,0.034914348267138386,0.022091310751104487,0.6666666666666666,7.582112617349022
2022,taiex_ma20_slope,Q5,0.004620601365046939,0.0072028143706224235,78,78,0.00805926567747895,-0.012051658257510145,0.34615384615384615,1.399228635891908,78,0.002223780311600143,-0.01777314347094274,0.3333333333333333,1.0931679447783726,0.060516665430830466,-0.03741354412675322,78,0.012302230310040642,-0.00670666189111746,0.46153846153846156,1.521320721254385
2022,taiex_close_ma60,Q1,-0.046672816043886955,0.020145001230839732,129,129,0.006043266162888082,-0.0032206119162641045,0.43410852713178294,1.3102918949777467,129,0.00022067382413475348,-0.008980009769890782,0.3953488372093023,1.0097193021100892,0.060859091888294255,-0.033869846500067066,129,0.008173990888356254,0.005599104143336975,0.5271317829457365,1.3300451603171235
2022,taiex_close_ma60,Q2,0.034464921698775575,0.04875798462762315,44,44,0.004561389410579658,-0.013554948391013899,0.3181818181818182,1.2303043433578131,44,-0.001252887670424912,-0.019268590476451748,0.3181818181818182,0.946997231443211,0.06428214365951869,-0.035665204193902504,44,0.012751429427981083,-0.008377014361152735,0.4090909090909091,1.5385762059735189
2022,taiex_close_ma60,Q3,0.05185532518002778,0.06557054490539871,26,26,0.005379548141016262,-0.020824862038919534,0.38461538461538464,1.2372386871122592,26,-0.00044106635756974854,-0.026491399034893177,0.38461538461538464,0.9831047996560675,0.060660312508117,-0.03616723574873965,26,0.0025353960136687984,-0.007619567194035337,0.4230769230769231,1.0842040478440822
2022,taiex_close_ma60,Q4,0.06997354884113705,0.0864950108410314,30,30,-0.0132989607140037,-0.024131759492052707,0.26666666666666666,0.5868524864835408,30,-0.019007984014685404,-0.029792040745361306,0.23333333333333334,0.476073124467193,0.04874544934870102,-0.04783279860443093,30,-0.024872127792619225,-0.02373913911914516,0.3333333333333333,0.4429139707666565
2022,taiex_close_ma60,Q5,,,0,0,,,,,0,,,,,,,0,,,,
2022,taiex_ma20_ma60,Q1,-0.07332563933070535,-0.0001805363242413094,165,165,0.008787604493893443,-0.004184100418409997,0.43636363636363634,1.4691766199586378,165,0.002948512807955494,-0.009939364819686686,0.40606060606060607,1.1344145419080631,0.06271973701728911,-0.03411470392059034,165,0.013851716994290632,0.00588235294117645,0.5272727272727272,1.6195122716151438
2022,taiex_ma20_ma60,Q2,0.007406099176130665,0.01953467918316254,9,9,0.026616745483775066,0.0,0.4444444444444444,4.1932961432656155,9,0.02067193764030973,-0.005796954598966023,0.4444444444444444,2.7968751988273453,0.08991241920475683,-0.023681359855208868,9,0.020894490429583024,0.0,0.4444444444444444,2.3585009242166315
2022,taiex_ma20_ma60,Q3,0.02367719827544912,0.03262406418402963,35,35,-0.020714231571686958,-0.028787878787878918,0.2,0.3504858540660033,35,-0.026381249759759546,-0.034415338230759665,0.2,0.27398367837881715,0.046480625912832634,-0.04207014856176927,35,-0.034077985801462624,-0.03700000000000003,0.22857142857142856,0.30625953109644866
2022,taiex_ma20_ma60,Q4,0.03895587276668633,0.053818949541805994,15,15,-0.007234400306887875,-0.045128205128205146,0.26666666666666666,0.7664098512506764,15,-0.012975066082332369,-0.05065364290049531,0.2,0.6303088806917492,0.04836539214303073,-0.051320192871477724,15,-0.01359047688592765,-0.011444921316166146,0.4666666666666667,0.6669517936374663
2022,taiex_ma20_ma60,Q5,0.06022573260251529,0.062344315993803745,5,5,-0.026961888381930543,-0.051359516616314105,0.2,0.3011724836314779,5,-0.03258993983431259,-0.05683588144573652,0.2,0.24178529998734433,0.04169952209814722,-0.04589895846242882,5,-0.028346575915631788,-0.018382352941176516,0.2,0.2907379464380755
2022,taiex_close_vs_ma60,Above MA60,,,148,148,0.003264228637318777,-0.009271935382195728,0.3716216216216216,1.154435364089582,148,-0.0025427691449860378,-0.015016243938787494,0.35135135135135137,0.896965265494205,0.060083443964814305,-0.036008709651892956,148,0.005434285054062447,-0.0013860553038948509,0.4594594594594595,1.2095565925983298
2022,taiex_close_vs_ma60,At/Below MA60,,,81,81,0.002939210629644448,-0.00797448165869219,0.4074074074074074,1.131467283432757,81,-0.0028646610674661105,-0.01372554045663824,0.37037037037037035,0.888640539295957,0.05958542066034984,-0.03684595360691806,81,0.0016171604198110387,0.0,0.48148148148148145,1.0519618011249727
2022,taiex_ma20_vs_ma60,MA20 Above MA60,,,64,64,-0.011387075658875605,-0.024131759492052707,0.25,0.6057913185354218,64,-0.017107374894302266,-0.029792040745361306,0.234375,0.4827463257254154,0.05265644019418986,-0.04195133005848616,64,-0.021097955032062785,-0.018218698137562217,0.3125,0.4942101525598526
2022,taiex_ma20_vs_ma60,MA20 At/Below MA60,,,165,165,0.008787604493893443,-0.004184100418409997,0.43636363636363634,1.4691766199586378,165,0.002948512807955494,-0.009939364819686686,0.40606060606060607,1.1344145419080631,0.06271973701728911,-0.03411470392059034,165,0.013851716994290632,0.00588235294117645,0.5272727272727272,1.6195122716151438
2022,taiex_joint_regime,Bear Rally: MA60 >= Close > MA20,,,81,81,0.002939210629644448,-0.00797448165869219,0.4074074074074074,1.131467283432757,81,-0.0028646610674661105,-0.01372554045663824,0.37037037037037035,0.888640539295957,0.05958542066034984,-0.03684595360691806,81,0.0016171604198110387,0.0,0.48148148148148145,1.0519618011249727
2022,taiex_joint_regime,Recovery: Close > MA60 >= MA20,,,84,84,0.014427127148704972,-0.0005464480874316502,0.4642857142857143,1.9471433687303494,84,0.00855407333068347,-0.006346016090856008,0.44047619047619047,1.4678758835252945,0.0657421135043377,-0.03148099886591719,84,0.02564932511968167,0.012012288294919182,0.5714285714285714,2.8440811159863415
2022,taiex_joint_regime,Strong Bull: MA20 > MA60,,,64,64,-0.011387075658875605,-0.024131759492052707,0.25,0.6057913185354218,64,-0.017107374894302266,-0.029792040745361306,0.234375,0.4827463257254154,0.05265644019418986,-0.04195133005848616,64,-0.021097955032062785,-0.018218698137562217,0.3125,0.4942101525598526
2023,taiex_close_ma20,Q1,0.00031226714303089764,0.013687068827235693,208,208,-0.005958788218947473,-0.02238160291438973,0.34615384615384615,0.7879816730528933,208,-0.011712913281531474,-0.028060220371083848,0.3317307692307692,0.6314749291589836,0.05978880772437841,-0.04050546143184856,208,-0.007816902646627315,-0.015859616351749373,0.4230769230769231,0.7661460344613266
2023,taiex_close_ma20,Q2,0.01413416934340006,0.022280859921865126,160,160,-0.006047877386869321,-0.01629415888231367,0.325,0.7370294953244096,160,-0.011802569662156443,-0.02198709500629869,0.29375,0.5604686425764963,0.05211518982192596,-0.03694778063802024,160,-0.0032307325604909202,-0.011975962633857362,0.40625,0.8789648168172983
2023,taiex_close_ma20,Q3,0.023962780986370058,0.03547889109097846,112,112,0.010471039072198913,-0.010382601908299427,0.39285714285714285,1.5407718814168543,112,0.004619920953716285,-0.01612205842650565,0.36607142857142855,1.2022041909880246,0.06073541157253163,-0.03611212731721198,112,0.023064310674740372,0.003466035770267939,0.5178571428571429,2.227280264303907
2023,taiex_close_ma20,Q4,0.03547889109097846,0.04688873845605879,123,123,0.010237270648276247,-0.004739336492891044,0.4146341463414634,1.6784319104026437,123,0.004387276677736621,-0.01049134777600369,0.3902439024390244,1.2380129698606244,0.0626119450830769,-0.029671409769400255,123,0.013714407680958829,-0.0016025641025640969,0.4796747967479675,1.7701018684326724
2023,taiex_close_ma20,Q5,0.04806364453881895,0.06753759196715148,45,45,0.010929882022096571,-0.007462686567164201,0.4,1.7045101311264272,45,0.005073758686977735,-0.013208119363336128,0.3333333333333333,1.268124093183068,0.05697628177557144,-0.028440930195864845,45,0.01093273985312951,0.003278688524590123,0.5111111111111111,1.5670780895690684
2023,taiex_ma20_slope,Q1,0.00013381395948286468,0.0011901759840684534,204,204,-0.0026134981702140205,-0.015412158711684887,0.3382352941176471,0.8943564466043392,204,-0.008387646004612528,-0.021105885028511566,0.31862745098039214,0.7052928699148558,0.05759610990965566,-0.03829624036542597,204,-0.004286234289474372,-0.010600398604882932,0.4166666666666667,0.8660358749814575
2023,taiex_ma20_slope,Q2,0.0012700233390803284,0.0022728380917755864,172,172,-0.002993195759101877,-0.018013624892922464,0.36627906976744184,0.8771297267598651,172,-0.00876485662414621,-0.0237050076878437,0.3430232558139535,0.6867185129721246,0.05687684652623214,-0.037952431403985146,172,0.003981091130191381,-0.00408692185007975,0.47674418604651164,1.1567680930173954
2023,taiex_ma20_slope,Q3,0.0023264074086490893,0.0032027528136837624,105,105,0.008498452353262215,-0.00484848484848488,0.44761904761904764,1.4666298684733816,105,0.0026601302084988763,-0.010602055939843457,0.4095238095238095,1.1241905098186018,0.06354129047065389,-0.03244102961942454,105,0.01592766329286475,0.012658227848101333,0.5714285714285714,1.907724005281016
2023,taiex_ma20_slope,Q4,0.0032168071563398737,0.004528293081592194,134,134,0.0045915241442734765,-0.011015441830382389,0.34328358208955223,1.2380383876296754,134,-0.0012268355322040457,-0.01675406538382653,0.31343283582089554,0.9466954352018229,0.05670599008825146,-0.03464284699619491,134,0.005702940887699303,-0.00971055889754674,0.373134328358209,1.2475727213479753
2023,taiex_ma20_slope,Q5,0.004581407340197963,0.005158415316242504,33,33,0.007790260310377015,-0.00766283524904221,0.36363636363636365,1.499535846972693,33,0.0019516855850094787,-0.013407738054173135,0.3333333333333333,1.1016283895368364,0.06179418800289522,-0.027941319888593726,33,0.011280626348485017,-0.001779359430605032,0.48484848484848486,1.6621427637207578
2023,taiex_close_ma60,Q1,-0.0077200878301877385,0.030162042569572556,100,100,-0.01628960920291219,-0.019559236755770648,0.24,0.4074650259158868,100,-0.02198569023690466,-0.025247341815781837,0.22,0.3077959456872059,0.04902727770391827,-0.04026436531085884,100,-0.020673866196090775,-0.020680744898868453,0.28,0.4162429277295529
2023,taiex_close_ma60,Q2,0.030162042569572556,0.04937096704538502,271,271,0.006905062868422282,-0.008313539192399078,0.42066420664206644,1.3363841731578714,271,0.0010765677034157367,-0.014065914982953079,0.3985239852398524,1.045156963924137,0.06451181020351816,-0.03533461738801818,271,0.006499668408599109,0.0,0.4981549815498155,1.2525162897814373
2023,taiex_close_ma60,Q3,0.04937096704538502,0.06596215021787266,183,183,0.002503870504468265,-0.012195121951219523,0.3825136612021858,1.1104992386948873,183,-0.003300891582738092,-0.017905031153601845,0.3551912568306011,0.8738629309161972,0.056786616663748284,-0.03584341056204185,183,0.014469002170778057,0.0,0.4972677595628415,1.6949168583200873
2023,taiex_close_ma60,Q4,0.06596215021787266,0.0854219635661353,94,94,0.0001721021915906915,-0.00989102306697004,0.30851063829787234,1.0090394752267065,94,-0.005621589933041264,-0.01563356104739902,0.26595744680851063,0.7552608132975024,0.05387969377032333,-0.03350321727439534,94,0.0029506846507339458,-0.011926128849423734,0.4148936170212766,1.1347018204270738
2023,taiex_close_ma60,Q5,,,0,0,,,,,0,,,,,,,0,,,,
2023,taiex_ma20_ma60,Q1,-0.014096160249955636,0.002059733349565329,125,125,0.0024532797556213967,-0.012195121951219523,0.352,1.1286879782580397,125,-0.0033516780729569286,-0.017905031153601845,0.328,0.8527410474308476,0.05669512915994292,-0.033159191722156735,125,0.008997015631492378,-0.002139037433155133,0.48,1.4280559947626643
2023,taiex_ma20_ma60,Q2,0.0040345467390994205,0.023210715537540283,201,201,0.004601027527558297,-0.012345679012345734,0.3781094527363184,1.2176789369452434,201,-0.0012163221487878654,-0.018079469296584133,0.3482587064676617,0.9506661503976015,0.060828821083570815,-0.034598255467977096,201,0.0007018241443983933,-0.00917431192660545,0.40298507462686567,1.0256612030599748
2023,taiex_ma20_ma60,Q3,0.023210715537540283,0.035850517693151396,202,202,0.0027226168815071435,-0.009410307088704661,0.37623762376237624,1.127849890876737,202,-0.0030817420938598406,-0.015160403794137712,0.3613861386138614,0.8758754253963892,0.05955752806244735,-0.03692251135228142,202,0.0032800536556124834,-0.0063193415083322435,0.46534653465346537,1.1208728158174945
2023,taiex_ma20_ma60,Q4,0.03629961479874311,0.04702823723077776,120,120,-0.008872817393149154,-0.023631023351848024,0.3416666666666667,0.6788388072636382,120,-0.014611328128550717,-0.029295205313249483,0.3,0.5348147558960814,0.05414971290013846,-0.039610573269931636,120,0.005757923567902588,-0.005597643097643101,0.48333333333333334,1.248524508677663
2023,taiex_ma20_ma60,Q5,,,0,0,,,,,0,,,,,,,0,,,,
2023,taiex_close_vs_ma60,Above MA60,,,631,631,0.001972803853468976,-0.012089810017271052,0.3724247226624406,1.0912361649255595,631,-0.0038284770930525815,-0.017824044293369447,0.34548335974643424,0.8480403192167942,0.05894596648014224,-0.03595565496495765,631,0.00525091692718746,-0.004918032786885185,0.4595879556259905,1.212262125387827
2023,taiex_close_vs_ma60,At/Below MA60,,,17,17,-0.0310671885976757,-0.03542234332425065,0.11764705882352941,0.12598316368018775,17,-0.03667898492326893,-0.041007100246572704,0.11764705882352941,0.09321593415633614,0.03806856179128375,-0.03663212452925593,17,-0.04083019455956652,-0.04117647058823526,0.17647058823529413,0.1063539848766255
2023,taiex_ma20_vs_ma60,MA20 Above MA60,,,537,537,0.0009996585433279161,-0.012499999999999956,0.37057728119180633,1.0443979332495823,537,-0.004795915116545171,-0.01823365873429579,0.34450651769087526,0.8161823969649475,0.05926332610921359,-0.036506098692598306,537,0.0035702208673687352,-0.007042253521126751,0.4506517690875233,1.1383712183111325
2023,taiex_ma20_vs_ma60,MA20 At/Below MA60,,,111,111,0.001620544032534647,-0.013157894736842146,0.34234234234234234,1.0833789041909194,111,-0.004179327674117065,-0.018868120715210015,0.3153153153153153,0.8198015411368355,0.0542131917006656,-0.033396300918561654,111,0.0063243843942850965,-0.005417118093174467,0.4594594594594595,1.277387039119652
2023,taiex_joint_regime,Bear Rally: MA60 >= Close > MA20,,,17,17,-0.0310671885976757,-0.03542234332425065,0.11764705882352941,0.12598316368018775,17,-0.03667898492326893,-0.041007100246572704,0.11764705882352941,0.09321593415633614,0.03806856179128375,-0.03663212452925593,17,-0.04083019455956652,-0.04117647058823526,0.17647058823529413,0.1063539848766255
2023,taiex_joint_regime,Recovery: Close > MA60 >= MA20,,,94,94,0.007532155252891837,-0.008836830974459031,0.3829787234042553,1.4558726647202858,94,0.001698269913495507,-0.014584273424497089,0.35106382978723405,1.0846087368284443,0.057132965194915515,-0.03281109877620205,94,0.014852340162534856,0.0015126616154013117,0.5106382978723404,1.79593476827425
2023,taiex_joint_regime,Strong Bull: MA20 > MA60,,,537,537,0.0009996585433279161,-0.012499999999999956,0.37057728119180633,1.0443979332495823,537,-0.004795915116545171,-0.01823365873429579,0.34450651769087526,0.8161823969649475,0.05926332610921359,-0.036506098692598306,537,0.0035702208673687352,-0.007042253521126751,0.4506517690875233,1.1383712183111325
2024,taiex_close_ma20,Q1,0.00045452301662707306,0.01366963290579859,96,96,0.0021953986665136705,-0.016701534170153465,0.3333333333333333,1.0872858431762986,96,-0.0036069676864742355,-0.022405829946475032,0.3125,0.8752721336686654,0.05919284549267581,-0.041571813890289244,96,-0.0030468017673615892,-0.014914385291443566,0.3854166666666667,0.9210501407590332
2024,taiex_close_ma20,Q2,0.013947238139981666,0.02252136755355938,127,127,-0.0018653622183928452,-0.022106631989596837,0.30708661417322836,0.934284006102846,127,-0.0076442826308345995,-0.02779464179272265,0.28346456692913385,0.7633462895091613,0.05963829783627419,-0.04383832872828771,127,-0.0034639729792960857,-0.01834862385321101,0.3779527559055118,0.9144137794345203
2024,taiex_close_ma20,Q3,0.0233428527738071,0.03506251233356372,143,143,-0.004466923653535311,-0.023017902813299185,0.27972027972027974,0.8368711034185271,143,-0.010228259348634893,-0.02869418514876153,0.25874125874125875,0.6747373539101132,0.06190141575780016,-0.042313383675234385,143,-0.010925854045050743,-0.019169329073482566,0.38461538461538464,0.7296061368900164
2024,taiex_close_ma20,Q4,0.03577551853337724,0.04784734762897225,204,204,0.018203273645150734,-0.013565225923563795,0.4068627450980392,1.7863030064977923,204,0.012307688177753929,-0.019282582469620974,0.39705882352941174,1.4646795393609413,0.08297800165449117,-0.03967226490259941,204,0.027381116429915447,0.0,0.4950980392156863,2.1138828792674937
2024,taiex_close_ma20,Q5,0.04784734762897225,0.06463243262900242,27,27,-0.003404173298499986,-0.026798307475317418,0.3333333333333333,0.8831949541476122,27,-0.00917292077636925,-0.032435981862429714,0.2962962962962963,0.720681586265561,0.06945776194017213,-0.044714287093349625,27,0.00542598566896222,-0.009009009009009028,0.4444444444444444,1.1845210408736713
2024,taiex_ma20_slope,Q1,2.4297930346417473e-05,0.001195539477800489,105,105,0.015492093304500706,-0.011001100110010986,0.3523809523809524,1.7205725878375595,105,0.009613495485642533,-0.016745128150618186,0.3142857142857143,1.3811065898632175,0.07513925901199274,-0.03802292801516875,105,0.005962981997352933,-0.00990099009900991,0.4,1.1586392924880047
2024,taiex_ma20_slope,Q2,0.0012297058565664543,0.0023054086472709123,106,106,-0.00847681202207483,-0.022358300860022107,0.2641509433962264,0.7120838712442142,106,-0.014217912834575977,-0.028038065130598783,0.2641509433962264,0.5759911810744256,0.051674755080041546,-0.04491110748903019,106,-0.010053819601304097,-0.028526306773164367,0.3490566037735849,0.7587282518301591
2024,taiex_ma20_slope,Q3,0.0023054086472709123,0.00320802112625862,185,185,0.002174606830387057,-0.02083333333333337,0.33513513513513515,1.0798984465859616,185,-0.003625592424056786,-0.026520655379112756,0.32972972972972975,0.8827644318379708,0.06338818786729043,-0.042206643829376195,185,0.005123133745976045,-0.0060753341433779084,0.4486486486486487,1.148078403179229
2024,taiex_ma20_slope,Q4,0.00320802112625862,0.004526036277254786,151,151,0.0010497753547114423,-0.021489971346704828,0.3443708609271523,1.0394213162174555,151,-0.004746965450999238,-0.027170712398561427,0.304635761589404,0.8436961351196904,0.07217983232384427,-0.043300608404312324,151,0.0083849238163198,-0.014598540145985384,0.41721854304635764,1.2917078946695697
2024,taiex_ma20_slope,Q5,0.004597884069438507,0.005508491235839186,50,50,0.033353925350588925,-0.0021126760563380254,0.48,2.6507624986657814,50,0.02737147528902998,-0.007888662711587086,0.48,2.1848971643769426,0.0983647136935422,-0.03619995452507739,50,0.033262464540629554,0.013474015748031531,0.56,2.253236374561606
2024,taiex_close_ma60,Q1,-0.020554295000239198,0.02700785503756875,92,92,-0.002003334414548083,-0.020936131423022863,0.30434782608695654,0.9338960091286317,92,-0.00778065793179786,-0.026621113799269402,0.29347826086956524,0.7723119557019997,0.06116369310917969,-0.04376856413460302,92,-0.00964186984413583,-0.02572439755043615,0.358695652173913,0.7881849341804544
2024,taiex_close_ma60,Q2,0.03018184108008848,0.04910329824624737,80,80,-0.004239622330802033,-0.018211042619473705,0.3375,0.8296298066999399,80,-0.010004922436063077,-0.023901915282597413,0.325,0.6501907627992809,0.05231536229496784,-0.041736480548071664,80,-0.006746438068258391,-0.019604302792906925,0.35,0.8111252793994664
2024,taiex_close_ma60,Q3,0.049466658232714567,0.06532088362477606,166,166,0.01404137838910071,-0.014741082472503553,0.3614457831325301,1.644378914217343,166,0.008170335270761322,-0.020439135069060387,0.3373493975903614,1.3211972498629332,0.07362086543817478,-0.03861922904679717,166,0.028928272923550123,0.0047402947519770144,0.5240963855421686,2.4515782334596605
2024,taiex_close_ma60,Q4,0.06684323722707797,0.0926450458002841,153,153,0.0010380008628565103,-0.01928374655647369,0.33986928104575165,1.0378216766170516,153,-0.004757857311723339,-0.024969366307931944,0.3202614379084967,0.8474042297313465,0.06948324314444172,-0.04377575054839321,153,-0.0014127185376248646,-0.01834862385321101,0.38562091503267976,0.9625518229412505
2024,taiex_close_ma60,Q5,0.0926450458002841,0.12284071815036168,106,106,0.009343735286225887,-0.02077957763064925,0.33962264150943394,1.34756454656471,106,0.0035024196866534096,-0.026461142153934948,0.32075471698113206,1.1145771163835205,0.07780247870086238,-0.04184429565347021,106,0.0026250415127699197,-0.015120392559625662,0.4339622641509434,1.0646152378744793
2024,taiex_ma20_ma60,Q1,-0.03182376599073122,0.0027365861974566474,86,86,-0.0076947896373358885,-0.020936131423022863,0.29069767441860467,0.7454294216099374,86,-0.01343925360064994,-0.026621113799269402,0.27906976744186046,0.6067429157869507,0.05599748248264003,-0.043241792270306244,86,-0.012501686944220337,-0.02572439755043615,0.3488372093023256,0.710192400732271
2024,taiex_ma20_ma60,Q2,0.004580248103936757,0.021999223691228087,145,145,0.021346121184159496,-0.01026392961876832,0.43448275862068964,1.9931626942688443,145,0.015433251272412242,-0.01600548544551092,0.41379310344827586,1.6246529636781435,0.08119480544191075,-0.038341187409918646,145,0.03193168090965726,0.004950495049504955,0.5103448275862069,2.386395240476876
2024,taiex_ma20_ma60,Q3,0.023607704522060624,0.036130703431277,110,110,-0.0073110888455298366,-0.02083333333333337,0.2545454545454545,0.712210604368709,110,-0.013060661465781796,-0.026520655379112756,0.2545454545454545,0.558397820551919,0.05417702898325446,-0.04245026878789037,110,-0.005635845535086137,-0.01595911668514527,0.39090909090909093,0.8111041677195754
2024,taiex_ma20_ma60,Q4,0.03661066726446571,0.05296925730113822,100,100,0.009968409378631285,-0.010293038630570073,0.4,1.4166443989312003,100,0.004120814754627855,-0.016033006099066667,0.36,1.1506587135013497,0.07118199037679043,-0.041966483996660225,100,0.025860643827460558,0.0044854457328012964,0.52,2.102009395673744
2024,taiex_ma20_ma60,Q5,0.055256739918698505,0.0699089712518961,156,156,0.0021191378499874013,-0.02568815987933637,0.30128205128205127,1.0727870131459936,156,-0.003680055709250947,-0.031326499085211665,0.28205128205128205,0.8886390076225393,0.07208108235480021,-0.04336640553301948,156,-0.013356636732684458,-0.033720053356373514,0.34615384615384615,0.7312700657146105
2024,taiex_close_vs_ma60,Above MA60,,,574,574,0.006273740660952869,-0.017830963525567456,0.34668989547038326,1.2465921855533115,574,0.0004483528115122404,-0.023522121065656532,0.32926829268292684,1.0153945464983627,0.06960692887705767,-0.041421356470284124,574,0.007744431511853184,-0.00965268940687175,0.4337979094076655,1.23206913837057
2024,taiex_close_vs_ma60,At/Below MA60,,,23,23,-0.028021078567035864,-0.027848101265822822,0.17391304347826086,0.23389141337777092,23,-0.033651689799152396,-0.03349530196106074,0.13043478260869565,0.18351834121414456,0.0416075730582114,-0.0492932576185416,23,-0.04382039084863338,-0.051181102362204633,0.17391304347826086,0.21056119582635743
2024,taiex_ma20_vs_ma60,MA20 Above MA60,,,530,530,0.00652104566575074,-0.018036786786786774,0.3452830188679245,1.2559698218255362,530,0.0006940161675970927,-0.023723717761025033,0.3264150943396226,1.0237918292001402,0.07030099279825683,-0.04170227401969661,530,0.007901218271466687,-0.00928935032066952,0.4358490566037736,1.2382695909830248
2024,taiex_ma20_vs_ma60,MA20 At/Below MA60,,,67,67,-0.007455401052280151,-0.017201834862385357,0.29850746268656714,0.7428674881823815,67,-0.013200939110431914,-0.02289716642529432,0.2835820895522388,0.5988682366057999,0.05450485332378878,-0.041901467294482735,67,-0.011197178889435591,-0.023090586145648295,0.3283582089552239,0.7373700019701793
2024,taiex_joint_regime,Bear Rally: MA60 >= Close > MA20,,,23,23,-0.028021078567035864,-0.027848101265822822,0.17391304347826086,0.23389141337777092,23,-0.033651689799152396,-0.03349530196106074,0.13043478260869565,0.18351834121414456,0.0416075730582114,-0.0492932576185416,23,-0.04382039084863338,-0.051181102362204633,0.17391304347826086,0.21056119582635743
2024,taiex_joint_regime,Recovery: Close > MA60 >= MA20,,,44,44,0.003294839466796699,-0.014492774739124248,0.36363636363636365,1.1316284933648915,44,-0.002510773977691662,-0.02019266968461423,0.36363636363636365,0.9121102993185787,0.06124661346261333,-0.03803757689781559,44,0.005855863725599617,-0.014203973589919039,0.4090909090909091,1.1630910456683015
2024,taiex_joint_regime,Strong Bull: MA20 > MA60,,,530,530,0.00652104566575074,-0.018036786786786774,0.3452830188679245,1.2559698218255362,530,0.0006940161675970927,-0.023723717761025033,0.3264150943396226,1.0237918292001402,0.07030099279825683,-0.04170227401969661,530,0.007901218271466687,-0.00928935032066952,0.4358490566037736,1.2382695909830248
2025,taiex_close_ma20,Q1,0.00043358437230955893,0.013785715316718017,114,114,0.007621606293485429,-0.017808074402874685,0.34210526315789475,1.2649788609818355,114,0.0017897383664371733,-0.023500180796306426,0.3157894736842105,1.0551608090263058,0.06750339474032419,-0.04616745122310981,114,0.0028407394278555965,-0.01753393665158376,0.40350877192982454,1.0687483303148186
2025,taiex_close_ma20,Q2,0.013785715316718017,0.02291181480065352,117,117,0.004565187861594697,-0.01686746987951815,0.3333333333333333,1.1760728931461388,117,-0.0012496093264089075,-0.022556954994411942,0.3162393162393162,0.9578669961993352,0.0728732695019088,-0.0408497799847179,116,0.003019016559235575,-0.015969051243023835,0.39655172413793105,1.0833995531332945
2025,taiex_close_ma20,Q3,0.02291181480065352,0.035054204482070084,144,144,0.00993281431918927,-0.021512944983818783,0.3333333333333333,1.3830922370638556,144,0.004086433039638646,-0.027193440685432273,0.3263888888888889,1.1378625853637294,0.07697018975991214,-0.04112038372007761,144,0.016239175537020176,-0.011101534925716194,0.4513888888888889,1.5399312537627878
2025,taiex_close_ma20,Q4,0.03576859027575896,0.04637127766117688,65,65,0.019175723432026243,0.005025125628140614,0.5230769230769231,1.8353879032897449,65,0.013276850357303055,-0.0007852071304522095,0.49230769230769234,1.5181696760226147,0.0763008424456006,-0.037641638473941544,64,0.009003154860821878,-0.007537688442211032,0.484375,1.2810895151775408
2025,taiex_close_ma20,Q5,0.048236782878613216,0.07920178523424348,50,50,-0.0032385984077901078,-0.02106450279168115,0.28,0.8638918651609495,50,-0.00901411093931531,-0.02674691838904837,0.22,0.6778548030731923,0.05475472319380996,-0.036880927112908565,50,0.0015442375198412561,-0.015501538503710832,0.4,1.0523584438086255
2025,taiex_ma20_slope,Q1,0.00013871819929089924,0.0011669821990554219,102,102,-0.0023287558271538828,-0.02454394693200662,0.30392156862745096,0.9219063308587624,102,-0.008101995161588247,-0.030201591086955897,0.27450980392156865,0.75959652873979,0.06934361482220458,-0.04487034932262945,102,-0.0053812826098828355,-0.022615571776155696,0.4019607843137255,0.8633521199275159
2025,taiex_ma20_slope,Q2,0.001236131675082186,0.0022834028377252125,126,126,0.01441183714394544,-0.013805337412220064,0.3492063492063492,1.608079255267258,126,0.008538410793125997,-0.019521308722257012,0.3412698412698413,1.3120282695218375,0.07398225444799669,-0.04094975999509186,125,0.013683102890342927,-0.00462962962962965,0.44,1.4264816759553456
2025,taiex_ma20_slope,Q3,0.002309450360105769,0.0031710215345976955,122,122,0.011689064785990414,-0.020371583506205215,0.3524590163934426,1.4432341792123424,122,0.005833640638841605,-0.02605551066101515,0.3442622950819672,1.1946353520001396,0.07335651009795006,-0.04135032243276303,122,0.020561936523906248,-0.011101534925716194,0.45901639344262296,1.659268201415279
2025,taiex_ma20_slope,Q4,0.003233220187962127,0.004543277073841834,78,78,0.007490572551202598,-0.017760468951670716,0.41025641025641024,1.291469765297247,78,0.0016574450338575069,-0.023452262061137173,0.358974358974359,1.0570498214055013,0.07173159722906486,-0.04149817907251009,77,-0.00648727545799949,-0.019975031210986205,0.38961038961038963,0.8363267062025626
2025,taiex_ma20_slope,Q5,0.004543277073841834,0.008013829095795622,62,62,0.005308363117214699,-0.014807560187689084,0.3870967741935484,1.222671178825163,62,-0.000513857378718421,-0.02051190615137051,0.3548387096774194,0.9811887613790654,0.06553526109794765,-0.03607353411365583,62,0.007989874182693788,-0.015850131168860193,0.41935483870967744,1.2633568768343255
2025,taiex_close_ma60,Q1,-0.04815797093261043,0.029461889666999586,134,134,-0.0018004495175932128,-0.018627546650185955,0.3358208955223881,0.9331959880505936,134,-0.0075809402028333495,-0.02431504568929715,0.291044776119403,0.7531300456032879,0.06312822677658281,-0.038729799090020126,134,-0.0034980765303581473,-0.018003775798233035,0.417910447761194,0.8996869258370517
2025,taiex_close_ma60,Q2,0.030182599715119718,0.04862727298893299,76,76,0.018557497927743628,-0.019191461185242786,0.34210526315789475,1.8161250040545847,76,0.012660954715694818,-0.0248804471205561,0.32894736842105265,1.4783210035341379,0.07885856236982683,-0.03912074743595529,76,0.028770415125128183,-0.002691149738695775,0.4605263157894737,2.035953256439149
2025,taiex_close_ma60,Q3,0.04940190592631821,0.06591770777220374,94,94,0.0048087050433624785,-0.014933250081764937,0.35106382978723405,1.1863955506878625,94,-0.001006628503218904,-0.02062733468921222,0.3404255319148936,0.9657907003486469,0.0675061913755363,-0.04160163988137055,93,0.0017600789585997378,-0.0078125,0.40860215053763443,1.0519484617234316
2025,taiex_close_ma60,Q4,0.06616717474945455,0.09248924834920547,138,138,0.011479843690239945,-0.022374317207993988,0.32608695652173914,1.422392140902145,138,0.005625409993716173,-0.02805254036888752,0.32608695652173914,1.1819265269101433,0.07262948198522515,-0.043767305457488685,137,0.011889380656260794,-0.017094017094017144,0.41605839416058393,1.3386948825063882
2025,taiex_close_ma60,Q5,0.09579740446056406,0.1137662786857061,48,48,0.014842940654982572,0.004424608703171629,0.5208333333333334,1.5875035722989888,48,0.008968581156406278,-0.001383117755393498,0.4583333333333333,1.3207718641334507,0.08711821134941154,-0.04460811717941141,48,0.0032409060950662157,-0.014619841416715296,0.4583333333333333,1.0769477074096907
2025,taiex_ma20_ma60,Q1,-0.09282946419703286,0.003702573686650945,73,73,0.0020958993665381523,-0.021113243761996192,0.3424657534246575,1.0786854175452572,73,-0.0037086430011009216,-0.026793234510990662,0.3013698630136986,0.8779845646446294,0.06276396425533749,-0.03667725858397623,73,0.003870621228155849,-0.015533980582524198,0.4246575342465753,1.1269775617259616
2025,taiex_ma20_ma60,Q2,0.003702573686650945,0.02111293033795647,101,101,0.000640768242162725,-0.020689655172413834,0.32673267326732675,1.0239981284968191,101,-0.0051514385493775005,-0.02637072348881983,0.297029702970297,0.8308641183793947,0.07076283484719287,-0.040805549808972726,101,0.000510069738359132,-0.01764705882352946,0.43564356435643564,1.0132576922843026
2025,taiex_ma20_ma60,Q3,0.024543998350216256,0.036139865475672384,41,41,0.05145390739555797,0.0017301038062282892,0.5121951219512195,5.197675192817405,41,0.045364170575508456,-0.00407348453691739,0.4878048780487805,4.001782017329217,0.10729786107014981,-0.028063240863710346,41,0.05322722159978652,0.019406392694063967,0.5609756097560976,4.514676734531261
2025,taiex_ma20_ma60,Q4,0.036139865475672384,0.05422027516350725,204,204,0.008895828159128085,-0.018683887619531214,0.3333333333333333,1.3278640579240424,204,0.00305636677426098,-0.024371356205857606,0.3235294117647059,1.0990610923947268,0.06915106707677039,-0.044220281537167526,202,0.016796339023740264,-0.005783178457618443,0.4405940594059406,1.5649310871360154
2025,taiex_ma20_ma60,Q5,0.05422027516350725,0.07194822414484547,71,71,-0.0031587314362866545,-0.021666666666666612,0.38028169014084506,0.8905494537552003,71,-0.008927346710235182,-0.027343778165845083,0.352112676056338,0.7235843209892365,0.06715087434448949,-0.046257339344486025,71,-0.03159638988104221,-0.04500000000000004,0.29577464788732394,0.44299401568288926
2025,taiex_close_vs_ma60,Above MA60,,,465,465,0.00740733309043344,-0.018475750577367167,0.34623655913978496,1.2800564745707836,465,0.001575673234535533,-0.024161305871954707,0.32903225806451614,1.052341168975047,0.07149333777579168,-0.042174544655625756,463,0.006508209433943801,-0.015936254980079667,0.4168466522678186,1.1844033995023424
2025,taiex_close_vs_ma60,At/Below MA60,,,25,25,0.01893590299471298,0.002309468822170979,0.52,2.1036511478382534,25,0.013034956499674837,-0.003492565625396073,0.4,1.6472476314589208,0.07032622841836159,-0.025737541796933647,25,0.026104172485858123,0.003937007874015741,0.6,2.5374742083771125
2025,taiex_ma20_vs_ma60,MA20 Above MA60,,,434,434,0.008437026593864357,-0.017808074402874685,0.35253456221198154,1.3162412613407544,434,0.002599787955574513,-0.023500180796306426,0.33410138248847926,1.085810002508648,0.07345071013106942,-0.04269782712290189,432,0.008211194401682552,-0.014870093974571619,0.42592592592592593,1.2319524100452262
2025,taiex_ma20_vs_ma60,MA20 At/Below MA60,,,56,56,0.0045738914318257705,-0.014807560187689084,0.375,1.2228838166869866,56,-0.0012454643958650844,-0.02051190615137051,0.32142857142857145,0.9484462538350716,0.055802671059250776,-0.03078115782946239,56,0.002119094616706616,-0.011819806076816985,0.42857142857142855,1.0805997590473144
2025,taiex_joint_regime,Bear Rally: MA60 >= Close > MA20,,,25,25,0.01893590299471298,0.002309468822170979,0.52,2.1036511478382534,25,0.013034956499674837,-0.003492565625396073,0.4,1.6472476314589208,0.07032622841836159,-0.025737541796933647,25,0.026104172485858123,0.003937007874015741,0.6,2.5374742083771125
2025,taiex_joint_regime,Recovery: Close > MA60 >= MA20,,,31,31,-0.0070083759575994,-0.021015761821366108,0.25806451612903225,0.698360068117579,31,-0.012761932860010185,-0.026700602267106084,0.25806451612903225,0.5342377207829072,0.044090124801903344,-0.034848590113759764,31,-0.017223710116480082,-0.02819548872180455,0.2903225806451613,0.4904534122016972
2025,taiex_joint_regime,Strong Bull: MA20 > MA60,,,434,434,0.008437026593864357,-0.017808074402874685,0.35253456221198154,1.3162412613407544,434,0.002599787955574513,-0.023500180796306426,0.33410138248847926,1.085810002508648,0.07345071013106942,-0.04269782712290189,432,0.008211194401682552,-0.014870093974571619,0.42592592592592593,1.2319524100452262
2026,taiex_close_ma20,Q1,0.002191374857536621,0.013778727506066124,13,13,-0.003191749525041267,-0.02970297029702973,0.3076923076923077,0.9104659275536449,13,-0.00895741447132391,-0.03533661817784373,0.3076923076923077,0.7729382403201713,0.08892516275496348,-0.05331439443396953,13,-0.010673711952307187,-0.015151515151515138,0.46153846153846156,0.6577260454160864
2026,taiex_close_ma20,Q2,0.014003946345932938,0.022907691620502435,41,41,0.010955983605563104,-0.028749999999999942,0.34146341463414637,1.3256801389472086,41,0.005104877819820402,-0.03438297011673454,0.21951219512195122,1.135635820807407,0.08593284266389628,-0.047898444785085065,35,-0.004125894445240436,-0.015665796344647487,0.37142857142857144,0.9156978621753529
2026,taiex_close_ma20,Q3,0.02353586828318255,0.03452016260691626,26,26,0.003071447980300222,-0.02530204897722027,0.38461538461538464,1.1118180197477951,26,-0.002730839978522716,-0.030959297217225002,0.38461538461538464,0.9115330899343418,0.0871197393076028,-0.04134946540481355,24,0.01399278436491134,-0.01085902994992688,0.4583333333333333,1.349647007483131
2026,taiex_close_ma20,Q4,0.03660350371924426,0.04741833729350842,62,62,-0.0014619104788780842,-0.027626104007907437,0.3387096774193548,0.9507895374806286,62,-0.007241220590221786,-0.03325616352614313,0.3225806451612903,0.7833345170951947,0.06934563859712323,-0.04759460711649234,62,0.011219947565775587,-0.006909453729109505,0.45161290322580644,1.2897889330108758
2026,taiex_close_ma20,Q5,0.04787980279953952,0.1120634693619329,279,279,0.003659936409479649,-0.020942408376963484,0.3835125448028674,1.1226241095862104,279,-0.002148600010579519,-0.026623890097735685,0.36200716845878134,0.9354338989138474,0.07977411912754538,-0.05084198226751392,279,0.016821457166506012,0.0,0.4982078853046595,1.4634662696269742
2026,taiex_ma20_slope,Q1,9.422770916156509e-05,0.0012127299443038808,14,14,-0.026940256481584983,-0.03712374581939798,0.2857142857142857,0.20938258444113833,14,-0.03257496691741459,-0.042705989528946206,0.21428571428571427,0.14998964456768155,0.04771387698684552,-0.04662681415379515,11,-0.03454765452821489,-0.0368421052631579,0.2727272727272727,0.1510431736656562
2026,taiex_ma20_slope,Q2,0.0012127299443038808,0.002210894334891522,23,23,-0.015595111565013557,-0.0423728813559322,0.21739130434782608,0.6122192740460944,23,-0.021291754081706617,-0.047895246300793066,0.17391304347826086,0.5230281453351584,0.06533107712842641,-0.057388823540899525,19,-0.03682159811486053,-0.023676880222841312,0.3157894736842105,0.5180247482632916
2026,taiex_ma20_slope,Q3,0.0023609673790276897,0.0031378583270234017,37,37,0.01322604191250164,-0.028749999999999942,0.35135135135135137,1.4319682879981372,37,0.007364201616948998,-0.03438297011673454,0.32432432432432434,1.2147589666794543,0.09086254098864034,-0.04847109024953848,37,0.02627882010997869,-0.0021299254526091493,0.4864864864864865,1.86174240000579
2026,taiex_ma20_slope,Q4,0.0032541409492097273,0.004419485352986863,93,93,0.013057542544250948,-0.009009009009009028,0.41935483870967744,1.5105189225122992,93,0.007192722077796357,-0.014749781503846576,0.3763440860215054,1.248778021609036,0.07602245543963122,-0.04389651806071734,92,0.032389503467329384,0.010234516140027905,0.5217391304347826,2.2431798091071564
2026,taiex_ma20_slope,Q5,0.004581410004077746,0.01107059805980426,254,254,0.0017723629504107878,-0.021802337096454738,0.37401574803149606,1.0576237172739829,254,-0.004024417515120942,-0.02747391523921227,0.3543307086614173,0.8824278392709424,0.0822763161118256,-0.051256942124963366,254,0.010114053004948529,-0.002863925607636042,0.48031496062992124,1.2523258048816504
2026,taiex_close_ma60,Q1,-0.0024071178232858426,0.025576296267154408,22,22,0.0024609818171703653,-0.02120703168738103,0.45454545454545453,1.0750352340611773,22,-0.003338660224532545,-0.02688740585883028,0.36363636363636365,0.9074145258624401,0.09828366421035088,-0.03952506514033259,14,0.031615008540322,0.008303939532753157,0.5,2.142029533677655
2026,taiex_close_ma60,Q2,0.03251879398982416,0.03251879398982416,6,6,-0.036234789122473854,-0.05007071490487697,0.16666666666666666,0.11459516106697175,6,-0.0418163271872358,-0.05557357199607037,0.16666666666666666,0.08130484653541718,0.03165060459226817,-0.05116977084583987,6,-0.04960259953324595,-0.05439268823091081,0.16666666666666666,0.08637965247356844
2026,taiex_close_ma60,Q3,0.05760403485818211,0.05760403485818211,8,8,0.04180870604698386,-0.010634340716735136,0.375,2.746380305095161,8,0.035776874586206306,-0.01636383491401212,0.375,2.304722702932567,0.12111479847932921,-0.04420415681733521,8,0.09664914416657333,0.0376129556984493,0.5,4.9581390729605
2026,taiex_close_ma60,Q4,0.06930915678990646,0.09155561687578806,62,62,0.023020831465536077,-0.0021139980374589307,0.4838709677419355,2.006603536491791,62,0.017100656795832357,-0.0078990180731403,0.46774193548387094,1.6635517032964993,0.09161894369220472,-0.04602405153110309,62,0.04955379124404557,0.025692753623188347,0.6612903225806451,3.7349249892990257
2026,taiex_close_ma60,Q5,0.09333387204755028,0.22631824732250783,323,323,-0.0005586688063073533,-0.024707412223667125,0.34674922600619196,0.9822206567566251,323,-0.0063426332708041095,-0.030379401974779625,0.3188854489164087,0.8192047936263991,0.07584940736751113,-0.05103434566744497,323,0.004492144982969916,-0.010062893081761004,0.4458204334365325,1.1068961590899018
2026,taiex_ma20_ma60,Q1,-0.021151879991281985,-0.012370769753781374,28,28,-0.005830969098467682,-0.03209770730662087,0.39285714285714285,0.8311779945763885,28,-0.011583874573683242,-0.037719410278431016,0.32142857142857145,0.6958555770138378,0.08400515143504743,-0.042020359220084146,20,0.007249726118251615,-0.021372338416505376,0.4,1.2032675366362537
2026,taiex_ma20_ma60,Q2,0.01653102261591277,0.02319674492585455,21,21,0.014030453653370275,-0.030026109660574396,0.3333333333333333,1.458298520033062,21,0.00816388159231544,-0.035652249595604306,0.3333333333333333,1.2380525390983819,0.08520088042020858,-0.05277587390250619,21,0.06322668228067785,0.02127659574468077,0.5714285714285714,3.9913253161033833
2026,taiex_ma20_ma60,Q3,0.023272924904619074,0.03473197954299745,89,89,0.015502541291789297,-0.0029069767441860517,0.48314606741573035,1.7354415023434329,89,0.009623859504006498,-0.008667655124163015,0.449438202247191,1.4009074239329933,0.08364649667083354,-0.04688417323135262,89,0.026275105015970236,0.014416775884665833,0.550561797752809,1.9686133204095144
2026,taiex_ma20_ma60,Q4,0.03666568382189084,0.0526972667787351,38,38,0.002388058441950593,-0.021364450375845556,0.42105263157894735,1.0826592496549554,38,-0.003412690839077092,-0.0270352862260708,0.39473684210526316,0.8937266032847404,0.08430146676019931,-0.050794654256216154,38,0.020648087579822255,0.009801514658241195,0.5263157894736842,1.6301198386403017
2026,taiex_ma20_ma60,Q5,0.055546665907074244,0.12630026134829464,245,245,-0.0007502071333971974,-0.02970297029702973,0.3224489795918367,0.977425836944682,245,-0.006532643207545893,-0.03533661817784373,0.2979591836734694,0.8235729105511341,0.07637322060016848,-0.050938924362337025,245,0.0034515062759749525,-0.011826544021024898,0.44081632653061226,1.0783782296877022
2026,taiex_close_vs_ma60,Above MA60,,,419,419,0.0034674256539733578,-0.022151898734177222,0.36992840095465396,1.1145036643135884,419,-0.0023398257147058035,-0.027827547803205465,0.3436754176610978,0.9308070775124359,0.07972521595245968,-0.04952640153840785,413,0.013175509836144619,-0.0038461538461538325,0.47699757869249393,1.3486878908561586
2026,taiex_close_vs_ma60,At/Below MA60,,,2,2,-0.017403654485049824,-0.017403654485049824,0.5,0.07707892882311504,2,-0.023088171019934975,-0.023088171019934975,0.0,0.0,0.04796511627906985,-0.05811295681063128,0,,,,
2026,taiex_ma20_vs_ma60,MA20 Above MA60,,,393,393,0.004023692556747665,-0.021818181818181848,0.36895674300254455,1.1344781576451333,393,-0.0017868061792327501,-0.027501148124018625,0.3435114503816794,0.9465941018689099,0.0792586551563802,-0.050104880661709414,393,0.01347707643756411,-0.0029069767441860517,0.48091603053435117,1.355653312087625
2026,taiex_ma20_vs_ma60,MA20 At/Below MA60,,,28,28,-0.005830969098467682,-0.03209770730662087,0.39285714285714285,0.8311779945763885,28,-0.011583874573683242,-0.037719410278431016,0.32142857142857145,0.6958555770138378,0.08400515143504743,-0.042020359220084146,20,0.007249726118251615,-0.021372338416505376,0.4,1.2032675366362537
2026,taiex_joint_regime,Bear Rally: MA60 >= Close > MA20,,,2,2,-0.017403654485049824,-0.017403654485049824,0.5,0.07707892882311504,2,-0.023088171019934975,-0.023088171019934975,0.0,0.0,0.04796511627906985,-0.05811295681063128,0,,,,
2026,taiex_joint_regime,Recovery: Close > MA60 >= MA20,,,26,26,-0.004940762530269056,-0.03209770730662087,0.38461538461538464,0.8617793055082964,26,-0.010698928693202337,-0.037719410278431016,0.34615384615384615,0.7273497948113823,0.0867774618316611,-0.040782467097734365,20,0.007249726118251615,-0.021372338416505376,0.4,1.2032675366362537
2026,taiex_joint_regime,Strong Bull: MA20 > MA60,,,393,393,0.004023692556747665,-0.021818181818181848,0.36895674300254455,1.1344781576451333,393,-0.0017868061792327501,-0.027501148124018625,0.3435114503816794,0.9465941018689099,0.0792586551563802,-0.050104880661709414,393,0.01347707643756411,-0.0029069767441860517,0.48091603053435117,1.355653312087625
Other Years (ex-2025),taiex_close_ma20,Q1,0.00031226714303089764,0.013778727506066124,363,363,-0.004210588459856061,-0.019354838709677358,0.3443526170798898,0.8448947138693021,363,-0.009974340331344745,-0.025040474596025812,0.3278236914600551,0.676554621572602,0.06038368232851375,-0.041115549947929445,363,-0.008424389398507237,-0.015590200445434244,0.41046831955922863,0.7597819191697726
Other Years (ex-2025),taiex_close_ma20,Q2,0.013947238139981666,0.022907691620502435,360,360,-0.0018099257175437002,-0.01730603168581729,0.3277777777777778,0.9310523812616318,360,-0.0075887796533287925,-0.022998013202809565,0.28888888888888886,0.747831020457823,0.05958076912191237,-0.040461508139218755,354,-0.002973165056955811,-0.015033326541898262,0.4011299435028249,0.9142111881863865
Other Years (ex-2025),taiex_close_ma20,Q3,0.023221141990943606,0.03547889109097846,333,333,0.002076002857606349,-0.016091954022988575,0.33633633633633636,1.0856300151664295,333,-0.00372433910066341,-0.02178765327697815,0.3153153153153153,0.8670018850498648,0.06292807740135893,-0.03954400487809746,331,0.005674829662058675,-0.007407407407407418,0.4501510574018127,1.1809804051600585
Other Years (ex-2025),taiex_close_ma20,Q4,0.03547889109097846,0.04784734762897225,412,412,0.011838247085048185,-0.012159065710695582,0.3907766990291262,1.5397381399088512,412,0.005980082671528234,-0.01788486945478033,0.3737864077669903,1.2356734701819914,0.0734340824215042,-0.03818410004590581,412,0.019228125483424514,-0.0016754079254079346,0.47815533980582525,1.7657513249457626
Other Years (ex-2025),taiex_close_ma20,Q5,0.04784734762897225,0.1120634693619329,427,427,0.005676616898626209,-0.012499999999999956,0.39344262295081966,1.2214817343576572,427,-0.00014477696037641562,-0.018238684303275396,0.36533957845433257,0.9950122308102941,0.0735239834910069,-0.04452196010157625,427,0.015792967636228672,0.0,0.49882903981264637,1.5163739258680442
Other Years (ex-2025),taiex_ma20_slope,Q1,2.4297930346417473e-05,0.0012127299443038808,375,375,0.0018530715994710602,-0.013293943870014813,0.3466666666666667,1.0774666004243532,375,-0.003946410370181965,-0.01902212162169743,0.32,0.8571679999183924,0.06288771777172994,-0.038160393181864455,372,-0.0031455067928006404,-0.010719603661899335,0.4112903225806452,0.9073391522913313
Other Years (ex-2025),taiex_ma20_slope,Q2,0.0012127299443038808,0.0023054086472709123,351,351,-0.006761244050842713,-0.021538461538461506,0.31339031339031337,0.7522125651319101,351,-0.012510991594924314,-0.02721650123562981,0.2962962962962963,0.5985298811458328,0.05480844656525153,-0.0416968210280874,347,-0.0046689710342407865,-0.015018773466833557,0.41786743515850144,0.8658443760125917
Other Years (ex-2025),taiex_ma20_slope,Q3,0.0023054086472709123,0.00320802112625862,355,355,0.005020584434323725,-0.016322089227421066,0.37746478873239436,1.202128815867096,355,-0.0007962365667512161,-0.022013329169344297,0.36056338028169016,0.971915437469293,0.0662227065812028,-0.039725820496140186,355,0.011032058197670662,0.0,0.49295774647887325,1.382779548422628
Other Years (ex-2025),taiex_ma20_slope,Q4,0.00320802112625862,0.004528293081592194,399,399,0.006779385626396771,-0.01239669421487588,0.38095238095238093,1.2978768851404756,399,0.0009494157348469407,-0.018136733655901363,0.3383458646616541,1.0361030699777494,0.06783794090777195,-0.03930824171307601,398,0.014430535698040719,-0.007078037329669107,0.4396984924623116,1.5780658243092267
Other Years (ex-2025),taiex_ma20_slope,Q5,0.004581407340197963,0.01107059805980426,415,415,0.0072375367952279175,-0.014423076923076983,0.38072289156626504,1.275257139012898,415,0.001407788443905792,-0.020119789482892895,0.363855421686747,1.0473263781357176,0.07849621225248465,-0.04498694222699978,415,0.013407053792702602,-0.0015384615384614886,0.4867469879518072,1.3999634748727159
Other Years (ex-2025),taiex_close_ma60,Q1,-0.046672816043886955,0.030162042569572556,343,343,-0.0028558156018639426,-0.013289036544850474,0.34402332361516036,0.8883230450589513,343,-0.008627910073009335,-0.01900802165742448,0.31486880466472306,0.705308765748388,0.059891693885288734,-0.038751912720307084,335,-0.0043503991077824145,-0.0117647058823529,0.4059701492537313,0.8711624640364662
Other Years (ex-2025),taiex_close_ma60,Q2,0.030162042569572556,0.04937096704538502,401,401,0.003779039027952463,-0.013435700575815779,0.38902743142144636,1.1747720833488238,401,-0.0020315934361134474,-0.019167429944358067,0.371571072319202,0.9190355844884807,0.06156171445716529,-0.036885005899265355,401,0.003703596984791469,-0.007163323782234943,0.4538653366583541,1.1325964675698172
Other Years (ex-2025),taiex_close_ma60,Q3,0.04937096704538502,0.06596215021787266,383,383,0.008520665835380428,-0.014230271668822736,0.3733681462140992,1.3819078508353249,383,0.002681357093206647,-0.01992722874521646,0.34986945169712796,1.1036324998856284,0.0656895588126596,-0.03724312673270993,383,0.021642386820495248,0.002331002331002363,0.5039164490861618,2.023757987648576
Other Years (ex-2025),taiex_close_ma60,Q4,0.06596215021787266,0.0926450458002841,339,339,0.003549600199025654,-0.015280135823429575,0.35103244837758113,1.1437257489672388,339,-0.002260709207960194,-0.02100078443927357,0.32448377581120946,0.9203001817278361,0.06736980945394602,-0.041697543984538774,339,0.007042447328214263,-0.007722007722007707,0.43952802359882004,1.2319262976807692
Other Years (ex-2025),taiex_close_ma60,Q5,0.0926450458002841,0.22631824732250783,429,429,0.0018880790580481795,-0.02311435523114358,0.34498834498834496,1.0623110847612258,429,-0.003910056083180574,-0.028801773338851276,0.31934731934731936,0.8848852976574727,0.07633198443356061,-0.04876361069895703,429,0.00403080939359649,-0.010230179028132946,0.4428904428904429,1.0967129086324081
Other Years (ex-2025),taiex_ma20_ma60,Q1,-0.07332563933070535,0.0027365861974566474,404,404,0.0023059298697453243,-0.010810823445812634,0.37623762376237624,1.1030528869655185,404,-0.0034964837711039237,-0.01655018276315625,0.349009900990099,0.8650818713905176,0.06089993932310381,-0.03630987451875171,396,0.006262650765546933,-0.002500690798563132,0.4671717171717172,1.2309195654468101
Other Years (ex-2025),taiex_ma20_ma60,Q2,0.0040345467390994205,0.023210715537540283,376,376,0.012112192395790148,-0.01236095831805406,0.39893617021276595,1.5634344318943856,376,0.006252206475518154,-0.018082153661304848,0.375,1.2511069649863207,0.07074008002271805,-0.036795604026997636,376,0.016720667890119317,-0.004369261019796511,0.45478723404255317,1.667461092806376
Other Years (ex-2025),taiex_ma20_ma60,Q3,0.023210715537540283,0.036130703431277,436,436,0.0009185250160925802,-0.013549486935711286,0.3532110091743119,1.039696710968125,436,-0.004876158050299751,-0.01926573601888317,0.3394495412844037,0.817929065296794,0.06206755497115983,-0.040763815314406183,436,0.002725648332441298,-0.008300041328006602,0.44495412844036697,1.0921439905861945
Other Years (ex-2025),taiex_ma20_ma60,Q4,0.03629961479874311,0.053818949541805994,273,273,-0.00031379828983137527,-0.018018018018018056,0.36996336996337,0.9882167258687778,273,-0.006101048143161962,-0.023703875487013942,0.32967032967032966,0.7981373925221207,0.0642677699806912,-0.04267368845005934,273,0.014131081998676546,0.0011976047904191933,0.5018315018315018,1.5523596401533024
Other Years (ex-2025),taiex_ma20_ma60,Q5,0.055256739918698505,0.12630026134829464,406,406,2.9495849768641678e-05,-0.027381779291943742,0.312807881773399,1.0009299906232143,406,-0.005757477772570085,-0.03301809181001307,0.29064039408866993,0.83814139406507,0.07429700863271145,-0.047967218039989545,406,-0.0033983969760174168,-0.018174311926605513,0.4014778325123153,0.9263836368327492
Other Years (ex-2025),taiex_close_vs_ma60,Above MA60,,,1772,1772,0.003827270631074428,-0.015448008145602599,0.36343115124153497,1.1539101433583203,1772,-0.0019837084310540738,-0.021168207602777017,0.34029345372460496,0.9303051586709915,0.06740772980545935,-0.04093946284983319,1766,0.00793000680588221,-0.006395225189361975,0.4552661381653454,1.2583441621983675
Other Years (ex-2025),taiex_close_vs_ma60,At/Below MA60,,,123,123,-0.007880961472936676,-0.015822784810126556,0.3252032520325203,0.7057328783848714,123,-0.013623947134802453,-0.021527369943052672,0.2845528455284553,0.5549686654325402,0.053060886478350916,-0.03948974957727994,121,-0.012983407463028961,-0.016042780748663166,0.38016528925619836,0.6565612522479858
Other Years (ex-2025),taiex_ma20_vs_ma60,MA20 Above MA60,,,1524,1524,0.0031794679614493286,-0.017267194705415045,0.3562992125984252,1.1236074374921214,1524,-0.0026277327233806516,-0.02296066176267679,0.3333333333333333,0.9104828664697435,0.0679807060056492,-0.042048611189080966,1524,0.006595194361919313,-0.007798011735019594,0.44750656167979,1.2051545767089797
Other Years (ex-2025),taiex_ma20_vs_ma60,MA20 At/Below MA60,,,371,371,0.0026066202799026918,-0.010370370370370363,0.38005390835579517,1.1185476694906227,371,-0.003197337377294897,-0.016107879622697167,0.3504043126684636,0.8746764270966462,0.0602975479770937,-0.03590265206401738,363,0.006562874679329058,-0.002941176470588225,0.4628099173553719,1.2433455077241837
Other Years (ex-2025),taiex_joint_regime,Bear Rally: MA60 >= Close > MA20,,,123,123,-0.007880961472936676,-0.015822784810126556,0.3252032520325203,0.7057328783848714,123,-0.013623947134802453,-0.021527369943052672,0.2845528455284553,0.5549686654325402,0.053060886478350916,-0.03948974957727994,121,-0.012983407463028961,-0.016042780748663166,0.38016528925619836,0.6565612522479858
Other Years (ex-2025),taiex_joint_regime,Recovery: Close > MA60 >= MA20,,,248,248,0.007808122520222217,-0.008710062089419213,0.40725806451612906,1.3981618002253882,248,0.0019739247201786096,-0.014457891283073019,0.38306451612903225,1.085886945859541,0.06388669863977661,-0.034123567410262165,242,0.016336015750508068,0.0015126616154013117,0.5041322314049587,1.7579820826929584
Other Years (ex-2025),taiex_joint_regime,Strong Bull: MA20 > MA60,,,1524,1524,0.0031794679614493286,-0.017267194705415045,0.3562992125984252,1.1236074374921214,1524,-0.0026277327233806516,-0.02296066176267679,0.3333333333333333,0.9104828664697435,0.0679807060056492,-0.042048611189080966,1524,0.006595194361919313,-0.007798011735019594,0.44750656167979,1.2051545767089797
