time_slice_type,time_slice,model,top_k,primary_selection,observations,evaluable_observations,unique_dates,unique_months,unique_stocks,path_success_rate,downside_first_rate,timeout_rate,plus10_before_minus5_rate,plus15_before_minus5_rate,day1_return,day3_return,day5_return,day10_return,mfe5_mean,mfe10_mean,mae5_mean,mae10_mean,mfe_abs_mae,gross_mean,net_mean,median_net,gross_profit_factor,net_profit_factor,top1_positive_winners_removed,top1_removed_net_mean,top1_removed_net_pf,top1_removed_gross_mean,top1_removed_gross_pf,top5_positive_winners_removed,top5_removed_net_mean,top5_removed_net_pf,top5_removed_gross_mean,top5_removed_gross_pf,removed_best_signal_date,remove_best_signal_date_net_mean,remove_best_signal_date_net_pf,removed_best_calendar_month,remove_best_calendar_month_net_mean,remove_best_calendar_month_net_pf,mean_daily_path_ic,median_daily_path_ic,path_ic_positive_day_rate,path_ic_days
PERIOD,HISTORICAL_DISCOVERY,LOGISTIC_RIDGE_PATH_SUCCESS,3,False,2205,2191,735,36,312,0.40392514833409404,0.5385668644454586,0.05750798722044728,0.3473299863076221,0.24554997717937016,-0.0012410591479907326,0.005038489454167682,0.010482322209222567,0.022020410204465872,0.06407919419504847,0.1163099027657714,-0.052872426870874636,-0.08567143465539341,1.3576275830283315,0.004788687868363202,-0.0010255795721602898,-0.05763286453369671,1.1126213395647462,0.9774821699386623,10,-0.0018472187372180634,0.9596272075976705,0.003962319923772451,1.0927613338192332,48,-0.004906797371964366,0.8946256053084195,0.0008849451413849389,1.0203563683651464,20210520,-0.0012389887519874399,0.9728337633731176,202103,-0.0035596848660600596,0.9234167375467347,,,,
PERIOD,HISTORICAL_DISCOVERY,LOGISTIC_RIDGE_PATH_SUCCESS,5,True,3675,3650,735,36,376,0.38465753424657534,0.5468493150684931,0.0684931506849315,0.329041095890411,0.2378082191780822,-0.0021663232560338633,0.0032489044694895947,0.008016745248680839,0.020447486789335126,0.06109798802891425,0.11263563613211586,-0.053612959433138985,-0.08581392825786299,1.3125565793195726,0.0022048920736600064,-0.003594640920018782,-0.05810429046355847,1.0512995246400458,0.9219884741071525,16,-0.0043958371082800235,0.9050189626993711,0.0013990873157261902,1.0324087948974343,77,-0.007370580426084948,0.8434168231295819,-0.0015929547584089161,0.9637198062344615,20210520,-0.0038088661761336703,0.9174525539423284,202103,-0.0056509112445412985,0.8795763153518485,0.05766935250157373,0.05801193511153218,0.6002766251728907,723
PERIOD,HISTORICAL_DISCOVERY,LOGISTIC_RIDGE_PATH_SUCCESS,10,False,7350,7299,735,36,473,0.3762159199890396,0.5498013426496781,0.07398273736128237,0.3211398821756405,0.2278394300589122,-0.0028414909074035762,0.0018017498273542238,0.00673274759737873,0.018473050377792448,0.05899866887302184,0.10867931979571921,-0.05349147414355444,-0.0848852526061594,1.280308610259508,0.001154001697254192,-0.0046394839742694635,-0.058249183035299745,1.0268042201695051,0.8995275420901178,31,-0.0054169118651365925,0.883189825594301,0.0003720814708281921,1.0086057024772368,152,-0.00837275174433336,0.8224560079604896,-0.002600944803715878,0.940845432515236,20210520,-0.004834691120690189,0.8954435889473499,202103,-0.006283790755517316,0.8657613982784722,,,,
PERIOD,RETROSPECTIVE_CONFIRMATION_NOT_BLIND_OOS,LOGISTIC_RIDGE_PATH_SUCCESS,3,False,1443,1441,481,24,272,0.38792505204718947,0.5294934073560028,0.08258154059680778,0.32338653712699517,0.2109646079111728,-0.0009306046764204545,0.002257189219062165,0.0040216846077311165,0.008729061880786251,0.05412198776636369,0.0945812053602237,-0.04640791205286398,-0.07660197672637246,1.2347097216312612,0.004422488280840547,-0.00138972469543928,-0.056771073642840425,1.1086248442007935,0.96825484629924,7,-0.002272846466186725,0.9483341083080543,0.0035342696770659546,1.0863867888761052,31,-0.005178391705755985,0.884255946086221,0.0006117579152230302,1.0147027036910223,20240117,-0.0016881323126556325,0.9615186723589315,202304,-0.003040554967602941,0.9316790126287028,,,,
PERIOD,RETROSPECTIVE_CONFIRMATION_NOT_BLIND_OOS,LOGISTIC_RIDGE_PATH_SUCCESS,5,True,2405,2401,481,24,331,0.3748438150770512,0.5322782174094127,0.09287796751353602,0.31403581840899625,0.20408163265306123,-0.002646842848429389,0.0009664661763735842,0.0037223638114695793,0.008838007004367876,0.05278380036576496,0.09308419676348553,-0.047996190796620805,-0.07684999861413294,1.2112452627470454,0.0025812878697994116,-0.003220477231941799,-0.057000006520242,1.0628520574061953,0.9270977591996001,11,-0.004054438998615526,0.9086397759826672,0.0017425086149971847,1.0422341475442776,51,-0.0069562120978469665,0.8458763938840355,-0.001176247087873487,0.9719677910694405,20240215,-0.0034818199277011084,0.9213458567961161,202302,-0.0048245553911021475,0.8930281477747334,0.029151596720542232,0.034684398780964854,0.5657620041753654,479
PERIOD,RETROSPECTIVE_CONFIRMATION_NOT_BLIND_OOS,LOGISTIC_RIDGE_PATH_SUCCESS,10,False,4810,4798,481,24,393,0.36702792830345976,0.5437682367653189,0.08920383493122135,0.3065860775323051,0.2011254689453939,-0.0033740423943969494,0.0004835561443253338,0.004030171327211958,0.010692593182294584,0.052230794610385746,0.09284940555462581,-0.048583591153844474,-0.0766732133906072,1.2109757951790796,0.0014862409046569943,-0.00430909834746273,-0.05742270982839426,1.0360205994663902,0.9029525397840356,20,-0.005073401570439614,0.8862155515352345,0.0007175220944962602,1.0173174087081713,100,-0.008010969774140042,0.8233410560704015,-0.0022371981532117425,0.946909239397479,20240806,-0.004561054249674924,0.8974922021261086,202302,-0.005247974194991066,0.8835629308741424,,,,
PERIOD,STRESS_PREVALENCE_SEEN_NOT_BLIND,LOGISTIC_RIDGE_PATH_SUCCESS,3,False,729,728,243,12,132,0.3956043956043956,0.5315934065934066,0.07280219780219781,0.33104395604395603,0.20604395604395603,-0.0008979597560145621,0.004398870347527095,0.0077535526818083254,0.0159233391061219,0.055408629376433774,0.09782176520651359,-0.045662385156960805,-0.07528776304711615,1.2993049766307354,0.0036970500172036954,-0.002110572150324133,-0.05744192160912237,1.0913857828597362,0.9515008770498458,4,-0.0030999741962880406,0.9291566731898181,0.0027018892577608104,1.0664198731670622,16,-0.005917376542624718,0.8670122917785321,-0.0001319643626513216,0.9968097215568578,20250424,-0.00272144457624157,0.937721262061366,202504,-0.0035800601365349963,0.9182339882462769,,,,
PERIOD,STRESS_PREVALENCE_SEEN_NOT_BLIND,LOGISTIC_RIDGE_PATH_SUCCESS,5,True,1215,1213,243,12,164,0.37675185490519375,0.5457543281121187,0.07749381698268755,0.31986809563066776,0.20032976092333057,-0.002322516456392617,0.0038554070826829164,0.007847350535096902,0.015689319634304855,0.05459081717922027,0.09536094064542151,-0.047140359784420306,-0.07596047425845392,1.2554021229640815,0.0010677142485190623,-0.004724899916906961,-0.05845751378311296,1.0256323552073887,0.8945171780160452,6,-0.005626397421756931,0.8750126670618663,0.0001609824906030526,1.0038455510927782,26,-0.008481275519033393,0.8147150195137137,-0.0027105677496333117,0.9363228438615556,20250410,-0.005241310667769751,0.8834706934439011,202512,-0.007145401925595511,0.8444540666714577,0.041520625772702276,0.051384111270763665,0.5950413223140496,242
PERIOD,STRESS_PREVALENCE_SEEN_NOT_BLIND,LOGISTIC_RIDGE_PATH_SUCCESS,10,False,2430,2426,243,12,207,0.3639736191261336,0.5494641384995878,0.08656224237427865,0.3062654575432811,0.19703215169002472,-0.0029966050197250257,0.0019421232785204411,0.0045940059637918805,0.013243941987566116,0.05230634417129077,0.09262910452345743,-0.048995759633510126,-0.07723516082387004,1.1993126386399624,6.501523209647764e-05,-0.005722139068923635,-0.05835576452212766,1.001560952323359,0.872352495571849,10,-0.006478679312891085,0.8560715869735404,-0.0006958986030191006,0.9833610230811208,50,-0.009388260656834652,0.7948862858993871,-0.0036224754021341415,0.9148203980740031,20250410,-0.0062320546333844195,0.861550527513771,202512,-0.009128294349425116,0.8027500192116379,,,,
YEAR,2020,LOGISTIC_RIDGE_PATH_SUCCESS,3,False,735,732,245,12,121,0.4644808743169399,0.4781420765027322,0.05737704918032787,0.4057377049180328,0.30191256830601093,-0.0006283367033352416,0.013372633625886489,0.02753630218083131,0.04733614174777521,0.07680565141836307,0.1403125269026635,-0.050055202372794,-0.08110128704643177,1.7300900147531857,0.015285371569065365,0.009410162239526024,-0.010101055189241334,1.3907737836349368,1.225085721085847,4,0.008484437988950835,1.201833946542447,0.014354326205169923,1.3649661021162838,19,0.005064501764959662,1.117995653461557,0.010914487153086452,1.2717885785937648,20200331,0.008849459371342051,1.2108065113271764,202004,0.0052064890007753,1.1185217947656498,,,,
YEAR,2020,LOGISTIC_RIDGE_PATH_SUCCESS,5,True,1225,1215,245,12,153,0.4337448559670782,0.49547325102880657,0.07078189300411522,0.37777777777777777,0.2831275720164609,-0.0004915672953109924,0.00879729880051356,0.020168720214923816,0.04018051121705405,0.07043823914876784,0.13163405687617866,-0.05143582716701798,-0.08288416678085239,1.5881689107670236,0.011231793332984392,0.005379915881732075,-0.04933902961348199,1.281007490661714,1.125779156456773,6,0.004523062831558557,1.1052242493338278,0.010370020201273474,1.258165626981229,29,0.0013054759749552246,1.0297927428024987,0.007133714680884472,1.174217966189307,20200331,0.004817506138868412,1.1121668598066214,202004,0.001189388252913491,1.0264398420095124,0.07095353742929507,0.07644707871564378,0.6255144032921811,243
YEAR,2020,LOGISTIC_RIDGE_PATH_SUCCESS,10,False,2450,2426,245,12,191,0.4233305853256389,0.5045342126957956,0.07213520197856554,0.3697444352844188,0.2765869744435284,-0.0008253803578995293,0.008614142960144452,0.018721101141123894,0.03930822174143677,0.0691774048727685,0.12848051449965525,-0.05056792988743794,-0.0807127779600521,1.5918237204429422,0.009290997111583604,0.003450133691607015,-0.055780379643165304,1.2297069292896712,1.0796546714267388,12,0.0025862224531057964,1.0594138469872378,0.00842209721704316,1.2071946277517804,57,-0.0005579050228077875,0.9874220500603126,0.005259684312744165,1.1269830382145445,20200331,0.0029130955206714522,1.0669786184426266,202004,0.00031936928810084164,1.0070949573265582,,,,
YEAR,2021,LOGISTIC_RIDGE_PATH_SUCCESS,3,False,732,721,244,12,130,0.43134535367545074,0.5228848821081831,0.04576976421636616,0.37309292649098474,0.2815533980582524,-0.0006055493635964034,0.005241453250156321,0.012372388059395925,0.031226963404298928,0.06892536537039366,0.12965471315473426,-0.0543417142858648,-0.0875810907322408,1.4803961913550947,0.009517914919745726,0.0036761435114367096,-0.05712401803025576,1.229497560475283,1.0828358091635446,4,0.0027046345082764184,1.0606063511037926,0.008540782487428436,1.2047942730205536,17,-0.00040114761995670725,0.9911739318625238,0.005416932016566819,1.12753430935527,20210520,0.0030454553272988094,1.068338756887205,202103,-0.004071429047371846,0.9139193158452975,,,,
YEAR,2021,LOGISTIC_RIDGE_PATH_SUCCESS,5,True,1220,1206,244,12,162,0.4079601990049751,0.5364842454394693,0.05555555555555555,0.35074626865671643,0.27197346600331673,-0.0025395573980993838,0.004477822162790945,0.010559147754792157,0.02994373985458165,0.06758934197827675,0.1278413864327774,-0.056320502485996606,-0.08907511139495897,1.4352088302862605,0.00518282055588337,-0.0006342194203274931,-0.058106562485139804,1.120964469297039,0.9861733574563649,6,-0.0015325053056495985,0.9667560114591804,0.0042793622399803395,1.0993812924273445,27,-0.0046226151096102645,0.9014784057774051,0.0011712759475832506,1.0267249790952175,20210520,-0.0012720620107024342,0.9723827023001274,202103,-0.006978699880038866,0.8563577072652759,0.03662054909801152,0.03930555255304825,0.5690376569037657,239
YEAR,2021,LOGISTIC_RIDGE_PATH_SUCCESS,10,False,2440,2417,244,12,222,0.3835333057509309,0.555233760860571,0.06123293338849814,0.3305750930906082,0.2498965659908978,-0.0037571066336851452,0.0010039227905589392,0.006647650691835471,0.022477917637547605,0.06340746379556836,0.1197712296700053,-0.057904996874315585,-0.09143926197007779,1.3098446672633768,0.0012625681008887756,-0.004531549326428245,-0.05903997605489759,1.0286734442185488,0.9039010881870921,10,-0.0052915152329347315,0.8882490435691381,0.000498211461402823,1.0112677759958697,50,-0.00828468243992563,0.8279442338316007,-0.002512352266484136,0.9441237577741499,20210520,-0.005122237130243054,0.891824010104405,202103,-0.009812472110455885,0.800928214567249,,,,
YEAR,2022,LOGISTIC_RIDGE_PATH_SUCCESS,3,False,738,738,246,12,125,0.3170731707317073,0.6138211382113821,0.06910569105691057,0.26422764227642276,0.15447154471544716,-0.0024696707794760048,-0.003426185926057216,-0.008279535266648156,-0.012083980509330959,0.04672166559763634,0.07946501230689974,-0.05423130506381112,-0.08833875988351395,0.8995486512566467,-0.010242945157328912,-0.015969895763796902,-0.06056621834910472,0.7816955636783801,0.6830911601125891,3,-0.016759643912684044,0.6687712417642467,-0.011037233055377864,0.7657234045349309,13,-0.01929521011600646,0.6238479534292529,-0.013587600723907864,0.7155131901685698,20220812,-0.016644584739117466,0.6710452105539564,202211,-0.021861734555618954,0.5888426055672403,,,,
YEAR,2022,LOGISTIC_RIDGE_PATH_SUCCESS,5,True,1230,1229,246,12,156,0.3132628152969894,0.6078112286411717,0.07892595606183889,0.2595606183889341,0.1594792514239219,-0.003455752155095922,-0.0034422052541194736,-0.006491624976181217,-0.008379287723574397,0.04549426307077488,0.07893244974754782,-0.05310841816510866,-0.08551016367790376,0.9230768174514014,-0.00964137869903365,-0.01537198416066564,-0.060522138222767086,0.7908135809810861,0.6897766239268808,5,-0.016153423385789477,0.6753325853779022,-0.010427339494880688,0.7746812193306295,22,-0.0186569818612685,0.6302217455166415,-0.012945548675571763,0.724151775441886,20221115,-0.01596972744009251,0.6790246874383524,202211,-0.021088089656043647,0.5959833421772116,0.06514904991242468,0.06605923895454388,0.6058091286307054,241
YEAR,2022,LOGISTIC_RIDGE_PATH_SUCCESS,10,False,2460,2456,246,12,204,0.32247557003257327,0.5891693811074918,0.08835504885993485,0.26384364820846906,0.15798045602605862,-0.003931898473639027,-0.004142272075013405,-0.005025422792046231,-0.006048891761877469,0.044605480410814885,0.07820422023631433,-0.05203586906419328,-0.08255682543143036,0.947277464069507,-0.006990442876340243,-0.012736507793996077,-0.05986169917552389,0.843484144755285,0.7348874800490637,10,-0.013511305400402487,0.719905053754006,-0.0077697239245820456,0.8267443822372256,46,-0.016173205517639233,0.6696573430568148,-0.010447190026062035,0.7704687499655057,20221115,-0.013238997941307565,0.7255500999473444,202211,-0.01816274163834251,0.6410975372598591,,,,
YEAR,2023,LOGISTIC_RIDGE_PATH_SUCCESS,3,False,717,715,239,12,151,0.38181818181818183,0.5006993006993007,0.11748251748251748,0.31608391608391606,0.2041958041958042,-0.001242047354274254,0.0032297077534081966,0.006533876544965717,0.012660188931561714,0.053223881734547264,0.09388474274376497,-0.04257293647339404,-0.0701887095549305,1.3376046281387988,0.006009748808901946,0.00018815336793159403,-0.055476631245708195,1.156946962485791,1.0045574821951195,4,-0.0007998883778348438,0.9807333623481238,0.005016001490014685,1.1302620206005842,16,-0.003597799838342662,0.9148036250963039,0.002201680413939221,1.0562110901138937,20230802,-0.0003952387078392772,0.9904666309233644,202304,-0.0031464585252545117,0.926163218515588,,,,
YEAR,2023,LOGISTIC_RIDGE_PATH_SUCCESS,5,True,1195,1193,239,12,183,0.36462699077954736,0.512154233025985,0.12321877619446772,0.30259849119865884,0.19362950544844929,-0.0030564516159233305,-4.616848843770973e-05,0.002304448522725627,0.008465489938258465,0.04891506103415004,0.08943535337681914,-0.04520687185417645,-0.07229978156864023,1.2370072417426419,0.0035766636728642286,-0.002230875620441897,-0.056024780149847304,1.0915889361249944,0.9470630935578899,6,-0.003130570807790572,0.9260876505885731,0.0026717684855337136,1.068072861799407,26,-0.005996358881765959,0.8608121807366262,-0.00021083791794641833,0.9947186610378251,20230216,-0.0026470892278017025,0.9373972815481724,202302,-0.005509742444266236,0.8745456807422317,0.03876125230346263,0.044929988979454466,0.6118143459915611,237
YEAR,2023,LOGISTIC_RIDGE_PATH_SUCCESS,10,False,2390,2386,239,12,225,0.3704945515507125,0.519279128248114,0.11022632020117351,0.30595138306789604,0.19907795473595977,-0.0027539085486672273,0.0003849030407696587,0.004218754534741505,0.01224788591952242,0.04978403763166358,0.08956158792007447,-0.04517334635486439,-0.07081626080063008,1.2647037122196885,0.0045149130171139905,-0.00129805802549701,-0.0561980697211402,1.1165369123236548,0.9689492419738261,11,-0.0021232009285182137,0.9494452030643289,0.0036850011877310736,1.0946770955037506,51,-0.005002670482649689,0.8828893359980409,0.0007886609932449536,1.0199214491110646,20230407,-0.0017799671795830697,0.9575999770449891,202302,-0.003019815832684968,0.9297644733756754,,,,
YEAR,2024,LOGISTIC_RIDGE_PATH_SUCCESS,3,False,726,726,242,12,157,0.3939393939393939,0.5578512396694215,0.048209366391184574,0.3305785123966942,0.21763085399449036,-0.0006238808270189852,0.0012994058140244063,0.00154755618469704,0.004857497361083149,0.05500648613103139,0.09526711551279667,-0.050184781941735875,-0.0829180731830956,1.1489306475131484,0.002859277154719471,-0.0029436955154257464,-0.05863686200329127,1.0663427787635669,0.9363288580177581,4,-0.00396841026331926,0.9146375455319868,0.001828648443255756,1.0421957005021065,16,-0.006908919833578048,0.8538557830882785,-0.0011290333775955288,0.9743807794282574,20240117,-0.003543656879211466,0.9236686236070992,202402,-0.005197270330283267,0.8890190966302944,,,,
YEAR,2024,LOGISTIC_RIDGE_PATH_SUCCESS,5,True,1210,1208,242,12,196,0.3849337748344371,0.5521523178807947,0.06291390728476821,0.3253311258278146,0.2144039735099338,-0.0022423202825185683,0.001966526735247652,0.005122672536197673,0.009205898444656389,0.056604500715613126,0.09668773166439033,-0.05075087415617056,-0.08134371462015345,1.1886318705248222,0.0015982718656137108,-0.004197790743961156,-0.058657041881978414,1.0371154159892555,0.909105602440944,6,-0.0051149592384419325,0.8897963343623287,0.0006758025605403766,1.0156156851565583,26,-0.00803660310441001,0.8297295072009176,-0.0022628867651177287,0.9485817794814821,20240215,-0.0047223656954153564,0.8981702591870938,202402,-0.0060878072424274555,0.8699861559762959,0.019740487740574745,0.01925570956262336,0.5206611570247934,242
YEAR,2024,LOGISTIC_RIDGE_PATH_SUCCESS,10,False,2420,2412,242,12,236,0.3635986733001658,0.5679933665008292,0.06840796019900497,0.3072139303482587,0.20315091210613598,-0.003987491546930579,0.0005811458230499784,0.0038436209403274212,0.009154065623826252,0.05465117692847493,0.09610178236890422,-0.05195707543674933,-0.08246703133409201,1.165335781029571,-0.001509783830136699,-0.007287681352525004,-0.0590856461857749,0.9654924130465907,0.8448490250432121,10,-0.008065262911146977,0.8290065942469367,-0.0022918562593004376,0.9478345573524815,49,-0.010977979263333151,0.7710324389806501,-0.0052215433680201685,0.883080990134293,20240806,-0.007802315278354565,0.8345814046109903,202402,-0.008819429350286262,0.8141372551052081,,,,
YEAR,2025,LOGISTIC_RIDGE_PATH_SUCCESS,3,False,729,728,243,12,132,0.3956043956043956,0.5315934065934066,0.07280219780219781,0.33104395604395603,0.20604395604395603,-0.0008979597560145621,0.004398870347527095,0.0077535526818083254,0.0159233391061219,0.055408629376433774,0.09782176520651359,-0.045662385156960805,-0.07528776304711615,1.2993049766307354,0.0036970500172036954,-0.002110572150324133,-0.05744192160912237,1.0913857828597362,0.9515008770498458,4,-0.0030999741962880406,0.9291566731898181,0.0027018892577608104,1.0664198731670622,16,-0.005917376542624718,0.8670122917785321,-0.0001319643626513216,0.9968097215568578,20250424,-0.00272144457624157,0.937721262061366,202504,-0.0035800601365349963,0.9182339882462769,,,,
YEAR,2025,LOGISTIC_RIDGE_PATH_SUCCESS,5,True,1215,1213,243,12,164,0.37675185490519375,0.5457543281121187,0.07749381698268755,0.31986809563066776,0.20032976092333057,-0.002322516456392617,0.0038554070826829164,0.007847350535096902,0.015689319634304855,0.05459081717922027,0.09536094064542151,-0.047140359784420306,-0.07596047425845392,1.2554021229640815,0.0010677142485190623,-0.004724899916906961,-0.05845751378311296,1.0256323552073887,0.8945171780160452,6,-0.005626397421756931,0.8750126670618663,0.0001609824906030526,1.0038455510927782,26,-0.008481275519033393,0.8147150195137137,-0.0027105677496333117,0.9363228438615556,20250410,-0.005241310667769751,0.8834706934439011,202512,-0.007145401925595511,0.8444540666714577,0.041520625772702276,0.051384111270763665,0.5950413223140496,242
YEAR,2025,LOGISTIC_RIDGE_PATH_SUCCESS,10,False,2430,2426,243,12,207,0.3639736191261336,0.5494641384995878,0.08656224237427865,0.3062654575432811,0.19703215169002472,-0.0029966050197250257,0.0019421232785204411,0.0045940059637918805,0.013243941987566116,0.05230634417129077,0.09262910452345743,-0.048995759633510126,-0.07723516082387004,1.1993126386399624,6.501523209647764e-05,-0.005722139068923635,-0.05835576452212766,1.001560952323359,0.872352495571849,10,-0.006478679312891085,0.8560715869735404,-0.0006958986030191006,0.9833610230811208,50,-0.009388260656834652,0.7948862858993871,-0.0036224754021341415,0.9148203980740031,20250410,-0.0062320546333844195,0.861550527513771,202512,-0.009128294349425116,0.8027500192116379,,,,
OVERALL,2020_2025,LOGISTIC_RIDGE_PATH_SUCCESS,3,False,4377,4360,1459,72,580,0.39724770642201834,0.5344036697247706,0.06834862385321101,0.336697247706422,0.22752293577981653,-0.001081164365676186,0.004012458181593966,0.007891422438647624,0.01660951554987488,0.05934054610979932,0.10604145847574069,-0.04953199654507587,-0.08094014983737849,1.3101218454474657,0.004485383748807177,-0.0013270951041667817,-0.05732332799213116,1.1078779615170335,0.9702594818063824,19,-0.0021162780374186126,0.9527803780424512,0.0036916509179409193,1.0884009740168517,94,-0.005134438249426133,0.8874167500708603,0.0006559207649394473,1.0154354348090053,20210520,-0.001434472618983817,0.9678752454663447,202103,-0.0025857988243925467,0.9426289474109507,,,,
OVERALL,2020_2025,LOGISTIC_RIDGE_PATH_SUCCESS,5,True,7295,7264,1459,72,688,0.38009361233480177,0.5418502202643172,0.07805616740088106,0.32254955947136565,0.22040198237885464,-0.002351233758976708,0.002595759277864038,0.006569018704308378,0.015815601089616226,0.05726324645128481,0.10328855304436232,-0.0506755799080597,-0.08120563602550078,1.2719382311336975,0.0021394088143861555,-0.0036597066067137894,-0.057746540061609196,1.0507840840103493,0.9190951269791622,31,-0.004439607013317106,0.9022727745645864,0.0013550059334650826,1.032027103943495,153,-0.007400575838249055,0.8398419519439606,-0.0016232150153178834,0.962280603346635,20210520,-0.003767321483001464,0.9167734190600381,202103,-0.004678207329993933,0.8974994298795577,0.04550314967089438,0.046409192622242496,0.5879501385041551,1444
OVERALL,2020_2025,LOGISTIC_RIDGE_PATH_SUCCESS,10,False,14590,14523,1459,72,798,0.37113544033601875,0.5477518419059423,0.08111271775803897,0.31384700130826965,0.21386765819734216,-0.003043342375494607,0.0013897036042155217,0.005482623783611473,0.015029102806444393,0.05564482735002195,0.10076843700433498,-0.05111905618679648,-0.08089430811672516,1.245680188758556,0.0010818542451193742,-0.004711186172314793,-0.05801929741235302,1.025620133342801,0.8961493508117855,60,-0.005468435588898022,0.8799549936292421,0.000320228328332923,1.0075522164626045,300,-0.008401101925009471,0.8186364218237965,-0.0026295228510914152,0.9390147997578172,20210520,-0.004809276292361724,0.8940601057798726,202103,-0.005526319506092407,0.8789855377396409,,,,
PERIOD,HISTORICAL_DISCOVERY,IC_WEIGHTED_PATH_SCORE,3,False,2205,2193,735,36,267,0.41450068399452805,0.5517555859553124,0.0337437300501596,0.36342909256725947,0.2758777929776562,-0.0021458220035122633,0.007752011361080196,0.01491307104246419,0.03090248535194031,0.07557147324249887,0.13638602183303325,-0.059071510747606505,-0.09436802451569133,1.4452567226344264,0.004121417697542037,-0.00168953799475555,-0.05962289555075809,1.0919993034314557,0.964667043012692,10,-0.00251491649039042,0.9476459004362241,0.003291290770567133,1.0731339892237746,48,-0.0056015606093992925,0.8854197603512585,0.00018670606560539256,1.0040764770309445,20210310,-0.0019157326143948944,0.9599914881175524,202103,-0.0038073347615671317,0.9216187309378151,,,,
PERIOD,HISTORICAL_DISCOVERY,IC_WEIGHTED_PATH_SCORE,5,False,3675,3647,735,36,346,0.41020016451878255,0.5478475459281601,0.041952289553057305,0.36084452975047987,0.27173018919659997,-0.001432276189188995,0.00641249468337537,0.01258789849669798,0.029999204955065133,0.07223123086740695,0.1311397334067307,-0.05758665952039746,-0.09087692224170892,1.4430476976094462,0.004677094370128103,-0.0011368680342608915,-0.05890637169362941,1.1065377950779458,0.9757722998860484,16,-0.001927270033114854,0.959108297902163,0.003882138442750314,1.0880418330399826,79,-0.004980536114559847,0.8961593710492374,0.0008111130345017533,1.0180758211024157,20210310,-0.001301184623532141,0.9723009761416198,202106,-0.00271738679923388,0.9427737519526004,0.05683332024413024,0.06175565821933988,0.6182572614107884,723
PERIOD,HISTORICAL_DISCOVERY,IC_WEIGHTED_PATH_SCORE,10,False,7350,7292,735,36,464,0.38699945145364784,0.554306088864509,0.058694459681843114,0.33721886999451456,0.24437739989029073,-0.002825833420797297,0.0034841841722567687,0.009634148308660204,0.022864838989022612,0.06514420523566158,0.11789528134185391,-0.055462263328337064,-0.08709558397584685,1.3536309874740418,0.0022598446743422257,-0.003539909545733087,-0.058942782375307735,1.0518032619415867,0.9242293979235355,31,-0.004313961470835444,0.9080536249177734,0.0014813225453416197,1.0338125501712963,153,-0.007300672403765727,0.8470103128346356,-0.0015227585400441402,0.9658256484135849,20210616,-0.003729194237599227,0.9202872866272775,202103,-0.005251226110836734,0.8890394613810894,,,,
PERIOD,RETROSPECTIVE_CONFIRMATION_NOT_BLIND_OOS,IC_WEIGHTED_PATH_SCORE,3,False,1443,1438,481,24,230,0.4012517385257302,0.5431154381084841,0.055632823365785816,0.35952712100139084,0.2510431154381085,-0.003505283217118551,0.0014792342034262718,0.0065321850673767,0.024123267309921752,0.05759948299548179,0.11122935452396913,-0.05160906358305629,-0.08171863464291465,1.3611259538293472,0.004459675720567618,-0.0013533296612963438,-0.05792614443031598,1.1059199604504821,0.9699996525946307,7,-0.002244488872051038,0.9504868122744864,0.0035633433975408775,1.0842195572641244,32,-0.005276001523245816,0.8856452969910276,0.000514102399210366,1.0119385228365239,20230406,-0.0016532619405697404,0.9634272711200915,202311,-0.003355710120580503,0.9270320913655024,,,,
PERIOD,RETROSPECTIVE_CONFIRMATION_NOT_BLIND_OOS,IC_WEIGHTED_PATH_SCORE,5,False,2405,2394,481,24,290,0.39306599832915623,0.5317460317460317,0.07518796992481203,0.34502923976608185,0.23809523809523808,-0.003453596379221684,0.0025479814825118486,0.009313948863801564,0.023697962933256413,0.05853950295615566,0.1092724817929303,-0.050705602555086444,-0.07930061017105325,1.377952597807596,0.004963956396997445,-0.0008517665601387194,-0.05740047446584784,1.1203484751949782,0.9807426800747615,11,-0.0016820198096692504,0.9621464807522674,0.004128878481522279,1.0996425037361168,53,-0.004719052701210189,0.8956704450806695,0.0010741111414130928,1.0254647327800461,20230406,-0.0011448654222226131,0.9741701608306201,202311,-0.0029248391483364024,0.9352450313658445,0.032794663364591956,0.03186881268022457,0.5553235908141962,479
PERIOD,RETROSPECTIVE_CONFIRMATION_NOT_BLIND_OOS,IC_WEIGHTED_PATH_SCORE,10,False,4810,4787,481,24,412,0.3710048046793399,0.5433465636097765,0.08564863171088365,0.3179444328389388,0.21558387298934614,-0.003075487580091873,0.0014958537968917354,0.006481594947555861,0.015697463663717433,0.055037222661492996,0.09933524323631057,-0.04958752475995939,-0.07782151472174927,1.2764496243935064,0.001887987677254592,-0.003909853168563574,-0.057663747766922464,1.0453650185538412,0.9125656778546121,21,-0.004711453506246492,0.8951020454976565,0.0010817351458762372,1.0258781656357874,101,-0.0076270489419917225,0.8330382879870529,-0.0018509253820363728,0.9564638816273386,20230811,-0.0041477282243140385,0.9074399447776295,202302,-0.005341215669488092,0.8826762188569591,,,,
PERIOD,STRESS_PREVALENCE_SEEN_NOT_BLIND,IC_WEIGHTED_PATH_SCORE,3,False,729,729,243,12,100,0.3717421124828532,0.5692729766803841,0.05898491083676269,0.3113854595336077,0.21536351165980797,-0.005111232352379121,-0.00149474480997609,0.0017049939317420278,0.01641165922353011,0.05238496690856734,0.09764502376360695,-0.054305490600444005,-0.08484850629475403,1.150816060619845,-0.0002929399537457468,-0.00607824052659386,-0.05926455626930303,0.9932506327322653,0.8695332954178779,3,-0.0068857539532726645,0.8528086110602133,-0.001105162543222834,0.974641725316409,15,-0.009870873730966817,0.792485670804661,-0.004107633901678462,0.9073070155638054,20250110,-0.00669736187362503,0.8568357215345006,202512,-0.009425190894346194,0.8048150304723459,,,,
PERIOD,STRESS_PREVALENCE_SEEN_NOT_BLIND,IC_WEIGHTED_PATH_SCORE,5,False,1215,1215,243,12,134,0.3695473251028807,0.5547325102880658,0.0757201646090535,0.30864197530864196,0.20658436213991768,-0.0029662174019930475,0.001057185971626421,0.004151195765153041,0.013998162993449997,0.054205174881986264,0.09857096977645213,-0.05136958803467683,-0.0824238028415334,1.1959041730452913,0.0006798675074725373,-0.005110826983909159,-0.058257803319844786,1.0160814912714091,0.8875589631061307,5,-0.005894566565096477,0.8708499342687079,-0.00010841539511507152,0.9974461106152773,25,-0.008865925130936312,0.8089581980744981,-0.0030970517563164855,0.9282501198037805,20250812,-0.005648545189298176,0.876240267299095,202512,-0.00842813775988353,0.8206708858096837,0.03855450461835528,0.02797085091458882,0.5702479338842975,242
PERIOD,STRESS_PREVALENCE_SEEN_NOT_BLIND,IC_WEIGHTED_PATH_SCORE,10,False,2430,2430,243,12,203,0.3563786008230453,0.571604938271605,0.0720164609053498,0.3008230452674897,0.20699588477366254,-0.0031632510793179686,0.0007783593478846527,0.004353422438969415,0.014924486938692109,0.054258221236918036,0.0979267044553278,-0.05137139869213941,-0.08068653433227352,1.2136684920938345,-0.0013752850081079127,-0.007154087427239739,-0.05935431476521594,0.9681066902139924,0.8457603252610973,10,-0.007934294109602159,0.8296432897492919,-0.002159988525899852,0.9501152937716525,48,-0.010791550914620765,0.7719336536547777,-0.005033855340940978,0.8855691570937606,20250812,-0.007640334529346732,0.8358728114475825,202512,-0.01041395933743694,0.7817670548551857,,,,
YEAR,2020,IC_WEIGHTED_PATH_SCORE,3,False,735,729,245,12,100,0.48148148148148145,0.4691358024691358,0.04938271604938271,0.4348422496570645,0.3429355281207133,0.0024703957812602538,0.019026931437492296,0.034391098636016276,0.06595369244912072,0.09411194158737349,0.1691481337072877,-0.05285282931033911,-0.08223575656235743,2.0568684569591897,0.018112312340100207,0.012219888453797121,0.024584316198145762,1.4672816738395718,1.295377362108265,4,0.011303396735695808,1.2717248861325423,0.017190514616477758,1.4410666349883563,19,0.007994890933361665,1.1882146090525723,0.01386275631138764,1.348325492218886,20201222,0.011675504977657646,1.2810572106588594,202008,0.007990911910340058,1.1850409811163478,,,,
YEAR,2020,IC_WEIGHTED_PATH_SCORE,5,False,1225,1213,245,12,132,0.4756801319043693,0.4748557295960429,0.0494641384995878,0.4253915910964551,0.33470733718054413,0.0022564551055333933,0.015524730575958783,0.027991599640598656,0.06359829541062281,0.08737914628129068,0.1619012969434856,-0.05263848644825016,-0.08141290749493507,1.988644085135492,0.017522244865813868,0.011633821746948301,0.0033727203190449086,1.4531302596142301,1.2815149298236255,7,0.010666521808038055,1.2566187347712665,0.01654934740156211,1.4255011120461678,31,0.00748477838794235,1.1764877834109042,0.013349088816869376,1.336388870079852,20201006,0.011111487756178647,1.2677671969475104,202004,0.008857125548092145,1.2076838979174835,0.08794668925943601,0.11268928998128085,0.6872427983539094,243
YEAR,2020,IC_WEIGHTED_PATH_SCORE,10,False,2450,2430,245,12,193,0.4382716049382716,0.49135802469135803,0.07037037037037037,0.3860082304526749,0.28641975308641976,-0.0005908916604097326,0.010965878944193227,0.021765137058499334,0.0478354670598854,0.07520340869613229,0.1394690469431805,-0.0503883816171583,-0.07872566414707603,1.7715829831885965,0.01216795312845997,0.006310791153196352,-0.03553662969833343,1.308080291685126,1.149287219886563,12,0.00546040425248567,1.1285327032404666,0.011312635477873867,1.2850100700384481,59,0.0022386388067864257,1.051671150401734,0.00807211648888782,1.1994155816756558,20201112,0.005895474612640502,1.138888628161787,202004,0.0039696242390370225,1.0909090274038273,,,,
YEAR,2021,IC_WEIGHTED_PATH_SCORE,3,False,732,727,244,12,116,0.4305364511691884,0.5433287482806052,0.026134800550206328,0.38514442916093533,0.2998624484181568,-0.004329956359712263,0.008436505116557014,0.01577617833012509,0.03694662236551217,0.07948903276024426,0.14805012265020165,-0.06266133295279006,-0.09935222337267866,1.4901540964498905,0.0063112494839909945,0.00048754545117978026,-0.05967263472119805,1.137303452684023,1.0099686907947867,4,-0.0004962299386584899,0.9899095655437801,0.005321830799848576,1.1151412816159327,17,-0.0036915093667992966,0.926285838599343,0.0021080175498521263,1.0447882681975644,20210310,-0.00018764096687596814,0.9961791953464435,202103,-0.006106353485057763,0.8813098193393869,,,,
YEAR,2021,IC_WEIGHTED_PATH_SCORE,5,False,1220,1210,244,12,156,0.41983471074380163,0.5479338842975207,0.032231404958677684,0.38016528925619836,0.3049586776859504,-0.0021579063218895413,0.00914253379970674,0.015583124909197119,0.0330379040900865,0.07992803825093571,0.14291854600868145,-0.06113743614022907,-0.09670501194285565,1.4778814782953962,0.0054098316100492025,-0.00040876106874135175,-0.05975429997281147,1.1189061617515177,0.991573707877285,6,-0.0012962428207773827,0.9734114615078487,0.004517242101306274,1.0987950299126923,27,-0.004401954154274878,0.911281973070546,0.0013934715401893556,1.0299445706750647,20210310,-0.0009027021191999575,0.9814530122680941,202106,-0.005405816484266032,0.8928651607278256,0.04781333534180895,0.048139273906558304,0.5857740585774058,239
YEAR,2021,IC_WEIGHTED_PATH_SCORE,10,False,2440,2417,244,12,215,0.41001241208109224,0.5573024410426148,0.032685146876292925,0.3661563922217625,0.2925113777410012,-0.0035237302729596537,0.005766726302288215,0.013990128643809236,0.028201951585217964,0.07491054194858461,0.13321799714955665,-0.059902980097928354,-0.0938289833635196,1.4197958069462722,0.004447199942267228,-0.00136576140182896,-0.05969630717401754,1.0993817761400044,0.9714363445649429,11,-0.002184433597080082,0.9545224802918357,0.0036238205149370676,1.0806131237990624,52,-0.005228270428164416,0.8930079550348216,0.0005622854218791332,1.012295081653872,20210616,-0.0019293798666109264,0.9598157254087485,202103,-0.006653475062273619,0.8665850841778554,,,,
YEAR,2022,IC_WEIGHTED_PATH_SCORE,3,False,738,737,246,12,98,0.33242876526458615,0.6417910447761194,0.025780189959294438,0.27137042062415195,0.18588873812754408,-0.004557432706554006,-0.004075727710746217,-0.005204922327724338,-0.00973037432609396,0.05336785425631907,0.09247370046205233,-0.06168157590988531,-0.10145202827274784,0.9115017416255317,-0.011877727354253477,-0.017595523810481302,-0.06281143623072244,0.7606197513426498,0.6687563038739393,3,-0.01839534487675639,0.6551089469109013,-0.012682138524047853,0.7454482856267631,13,-0.021002657810421283,0.61158968329687,-0.015304653878618703,0.6969951693476907,20221125,-0.018235049852462586,0.6581142898443456,202211,-0.023211390689627746,0.581157992724474,,,,
YEAR,2022,IC_WEIGHTED_PATH_SCORE,5,False,1230,1224,246,12,129,0.33578431372549017,0.6200980392156863,0.04411764705882353,0.2777777777777778,0.17647058823529413,-0.004370526679328372,-0.005316663379095739,-0.005638337979344073,-0.006301875662555256,0.049610676675323026,0.08901053420865553,-0.05898020055513475,-0.09449445602393859,0.9419656766541541,-0.008776973939979215,-0.01451256748923262,-0.0617214370010967,0.8152513831198106,0.7149075686095754,5,-0.015300861816576698,0.7006497561336205,-0.009569798287072937,0.7993858978511341,23,-0.018033250425060255,0.652402184238148,-0.012318179673349805,0.7455839468981204,20221125,-0.01509360395169078,0.7047046056669721,202211,-0.02009079869483417,0.6237810134669777,0.03440687925216131,0.04631674366450496,0.5809128630705395,241
YEAR,2022,IC_WEIGHTED_PATH_SCORE,10,False,2460,2445,246,12,193,0.3132924335378323,0.6139059304703477,0.07280163599182005,0.26012269938650306,0.15501022494887526,-0.004357159304668612,-0.006208013220009735,-0.006728513095087976,-0.007228587332940874,0.04549222149575208,0.08130662918707227,-0.05611515499543817,-0.08875786571977652,0.9160498455851895,-0.009749783638983274,-0.01547942642189456,-0.06102460531633771,0.7908385059306569,0.6907462038341579,9,-0.01619261066696462,0.6776887461912924,-0.010467086197469949,0.7762768228035117,44,-0.018869874316917997,0.6297948301110524,-0.013159972830305018,0.7227605386257524,20221028,-0.015972113615363416,0.6820535642708961,202211,-0.02104546183892667,0.600125136426062,,,,
YEAR,2023,IC_WEIGHTED_PATH_SCORE,3,False,717,714,239,12,122,0.40756302521008403,0.5224089635854342,0.0700280112044818,0.3557422969187675,0.24509803921568626,-0.0034322754441039956,0.0036350736949675314,0.0098750659894484,0.025709970464016345,0.055377327662191805,0.10678474311645031,-0.045168409339513396,-0.07337295796023435,1.4553691998395921,0.007445096738372097,0.0016149003638961698,-0.056451077647415894,1.1907298699187643,1.0384732321087937,4,0.0006306900276029892,1.0149413225460053,0.006455131814035729,1.1644423291105894,17,-0.002334226768385296,0.9457136613390815,0.003472837459615671,1.0868495137138947,20230406,0.0010220759888163577,1.0242475305333292,202311,-0.002322387920787718,0.9466302292714832,,,,
YEAR,2023,IC_WEIGHTED_PATH_SCORE,5,False,1195,1187,239,12,158,0.3917438921651222,0.5029486099410277,0.10530749789385004,0.33866891322662174,0.2316764953664701,-0.00252948326178284,0.003563628321260392,0.011712703782670078,0.023897676929461032,0.056140615964166495,0.1033895068598474,-0.04524177982776619,-0.07138202797007571,1.4483968836412107,0.007581148627477848,0.0017506259088286495,-0.055483808403312754,1.1979258216908013,1.0425027392977866,6,0.0008658557114082411,1.0209155011112383,0.006691200814390136,1.1738083706097755,28,-0.0022139315033895155,0.9475167806889244,0.0035934624426444996,1.0916037542007992,20230406,0.0011692373985295085,1.0282678660789393,202311,-0.0023809640355378268,0.9444597872310568,0.04353270511638443,0.03616794345109557,0.5780590717299579,237
YEAR,2023,IC_WEIGHTED_PATH_SCORE,10,False,2390,2380,239,12,226,0.3819327731092437,0.5054621848739496,0.11260504201680673,0.32142857142857145,0.21050420168067227,-0.0015413192272373615,0.00369830026434993,0.009417024631357745,0.01851170231894405,0.053364077733860225,0.0955949367263639,-0.04320966565465705,-0.06881008538162382,1.3892576385596689,0.006604690112842873,0.0007798579443440367,-0.055487889861146,1.1737526773993532,1.0190369607214345,11,-3.068712977823145e-05,0.9992543646543536,0.005789404620541248,1.1516006512237769,54,-0.0030296884412199126,0.9277208832987847,0.0027728519285546032,1.0712916213618375,20230811,0.00032018198223817367,1.0077830602275322,202302,-0.0018386178896447904,0.956589749371073,,,,
YEAR,2024,IC_WEIGHTED_PATH_SCORE,3,False,726,724,242,12,135,0.39502762430939226,0.56353591160221,0.04143646408839779,0.3632596685082873,0.2569060773480663,-0.0035772825954782086,-0.0006468284995577884,0.003235476533731405,0.022558479945248355,0.05979094557554954,0.11561257627116306,-0.057960758513843066,-0.08994903954820985,1.285311959436747,0.0015154897996941415,-0.004280562034207192,-0.05913997849435215,1.033579615298577,0.9111971355746189,4,-0.005320931617801816,0.8902239026318316,0.0004691009565334072,1.0103367246461294,16,-0.00830722139905381,0.8314702191607509,-0.002534649592399406,0.9450793943100725,20240117,-0.004887750197277122,0.8990208106770194,202401,-0.007435857095814796,0.850786863510976,,,,
YEAR,2024,IC_WEIGHTED_PATH_SCORE,5,False,1210,1207,242,12,166,0.39436619718309857,0.56006628003314,0.045567522783761395,0.3512841756420878,0.2444076222038111,-0.004362396934648286,0.001549163920296008,0.006954941333812396,0.02350155819962353,0.06089864037081278,0.11505797578263156,-0.05607888969454722,-0.08708798139935509,1.3211693959814712,0.002390131063459552,-0.003411037364334466,-0.059244345506565925,1.054147278433223,0.9277669001639655,6,-0.0043330356403669164,0.908698529024816,0.0014628009964270205,1.032974324037632,26,-0.00728293199320446,0.8490967274485549,-0.0015043093999676704,0.9666546935196291,20240329,-0.003923978705508581,0.9172489304842703,202401,-0.006125761736183041,0.8738663911885372,0.022278481979572044,0.0275858570067593,0.5330578512396694,242
YEAR,2024,IC_WEIGHTED_PATH_SCORE,10,False,2420,2407,242,12,256,0.3601994183631076,0.5808059825508932,0.05899459908599917,0.3144993768176153,0.22060656418778563,-0.004592446732478137,-0.0006818872054142477,0.003579092809023046,0.012914793119704409,0.05669159944909833,0.10303359366990966,-0.05589384161522302,-0.08673186030940966,1.1879555367813481,-0.00277580617264159,-0.008546958465082107,-0.060154327112345723,0.9385651611209314,0.8235107713531262,10,-0.00933445647937443,0.8080502324550871,-0.0035678507509490968,0.9213634939145212,48,-0.012212558751391928,0.7528474314999064,-0.006462762066990709,0.8598169178933363,20240701,-0.008992497634761556,0.814968947582515,202402,-0.01083408369433611,0.7797493407768217,,,,
YEAR,2025,IC_WEIGHTED_PATH_SCORE,3,False,729,729,243,12,100,0.3717421124828532,0.5692729766803841,0.05898491083676269,0.3113854595336077,0.21536351165980797,-0.005111232352379121,-0.00149474480997609,0.0017049939317420278,0.01641165922353011,0.05238496690856734,0.09764502376360695,-0.054305490600444005,-0.08484850629475403,1.150816060619845,-0.0002929399537457468,-0.00607824052659386,-0.05926455626930303,0.9932506327322653,0.8695332954178779,3,-0.0068857539532726645,0.8528086110602133,-0.001105162543222834,0.974641725316409,15,-0.009870873730966817,0.792485670804661,-0.004107633901678462,0.9073070155638054,20250110,-0.00669736187362503,0.8568357215345006,202512,-0.009425190894346194,0.8048150304723459,,,,
YEAR,2025,IC_WEIGHTED_PATH_SCORE,5,False,1215,1215,243,12,134,0.3695473251028807,0.5547325102880658,0.0757201646090535,0.30864197530864196,0.20658436213991768,-0.0029662174019930475,0.001057185971626421,0.004151195765153041,0.013998162993449997,0.054205174881986264,0.09857096977645213,-0.05136958803467683,-0.0824238028415334,1.1959041730452913,0.0006798675074725373,-0.005110826983909159,-0.058257803319844786,1.0160814912714091,0.8875589631061307,5,-0.005894566565096477,0.8708499342687079,-0.00010841539511507152,0.9974461106152773,25,-0.008865925130936312,0.8089581980744981,-0.0030970517563164855,0.9282501198037805,20250812,-0.005648545189298176,0.876240267299095,202512,-0.00842813775988353,0.8206708858096837,0.03855450461835528,0.02797085091458882,0.5702479338842975,242
YEAR,2025,IC_WEIGHTED_PATH_SCORE,10,False,2430,2430,243,12,203,0.3563786008230453,0.571604938271605,0.0720164609053498,0.3008230452674897,0.20699588477366254,-0.0031632510793179686,0.0007783593478846527,0.004353422438969415,0.014924486938692109,0.054258221236918036,0.0979267044553278,-0.05137139869213941,-0.08068653433227352,1.2136684920938345,-0.0013752850081079127,-0.007154087427239739,-0.05935431476521594,0.9681066902139924,0.8457603252610973,10,-0.007934294109602159,0.8296432897492919,-0.002159988525899852,0.9501152937716525,48,-0.010791550914620765,0.7719336536547777,-0.005033855340940978,0.8855691570937606,20250812,-0.007640334529346732,0.8358728114475825,202512,-0.01041395933743694,0.7817670548551857,,,,
OVERALL,2020_2025,IC_WEIGHTED_PATH_SCORE,3,False,4377,4360,1459,72,495,0.4029816513761468,0.5518348623853211,0.04518348623853211,0.35344036697247705,0.25756880733944953,-0.003090016813028268,0.004137071269014513,0.009940501720011834,0.026243694573950926,0.06576718767079093,0.12161137156169244,-0.05581338512606874,-0.08860436593309588,1.3725212102247846,0.0034948920804140546,-0.002312450050305042,-0.05881113233086675,1.0800178512507135,0.950503256748551,19,-0.003115871940575765,0.9335970825543669,0.0026868238492207923,1.061248521064904,94,-0.006175633505947019,0.8706637869958428,-0.00039073135489173325,0.9912468223963552,20210310,-0.002426573289501006,0.9480962486876928,202103,-0.0033711603654123213,0.928391475085566,,,,
OVERALL,2020_2025,IC_WEIGHTED_PATH_SCORE,5,False,7295,7256,1459,72,621,0.39773980154355015,0.5436879823594267,0.05857221609702315,0.3468853362734289,0.24972436604189635,-0.002356032957173447,0.004240727223667233,0.010095005823051189,0.02524087538180542,0.0646954460490743,0.11847142467268625,-0.054275332035542835,-0.08564205025047919,1.3833324205362934,0.004102413699538067,-0.001708233413915544,-0.058107586128445264,1.0959560204128924,0.9626936322388788,32,-0.0025113159175213055,0.9453968663862113,0.0032946895286123717,1.076723381074475,157,-0.005550372104021143,0.881407354719367,0.0002379428686324576,1.0054450938512365,20210310,-0.001791092045497698,0.9609056334151591,202106,-0.0024994781112163507,0.945722948403014,0.04579593102893884,0.05029036673755944,0.5893351800554016,1444
OVERALL,2020_2025,IC_WEIGHTED_PATH_SCORE,10,False,14590,14509,1459,72,800,0.37659383830725757,0.5535874284926597,0.06981873320008271,0.32476393962368183,0.22861672065614447,-0.0029647140721687465,0.0023749904421515476,0.007709588600688936,0.019170216260747816,0.0599863675694205,0.10842732736532248,-0.052838845133231664,-0.08296235907039173,1.306946048548647,0.0015283370188585714,-0.0042672768608168765,-0.05848157853085828,1.0356441160131913,0.907237692728038,61,-0.0050395859620394725,0.8909097765606416,0.0007515656746650569,1.017454439414262,302,-0.008001148278440198,0.8296908661862328,-0.0022272345479137506,0.9491372812960395,20210616,-0.0043628451620321375,0.9052255897272318,202103,-0.0051254950855252526,0.8892783674398954,,,,
