feature,outcome,discovery_observations,same_day_spearman,cluster_bootstrap_ci_low,cluster_bootstrap_ci_high,raw_p_value,top_quintile_mean,bottom_quintile_mean,top_minus_bottom_effect,bh_fdr_q_value
foreign_net_volume_ratio_1d,path_success,15100,0.004868385986038021,-0.012407060614416082,0.021472287422734677,0.58,0.3583029499502817,0.34942148760330577,0.008881462346975955,0.7755813953488371
foreign_net_volume_ratio_1d,downside_first,15100,0.0050860061588328094,-0.010640278449606579,0.020652141956294966,0.524,0.5495525356314219,0.5464462809917355,0.00310625463968639,0.7089411764705883
foreign_net_volume_ratio_1d,mae10,15100,-0.019998617234231946,-0.03579329774463562,-0.0032713152147837137,0.02,-0.07822506217483019,-0.07416900406837429,-0.004056058106455901,0.0851851851851852
foreign_net_volume_ratio_1d,mfe10,15100,-0.0009599075554402969,-0.020195671094715168,0.016899418448145406,0.872,0.09694938374501087,0.09793703349476073,-0.0009876497497498526,0.937196261682243
foreign_net_volume_ratio_1d,net_return,15100,-0.0038016227888065857,-0.02049171341997844,0.012281087943799158,0.676,-0.006434019979996505,-0.006169484317781813,-0.0002645356622146917,0.8097916666666668
foreign_net_volume_ratio_3d,path_success,15100,0.000987067809256217,-0.01624437388770586,0.017113544947385092,0.906,0.3538205980066445,0.35307743216412973,0.0007431658425147702,0.9534545454545456
foreign_net_volume_ratio_3d,downside_first,15100,0.012980936397621436,-0.0033791316886950125,0.02951835083597876,0.108,0.5588039867109634,0.5383851753805426,0.020418811330420783,0.2875
foreign_net_volume_ratio_3d,mae10,15100,-0.03095486201823048,-0.04761576778339529,-0.01626297477500469,0.0,-0.08187018650763327,-0.07531823791034324,-0.006551948597290025,0.0
foreign_net_volume_ratio_3d,mfe10,15100,-0.0013947724029380977,-0.01719934945389486,0.015604525590477463,0.922,0.09920136525033532,0.10034134592537539,-0.0011399806750400643,0.9552252252252252
foreign_net_volume_ratio_3d,net_return,15100,-0.020007310789125876,-0.03549974031751045,-0.004623617954033154,0.012,-0.007964324836376217,-0.004646431761865507,-0.00331789307451071,0.0575
foreign_net_volume_ratio_5d,path_success,15100,0.002932547794859425,-0.01379374472523056,0.020600323595606967,0.71,0.35756972111553786,0.3581103402708953,-0.0005406191553574136,0.8247474747474747
foreign_net_volume_ratio_5d,downside_first,15100,0.0037960910192838216,-0.012249913790788623,0.02021691185412441,0.664,0.5537848605577689,0.5450941526263627,0.008690707931406139,0.8037894736842105
foreign_net_volume_ratio_5d,mae10,15100,-0.03534306039985386,-0.05198626742433609,-0.019569099065213924,0.0,-0.08185189686964267,-0.0745352899058865,-0.007316606963756175,0.0
foreign_net_volume_ratio_5d,mfe10,15100,-0.010110086973881438,-0.027911580107835912,0.007124870671291323,0.242,0.09861929609464615,0.10152355137039422,-0.0029042552757480716,0.44887096774193547
foreign_net_volume_ratio_5d,net_return,15100,-0.015713592878056203,-0.03204308518497016,0.0002646575104474865,0.058,-0.00691328788770439,-0.00513690672286733,-0.0017763811648370594,0.19617647058823529
foreign_consecutive_buy_days_5d,path_success,15100,0.0027458930069122704,-0.013299667116713052,0.017621932264003378,0.706,0.3538567969560706,0.35523114355231145,-0.0013743465962408608,0.8247474747474747
foreign_consecutive_buy_days_5d,downside_first,15100,0.008196663845019377,-0.008118963719315257,0.023507097210605704,0.354,0.5717744725008648,0.5468369829683698,0.024937489532494972,0.5686111111111111
foreign_consecutive_buy_days_5d,mae10,15100,-0.029346332246100146,-0.04493459970129011,-0.01415280870822326,0.0,-0.08467058777799756,-0.07770610494068314,-0.00696448283731442,0.0
foreign_consecutive_buy_days_5d,mfe10,15100,-0.003036958148377738,-0.019862702219203422,0.012455520680562557,0.688,0.09814041676046176,0.10318164574943783,-0.005041228988976076,0.8156701030927834
foreign_consecutive_buy_days_5d,net_return,15100,-0.012198428598881232,-0.026553105773044317,0.003340075839617672,0.118,-0.008786719304567151,-0.004253785757530091,-0.00453293354703706,0.2875
foreign_sign_persistence_5d,path_success,15100,-0.0017446510048602535,-0.01876643695515296,0.014504598232313832,0.796,0.35799522673031026,0.3556390977443609,0.002356128985949335,0.8718095238095239
foreign_sign_persistence_5d,downside_first,15100,0.004133580104148816,-0.011736207205668755,0.020288788643440282,0.63,0.5629048755540402,0.5631578947368421,-0.0002530191828018502,0.7952127659574468
foreign_sign_persistence_5d,mae10,15100,-0.03686908946443098,-0.0520473716168557,-0.01998890813479662,0.0,-0.08449738851463287,-0.07917971675197118,-0.005317671762661694,0.0
foreign_sign_persistence_5d,mfe10,15100,-0.009296805845704128,-0.02529098247323599,0.0073716382991942594,0.3,0.09872143786254207,0.10050035570973331,-0.0017789178471912387,0.5227272727272727
foreign_sign_persistence_5d,net_return,15100,-0.019699423420070018,-0.03594459990086939,-0.004519196094592057,0.012,-0.008178270495172604,-0.006908043831482585,-0.001270226663690019,0.0575
investment_trust_net_volume_ratio_1d,path_success,15100,0.0008185195828268038,-0.016730851361165727,0.017294539798609197,0.912,0.343811394891945,0.3774981495188749,-0.03368675462692988,0.9534545454545456
investment_trust_net_volume_ratio_1d,downside_first,15100,-0.004185674437019296,-0.021867523865766417,0.013992288220869913,0.65,0.5477406679764244,0.5055514433752776,0.042189224601146824,0.7952127659574468
investment_trust_net_volume_ratio_1d,mae10,15100,0.04929179474874848,0.032038953588284,0.0670302363358876,0.0,-0.06999535092790815,-0.07173519099154901,0.0017398400636408629,0.0
investment_trust_net_volume_ratio_1d,mfe10,15100,0.015970402278585785,-0.003033045854231916,0.032600569125704144,0.086,0.09070029679341021,0.09780874118123685,-0.007108444387826637,0.2602631578947368
investment_trust_net_volume_ratio_1d,net_return,15100,0.017182587984048512,0.0001837246320447138,0.03446303148478118,0.048,-0.006542270648392467,-0.0003981797762209968,-0.00614409087217147,0.17806451612903226
investment_trust_net_volume_ratio_3d,path_success,15100,0.000519482724860889,-0.017431151691134326,0.018754538388751518,0.95,0.34773519163763067,0.37536829699469654,-0.027633105357065868,0.9754464285714286
investment_trust_net_volume_ratio_3d,downside_first,15100,-0.008277505336273855,-0.025804116841841925,0.00970308594759222,0.378,0.5442508710801394,0.5203299941072481,0.023920876972891247,0.5874324324324324
investment_trust_net_volume_ratio_3d,mae10,15100,0.05270045594637471,0.03455529997712694,0.06963751017906221,0.0,-0.0694120187832491,-0.07340180322750314,0.0039897844442540464,0.0
investment_trust_net_volume_ratio_3d,mfe10,15100,0.013668579650140684,-0.005266038639405082,0.030273294313820535,0.152,0.09292193648007702,0.09959028087411968,-0.006668344394042666,0.329811320754717
investment_trust_net_volume_ratio_3d,net_return,15100,0.021755445099789633,0.0036039802223800637,0.038235364643484544,0.018,-0.005502959228475805,-0.0017615915001623697,-0.0037413677283134354,0.07961538461538462
investment_trust_net_volume_ratio_5d,path_success,15100,0.008453079167603803,-0.009453581862102304,0.026496829036025984,0.372,0.34831460674157305,0.36469933184855235,-0.016384725106979303,0.586027397260274
investment_trust_net_volume_ratio_5d,downside_first,15100,-0.015024860113586948,-0.03503967272292501,0.001996126668855228,0.104,0.5427306775621382,0.5289532293986637,0.013777448163474482,0.2875
investment_trust_net_volume_ratio_5d,mae10,15100,0.05533113090089698,0.038009037615430216,0.07239596436134015,0.0,-0.07021151488859968,-0.07375219182723292,0.003540676938633233,0.0
investment_trust_net_volume_ratio_5d,mfe10,15100,0.017850011135812548,0.0011459086563520397,0.03706567082739679,0.038,0.09254015447661014,0.0978872428213347,-0.005347088344724554,0.14566666666666667
investment_trust_net_volume_ratio_5d,net_return,15100,0.031965078399765506,0.014097163553420567,0.05027845378165909,0.0,-0.0053689967823481325,-0.004246188042454526,-0.0011228087398936068,0.0
investment_trust_consecutive_buy_days_5d,path_success,15100,0.001360342325288852,-0.015766223811892025,0.019703165024671756,0.89,0.34363081617086194,,,0.9476851851851853
investment_trust_consecutive_buy_days_5d,downside_first,15100,-0.01942482557347755,-0.03716284848381729,-0.0018186896311791574,0.028,0.549580472921434,,,0.115
investment_trust_consecutive_buy_days_5d,mae10,15100,0.07305680340691625,0.05651588846376215,0.09013638759494436,0.0,-0.07032693574899156,,,0.0
investment_trust_consecutive_buy_days_5d,mfe10,15100,0.014021098522195144,-0.0036259975453385913,0.03192830661017552,0.124,0.09044014706961931,,,0.2910204081632653
investment_trust_consecutive_buy_days_5d,net_return,15100,0.02702507252605987,0.00903264893001572,0.04498707898941752,0.0,-0.006932478190496132,,,0.0
investment_trust_sign_persistence_5d,path_success,15100,0.0003145493395154009,-0.01707914567207808,0.017609916105035657,0.994,0.33804238143289606,0.37978468899521534,-0.04174230756231928,0.994
investment_trust_sign_persistence_5d,downside_first,15100,-0.006054348547783727,-0.023956384177754114,0.010119650325641346,0.458,0.5583585603767238,0.5119617224880383,0.04639683788868554,0.6840259740259741
investment_trust_sign_persistence_5d,mae10,15100,0.04968674233404487,0.034750429870602596,0.0687191812698364,0.0,-0.07204000672326526,-0.07154750715328495,-0.0004924995699803064,0.0
investment_trust_sign_persistence_5d,mfe10,15100,0.009785942754618552,-0.006784686924459495,0.027328298985083575,0.294,0.08968823187834297,0.10270359970161468,-0.0130153678232717,0.5227272727272727
investment_trust_sign_persistence_5d,net_return,15100,0.024642587077581168,0.006667179792830688,0.042044168885063044,0.006,-0.00781738003238114,-0.0015067708680284292,-0.00631060916435271,0.0345
dealer_net_volume_ratio_1d,path_success,15100,0.011657063658939322,-0.004751103458815586,0.02887954753812039,0.132,0.37209302325581395,0.35408953214405925,0.0180034911117547,0.29634615384615387
dealer_net_volume_ratio_1d,downside_first,15100,-0.0058165736155062295,-0.023066950727072853,0.012315729626187537,0.486,0.5355481727574751,0.5425782564792999,-0.007030083721824787,0.6871951219512196
dealer_net_volume_ratio_1d,mae10,15100,0.0050263330793385375,-0.013212378058460345,0.020912533298371498,0.604,-0.07417711225934148,-0.07699466790784523,0.00281755564850375,0.7804494382022471
dealer_net_volume_ratio_1d,mfe10,15100,0.014713494974030607,-0.001176928910155807,0.030480255117663765,0.074,0.10186001811120754,0.09455672742372297,0.007303290687484573,0.24314285714285713
dealer_net_volume_ratio_1d,net_return,15100,0.003882109210957275,-0.011959519046012976,0.020628199858649308,0.602,-0.003957462386449161,-0.006487754094033623,0.002530291707584462,0.7804494382022471
dealer_net_volume_ratio_3d,path_success,15100,0.012673948330708484,-0.0031904592031273354,0.027161090455196997,0.118,0.3706896551724138,0.3488372093023256,0.021852445870088222,0.2875
dealer_net_volume_ratio_3d,downside_first,15100,-0.0034226333931156824,-0.022110887915149525,0.013967652488449401,0.64,0.5444297082228117,0.5451827242524917,-0.0007530160296800315,0.7952127659574468
dealer_net_volume_ratio_3d,mae10,15100,0.010900367415693318,-0.005415252977209241,0.027319877841043984,0.19,-0.07519125285125813,-0.0783193511441807,0.003128098292922571,0.3767241379310345
dealer_net_volume_ratio_3d,mfe10,15100,0.025128659824685106,0.010025801259410773,0.04073253278237799,0.0,0.1047989184104016,0.09483150907452402,0.009967409335877586,0.0
dealer_net_volume_ratio_3d,net_return,15100,0.00758935612162944,-0.008886271808056255,0.023479643349414214,0.338,-0.004263981121910373,-0.007324521849904315,0.0030605407279939417,0.5633333333333334
dealer_net_volume_ratio_5d,path_success,15100,0.009778192264494147,-0.006251963673462995,0.027623102223058905,0.256,0.36433078711391564,0.3506450545815415,0.01368573253237415,0.46730158730158733
dealer_net_volume_ratio_5d,downside_first,15100,-0.000719263729846575,-0.017936754559388448,0.015678639945544685,0.962,0.5440053138492196,0.5428382401587827,0.0011670736904368928,0.9790265486725663
dealer_net_volume_ratio_5d,mae10,15100,0.007345085713489272,-0.009283735873960053,0.024345873889323195,0.394,-0.07662981129948929,-0.07814382279881385,0.0015140114993245635,0.6041333333333334
dealer_net_volume_ratio_5d,mfe10,15100,0.021061248103776267,0.00529787081354654,0.037159449786492105,0.016,0.10352575477663621,0.09541583406540552,0.008109920711230692,0.0736
dealer_net_volume_ratio_5d,net_return,15100,0.013762913555853247,-0.0020295184167071502,0.030375868824483225,0.086,-0.0044463978065181365,-0.006792487053636795,0.002346089247118659,0.2602631578947368
dealer_consecutive_buy_days_5d,path_success,15100,0.01510591584061956,-0.002622788536708307,0.0309563821266352,0.092,0.35973936899862824,0.38235294117647056,-0.022613572177842323,0.27025
dealer_consecutive_buy_days_5d,downside_first,15100,-0.015116586363216356,-0.03188223162956956,0.0023036256050476367,0.106,0.553840877914952,0.5465686274509803,0.007272250463971619,0.2875
dealer_consecutive_buy_days_5d,mae10,15100,0.030897598851046863,0.014032409527584123,0.048492093459501444,0.0,-0.07515539813554391,-0.08268826161496554,0.007532863479421628,0.0
dealer_consecutive_buy_days_5d,mfe10,15100,0.011517177886972459,-0.0063379205375281664,0.029662123344904482,0.194,0.09871097830735256,0.11260410985501448,-0.013893131547661919,0.378135593220339
dealer_consecutive_buy_days_5d,net_return,15100,0.01155624190580078,-0.0064589967478738235,0.02761579222131754,0.186,-0.006468083536932924,-0.0020207402358406127,-0.004447343301092311,0.37526315789473685
dealer_sign_persistence_5d,path_success,15100,0.015789388601065133,-0.0004758317824418485,0.032328718747740556,0.058,0.36268708666898714,0.338166002174701,0.02452108449428614,0.19617647058823529
dealer_sign_persistence_5d,downside_first,15100,-0.011405140684138787,-0.027703556801636126,0.004125525087630951,0.16,0.5464671075530804,0.5592606016672708,-0.012793494114190396,0.3407407407407408
dealer_sign_persistence_5d,mae10,15100,0.001490626046391132,-0.01604050826311984,0.017680371231819668,0.848,-0.0762246291804634,-0.07835318491313477,0.002128555732671372,0.9199999999999999
dealer_sign_persistence_5d,mfe10,15100,0.022846551627593064,0.006379689273755955,0.03899984498531613,0.006,0.10342441684394373,0.09203771109797307,0.011386705745970657,0.0345
dealer_sign_persistence_5d,net_return,15100,0.011389558403605752,-0.004978371536124161,0.027828902059008967,0.174,-0.005071328541517486,-0.009125820295739096,0.00405449175422161,0.36381818181818176
margin_balance_change_volume_ratio_1d,path_success,15100,-0.0026700890077020227,-0.020747151796078035,0.014550357847714685,0.796,0.35982849604221634,0.36105610561056106,-0.001227609568344723,0.8718095238095239
margin_balance_change_volume_ratio_1d,downside_first,15100,0.008032049047106514,-0.00784468721674086,0.026082132814628137,0.356,0.5514511873350924,0.5448844884488449,0.006566698886247502,0.5686111111111111
margin_balance_change_volume_ratio_1d,mae10,15100,0.007147659741186952,-0.010201855691036533,0.022958478256790458,0.41,-0.0767696445451112,-0.08047151445234631,0.003701869907235103,0.6203947368421052
margin_balance_change_volume_ratio_1d,mfe10,15100,-0.0032107680099600195,-0.020720804475169437,0.014691270690271008,0.74,0.09905583248558636,0.10033524154499869,-0.0012794090594123314,0.834313725490196
margin_balance_change_volume_ratio_1d,net_return,15100,-0.005737477241925269,-0.022823803410983085,0.011636135437184822,0.468,-0.006665057972612496,-0.006056611469577423,-0.0006084465030350731,0.6870886075949366
margin_balance_change_volume_ratio_3d,path_success,15100,-2.5308876209915363e-05,-0.01628435867068485,0.0160221215399607,0.992,0.3632464533157374,0.34778292521508936,0.01546352810064805,0.994
margin_balance_change_volume_ratio_3d,downside_first,15100,0.00895227594679261,-0.008381317480528293,0.025937135590836175,0.298,0.5486638073243154,0.5559232296492389,-0.007259422324923492,0.5227272727272727
margin_balance_change_volume_ratio_3d,mae10,15100,0.0029937965349124463,-0.01478871990537572,0.019045796094111226,0.72,-0.07709577634275402,-0.08196265696456333,0.0048668806218093025,0.828
margin_balance_change_volume_ratio_3d,mfe10,15100,-0.0020438073189574285,-0.018331595812566777,0.016071755372307584,0.792,0.10123171180298296,0.09585289737426166,0.005378814428721304,0.8718095238095239
margin_balance_change_volume_ratio_3d,net_return,15100,-0.012188379636652095,-0.027546711790008532,0.004125665932818895,0.134,-0.006188288200112003,-0.007445195328820902,0.0012569071287088993,0.29634615384615387
margin_balance_change_volume_ratio_5d,path_success,15100,0.005833888549972471,-0.011282745914540433,0.022795607184199738,0.488,0.36435643564356435,0.3475811795891319,0.016775256054432475,0.6871951219512196
margin_balance_change_volume_ratio_5d,downside_first,15100,0.00632721492228178,-0.011070008703452084,0.023800925694768365,0.49,0.5521452145214522,0.5536779324055666,-0.001532717884114465,0.6871951219512196
margin_balance_change_volume_ratio_5d,mae10,15100,0.01227642994207577,-0.006196882384863622,0.0308655735298003,0.186,-0.07564645890215385,-0.08307456459605343,0.007428105693899581,0.37526315789473685
margin_balance_change_volume_ratio_5d,mfe10,15100,0.009713174526261203,-0.006927571148964544,0.02756489667994292,0.224,0.10259105377031498,0.09695976557123587,0.0056312881990791125,0.42933333333333334
margin_balance_change_volume_ratio_5d,net_return,15100,-0.006041224644031323,-0.024344898789203973,0.010728717226117596,0.502,-0.005810593853121156,-0.0073780519218281755,0.0015674580687070191,0.6900000000000001
short_balance_change_volume_ratio_1d,path_success,15100,-0.018641210556270965,-0.03477961755530973,-0.0013182254426514564,0.036,0.3411803713527852,0.3591525984773254,-0.01797222712454022,0.14275862068965517
short_balance_change_volume_ratio_1d,downside_first,15100,0.0257049052374828,0.00817472199637605,0.04295309000928948,0.0,0.5706233421750663,0.5405494869248593,0.030073855250207004,0.0
short_balance_change_volume_ratio_1d,mae10,15100,-0.0027254751941482,-0.02130979619217536,0.01421142599455373,0.736,-0.07825843935421263,-0.07913446539504851,0.0008760260408358783,0.834313725490196
short_balance_change_volume_ratio_1d,mfe10,15100,-0.0244656334381414,-0.0413118782519594,-0.007020537464904548,0.004,0.09654957689537229,0.10261052330323178,-0.006060946407859494,0.025555555555555557
short_balance_change_volume_ratio_1d,net_return,15100,-0.023564991482761383,-0.041372686758676745,-0.005688261270055464,0.004,-0.009401354716972635,-0.0045358956344985,-0.004865459082474135,0.025555555555555557
short_balance_change_volume_ratio_3d,path_success,15100,-0.014392115024727462,-0.031243988911377852,0.0024505839692036285,0.082,0.3502638522427441,0.3609072715143429,-0.010643419271598786,0.2602631578947368
short_balance_change_volume_ratio_3d,downside_first,15100,0.013259941883482104,-0.0030495661318502435,0.03054411808801689,0.11,0.5646437994722955,0.5476984656437625,0.016945333828533027,0.2875
short_balance_change_volume_ratio_3d,mae10,15100,0.02064683168851987,0.004799545316153478,0.0369055564395168,0.01,-0.07759578125021309,-0.08273831858557402,0.005142537335360936,0.05476190476190477
short_balance_change_volume_ratio_3d,mfe10,15100,-0.024215747628776436,-0.04210298723505885,-0.007177316066804586,0.0,0.09882241704154938,0.10361149217140775,-0.004789075129858364,0.0
short_balance_change_volume_ratio_3d,net_return,15100,-0.01407874420145563,-0.03174808588817725,0.003951043202687248,0.116,-0.008417982730656855,-0.005464165287932755,-0.0029538174427241005,0.2875
short_balance_change_volume_ratio_5d,path_success,15100,-0.008768121599737057,-0.024411925912829896,0.008754484459505874,0.348,0.3627677100494234,0.362670209232813,9.750081661036303e-05,0.5686111111111111
short_balance_change_volume_ratio_5d,downside_first,15100,0.006795082601871434,-0.009516024637161348,0.024325821683171028,0.472,0.5525535420098847,0.549983394221189,0.002570147788695687,0.6870886075949366
short_balance_change_volume_ratio_5d,mae10,15100,0.02239462303800963,0.005175962265012351,0.03894610905215727,0.012,-0.07607795807889617,-0.08334979683769865,0.007271838758802482,0.0575
short_balance_change_volume_ratio_5d,mfe10,15100,-0.016092809548844702,-0.032452699764258255,-1.953787382926181e-05,0.05,0.10156356192124048,0.10194189568664805,-0.00037833376540756525,0.1796875
short_balance_change_volume_ratio_5d,net_return,15100,-0.004447205126932126,-0.02051150476810965,0.012356628093472686,0.604,-0.005676896912670295,-0.006010217604697553,0.0003333206920272582,0.7804494382022471
short_margin_ratio,path_success,15100,-0.013696214529803963,-0.030524215891656305,0.0036125601215662886,0.13,0.34398682042833606,0.36299161831076726,-0.0190047978824312,0.29634615384615387
short_margin_ratio,downside_first,15100,0.0034915765255673073,-0.013592350377220026,0.02065075772700994,0.65,0.5677100494233938,0.5683430045132173,-0.0006329550898235281,0.7952127659574468
short_margin_ratio,mae10,15100,-0.008031336205699591,-0.02497344109970635,0.009161579069380796,0.316,-0.08383841360231582,-0.08234346536738262,-0.0014949482349332077,0.5411764705882354
short_margin_ratio,mfe10,15100,-0.003922884490069806,-0.020084496444059765,0.013524166735450342,0.628,0.1034312395804031,0.10461217518473079,-0.001180935604327693,0.7952127659574468
short_margin_ratio,net_return,15100,-0.01282942285274824,-0.028975895069139248,0.0038342356038611586,0.12,-0.009298703408711634,-0.00683630595409744,-0.0024623974546141942,0.2875
margin_data_available,path_success,15100,-0.010323902716062996,-0.030669118694662656,0.008018655412272119,0.32,,0.38904899135446686,,0.5411764705882354
margin_data_available,downside_first,15100,-0.011456912715199554,-0.031423539119212425,0.00781893227227094,0.236,,0.553314121037464,,0.4449180327868852
margin_data_available,mae10,15100,0.0300616316425532,0.01092723831310272,0.04862630358850082,0.002,,-0.08256641990598323,,0.014375
margin_data_available,mfe10,15100,-0.015713127952637133,-0.03644981984685896,0.002417734309528679,0.094,,0.11784836636708296,,0.27025
margin_data_available,net_return,15100,0.007239169133041547,-0.012080985008529518,0.026014960712089343,0.504,,-0.0022714939557549555,,0.6900000000000001
