time_slice,model,market_proxy,regime_dimension,regime_group,observations,evaluable_observations,unique_dates,unique_stocks,winner_rate,same_day_universe_winner_rate,winner_rate_lift,gross_mean,net_mean,median_net_return,gross_profit_factor,net_profit_factor,day1_return,day3_return,day5_return,day10_return,mfe5,mae5,mfe10,mae10,mfe_abs_mae,entry_gap_mean,signal_close_to_exit_proxy_mean,gap_payoff_erosion,top1_positive_removed_count,top1_removed_gross_mean,top1_removed_net_mean,top1_removed_gross_pf,top1_removed_net_pf,top5_positive_removed_count,top5_removed_gross_mean,top5_removed_net_mean,top5_removed_gross_pf,top5_removed_net_pf,net_tail_dependent,top10_minus_regime_universe_net_spread
HISTORICAL_DISCOVERY,LINEAR_RIDGE_NET_RETURN,0050,0050_CLOSE_VS_MA20,ABOVE_OR_EQUAL_MA20,3950,3930,395,402,0.10585241730279898,0.20371512212464102,0.5196100132322737,0.005822855235730155,9.953620855680754e-07,-0.0036878512737275266,1.372831743792813,1.0000538803914345,0.0004400465035734103,0.0027505586676581156,0.004415456379318153,0.006662119544097627,0.019332472765615824,-0.013615565050712583,0.033413956810395634,-0.023778261804550487,1.4052312605962285,0.001302836480015469,0.007132942897277242,0.0013100876615470868,18,0.005119785611028232,-0.0006979603050948972,1.326313438971983,0.9623914432239,90,0.0029305381178324386,-0.002874689110574739,1.1833424108239845,0.8479525272142993,True,0.0061229337563156756
HISTORICAL_DISCOVERY,LINEAR_RIDGE_NET_RETURN,0050,0050_CLOSE_VS_MA20,BELOW_MA20,3160,3139,316,456,0.14144632048423064,0.21068660022148394,0.6713588825085953,0.002034714991311695,-0.0037643470729257812,-0.004361675410938438,1.0919990354279259,0.8492524614247685,-0.0011867099917404007,9.137056162850918e-05,0.0011059817609857196,0.00324674635737969,0.02069766641564688,-0.021612684883249342,0.03678112812450841,-0.03623234107874282,1.0151463314107394,0.0005510482197165228,0.0025909548495369147,0.0005562398582252197,15,0.00129616158470197,-0.0044985893769876615,1.058325509923746,0.820709766031574,72,-0.0009491236610548954,-0.006730983812120147,0.9580699915820071,0.7366328661544109,False,0.004945015697275146
HISTORICAL_DISCOVERY,LINEAR_RIDGE_NET_RETURN,0050,0050_MA20_SLOPE5,RISING_OR_FLAT,4030,4008,403,378,0.10678642714570859,0.20137255325118156,0.5302928597846639,0.005791697572396776,-3.0198615142132197e-05,-0.0036122244294358296,1.3652159358697065,0.9983855377028487,0.0003045711672359002,0.0021397309469049766,0.002826357236661694,0.006556090991036117,0.018594229066777154,-0.014643626977767334,0.03314739961413824,-0.02468987218067856,1.342550474606274,0.0010113535599586966,0.006803584510950465,0.0010118869385536888,19,0.0050632991543156,-0.0007543313145093506,1.3177706294616982,0.9598635146000605,93,0.0028673212476394315,-0.002937735239625226,1.1766136434034982,0.8465886165712355,False,0.0076011487757335384
HISTORICAL_DISCOVERY,LINEAR_RIDGE_NET_RETURN,0050,0050_MA20_SLOPE5,FALLING,3080,3061,308,460,0.14113034955896767,0.21416397990276004,0.658982661897893,0.0019789831963347394,-0.0038194503885750014,-0.005795896530367809,1.0900865726283793,0.8461985172536844,-0.0010507746302878482,0.0008234126500010258,0.0031023784756335974,0.0032985475112857795,0.02169909269779253,-0.02047034680526908,0.0372159535427052,-0.035356053524304945,1.0526048535683346,0.0009135519960262994,0.0029064704799433108,0.0009274872836085714,14,0.0012751025906320374,-0.004519224159649591,1.0577792912804522,0.8188523696886543,70,-0.001000919308564274,-0.006782199249806783,0.9554784671492822,0.7331401257736488,False,0.0029275339938357728
HISTORICAL_DISCOVERY,LINEAR_RIDGE_NET_RETURN,0050,0050_VOLATILITY20,HIGH,3560,3540,356,440,0.14519774011299436,0.23518763213530655,0.6173697944688697,0.006909144127049928,0.0010819378057382574,-0.0004526537599543506,1.3669391582551222,1.050371955971527,-0.0003544445195314511,0.0022624030608256037,0.005309246261382737,0.01038371920918893,0.02230008111432074,-0.01790538697501614,0.038953227574985615,-0.02887730202534166,1.3489219851910574,0.0007690984428154352,0.007694815570526965,0.0007856714434770371,18,0.006154030161852019,0.0003312363658190116,1.3251737789627853,1.0153430118107825,88,0.00377852667142194,-0.0020306680707668297,1.195686031196256,0.907808053644312,False,0.0015827868393987715
HISTORICAL_DISCOVERY,LINEAR_RIDGE_NET_RETURN,0050,0050_VOLATILITY20,LOW,3550,3529,355,396,0.09804477189005384,0.18140849058273215,0.5404640740635019,0.0013636784427288663,-0.0044325399606775775,-0.005803913227646286,1.0750210386791097,0.7912953356507879,-0.00020996494924575756,0.0008749223353713944,0.0005751455237063263,-0.00010901087458494586,0.017569936441737134,-0.016425706604211672,0.030852475441268814,-0.029741070662609136,1.0373693600767693,0.0011695322302590866,0.0025292790420318747,0.0011656005993030084,15,0.0006847079381035611,-0.005107545634874525,1.0375082290333082,0.7605351081664612,75,-0.0013881413299938695,-0.00716849956152897,0.9252561511848677,0.6696468642497841,False,0.008858044403328033
RETROSPECTIVE_CONFIRMATION_NOT_BLIND_OOS,LINEAR_RIDGE_NET_RETURN,0050,0050_CLOSE_VS_MA20,ABOVE_OR_EQUAL_MA20,3130,3120,313,382,0.11698717948717949,0.19061921953714664,0.613721846995506,0.009820121961171536,0.003975662515955451,0.0012991719445849632,1.7146357411272208,1.243887496697183,0.0003525754834896197,0.0019523253096648434,0.005268041018960169,0.01074808999981638,0.018414274591256493,-0.012611928584778598,0.034154556661527724,-0.02134398238869355,1.6001960664857118,0.0008510609433171834,0.01068037135322626,0.0008602493920547242,16,0.009014124854780587,0.003174345383890065,1.6526172351777786,1.1937319820889134,80,0.006569559050230839,0.0007438586916324602,1.465825288361874,1.044462047306793,False,0.009651196745871626
RETROSPECTIVE_CONFIRMATION_NOT_BLIND_OOS,LINEAR_RIDGE_NET_RETURN,0050,0050_CLOSE_VS_MA20,BELOW_MA20,1680,1671,168,319,0.12387791741472172,0.18973219246582954,0.6529093234245524,0.009567718807492163,0.0037246633341517514,0.0038770561653283853,1.5921426823897775,1.2005607490008237,0.000372545620663496,0.004054284676392136,0.007391196553318367,0.011368094711973994,0.021643530738720763,-0.013501379039088171,0.03775642209852126,-0.02365981527979621,1.5958037563700906,0.0011548756949150982,0.010762427058533398,0.0011947082510412356,9,0.008716389792269866,0.0028782809690525274,1.536548736672494,1.1541511165772025,45,0.006156602545439517,0.0003332521487274596,1.370768792505073,1.0174612756687533,False,0.010961973255080774
RETROSPECTIVE_CONFIRMATION_NOT_BLIND_OOS,LINEAR_RIDGE_NET_RETURN,0050,0050_MA20_SLOPE5,RISING_OR_FLAT,3140,3140,314,356,0.12070063694267516,0.19022767303803248,0.6345061946825334,0.010080238178825337,0.004234439691851665,0.0015430058579121993,1.7266896834964787,1.2578976390563055,0.00040390376452775284,0.00232546839480977,0.005912638788339664,0.011444049769339349,0.0184929519539246,-0.012288530059705595,0.03454470553667352,-0.021253982369479927,1.625328606006499,0.0006214125542634369,0.0107063373235288,0.0006260991447034642,17,0.009238426124055657,0.0033975133999113215,1.6623972599845351,1.2058045295504993,82,0.006763267136622574,0.0009366217459983294,1.474834838455777,1.055555042512822,False,0.010617593727179787
RETROSPECTIVE_CONFIRMATION_NOT_BLIND_OOS,LINEAR_RIDGE_NET_RETURN,0050,0050_MA20_SLOPE5,FALLING,1670,1651,167,319,0.11689884918231375,0.19046501754150746,0.6137549597885519,0.00906995200766992,0.0032294602354538777,0.0034345179417688224,1.569012944737294,1.1757567787668053,0.00027516742580204184,0.003370075045852751,0.006190970093497377,0.010051975037801385,0.021533014811507822,-0.014127218153452449,0.03705803920377994,-0.023859038004298238,1.553207601962153,0.0015953192059149305,0.010714036972134956,0.0016440849644650361,9,0.008203270978370336,0.0023678140398304087,1.5118353706746723,1.1281609782726942,44,0.005753660014256581,-6.773849825290779e-05,1.3513420707418273,0.9964117184620851,False,0.009142151740799532
RETROSPECTIVE_CONFIRMATION_NOT_BLIND_OOS,LINEAR_RIDGE_NET_RETURN,0050,0050_VOLATILITY20,HIGH,2080,2077,208,346,0.15647568608570053,0.20436294002466984,0.7656754500929153,0.013326504477216875,0.007461739514682133,0.006283323980579786,1.8916770417505258,1.4316897721163442,0.0007134113673840416,0.003906895512651765,0.00822537215778537,0.015620130585072764,0.022365359025120293,-0.013286821981754144,0.041543985516670094,-0.022451111028689463,1.8504200288165042,0.00109237138302582,0.01445580052062741,0.0011292960434105357,12,0.012454946817260485,0.006595251804252888,1.8285462809152524,1.3793557018576115,58,0.009840444325239677,0.003995797834333698,1.6400381574881133,1.2247165221173701,False,0.014390952926177973
RETROSPECTIVE_CONFIRMATION_NOT_BLIND_OOS,LINEAR_RIDGE_NET_RETURN,0050,0050_VOLATILITY20,LOW,2730,2714,273,330,0.09100957995578482,0.17885223996061608,0.5088534534195683,0.00698131497678524,0.001153259583328589,-0.00021115177378277497,1.4879388287080606,1.068054908400267,8.872654036833491e-05,0.0017506789538053993,0.004312041064123251,0.007401295445077196,0.01737878625421806,-0.012643070118910173,0.030717148191772934,-0.021922556661265784,1.4011663268292978,0.0008534458610199384,0.007841590477351553,0.000860275500566313,14,0.006146423592675113,0.0003232204956459541,1.4273705136647343,1.0189751489783758,68,0.0037894425341916645,-0.0020201668328644657,1.2582161900109,0.8837749839860694,False,0.006795063686193171
STRESS_PREVALENCE_SEEN_NOT_BLIND,LINEAR_RIDGE_NET_RETURN,0050,0050_CLOSE_VS_MA20,ABOVE_OR_EQUAL_MA20,1320,1316,132,233,0.08814589665653495,0.20841535826891375,0.42293378659168795,0.0008492857772681713,-0.0049434474074256515,-0.008452495087681013,1.0482435490107325,0.7618153688026821,-0.0011179092759370404,-0.0010070902821309004,-0.0007210081965140573,0.0019689633245891297,0.015730956195596148,-0.017150177136786376,0.028245488543744326,-0.02638981191348349,1.0703179180035272,0.001308625928443547,0.0021643320482227766,0.0013150462709546054,6,0.00020235032836468642,-0.00558661770802689,1.0114420730905662,0.7320534452981442,27,-0.0018567235570144626,-0.007633893346334973,0.8966930182138247,0.6397309674120926,False,0.0005557868518489238
STRESS_PREVALENCE_SEEN_NOT_BLIND,LINEAR_RIDGE_NET_RETURN,0050,0050_CLOSE_VS_MA20,BELOW_MA20,820,817,82,203,0.0966952264381885,0.20658135283363802,0.4680733527583107,-0.0037281108622282196,-0.00949439419208167,-0.008798632019771966,0.8423669598137935,0.6441870216178188,-0.0006696081575970324,-0.001411284664112874,-0.004126908734209665,-0.00626277305151532,0.018588256191818683,-0.02438718811442409,0.030279090795320453,-0.04335581532901566,0.6983859158348321,0.0016897668944690014,-0.0019227543801386851,0.0018053564820895345,4,-0.00440778215539588,-0.01017009910079692,0.8145413711262587,0.6207302547102345,18,-0.00648737534109334,-0.012237809936765582,0.7317423092543988,0.5514788233293082,False,0.0009698892308940988
STRESS_PREVALENCE_SEEN_NOT_BLIND,LINEAR_RIDGE_NET_RETURN,0050,0050_MA20_SLOPE5,RISING_OR_FLAT,1410,1405,141,226,0.06975088967971531,0.20563050027454996,0.3392049797407806,-0.0005110062654284484,-0.006295701580652155,-0.008592478549014095,0.9702536443403812,0.6906917643976072,-0.0012310918246724917,-0.001542140770099755,-0.0019600233803573185,0.0002952123271219093,0.014464631341347057,-0.017264115753927004,0.02619527883385789,-0.026656703948252602,0.9826900911946783,0.001641411735685398,0.0011358342218887188,0.0016468404873171672,6,-0.0011168829023855615,-0.006898006934573647,0.9352624030950001,0.6625477202821264,29,-0.0031976918835006163,-0.008966964189648426,0.817700169250681,0.568545607672003,False,0.00014375250046308984
STRESS_PREVALENCE_SEEN_NOT_BLIND,LINEAR_RIDGE_NET_RETURN,0050,0050_MA20_SLOPE5,FALLING,730,728,73,189,0.13324175824175824,0.21168174940763368,0.6294437693122791,-0.0016624212755886965,-0.007440983684459625,-0.008173543145593848,0.9340587830842166,0.7359625015055621,-0.00039636601404542535,-0.00042808049433286686,-0.002152058204752421,-0.004038877977383246,0.021381506356494204,-0.02505203731762076,0.03448449634859067,-0.04491486889375709,0.7677746189165391,0.0010941041016138704,-0.0004374676303101389,0.0012249536452785576,4,-0.002454931310256624,-0.00822887310027932,0.9031583007901258,0.7096092294164067,16,-0.004523748432197027,-0.01028588427816996,0.8245057347891818,0.6430351073112317,False,0.0019094751573226583
STRESS_PREVALENCE_SEEN_NOT_BLIND,LINEAR_RIDGE_NET_RETURN,0050,0050_VOLATILITY20,HIGH,1300,1297,130,249,0.10485736314572089,0.22071240751931273,0.4750859470215587,0.00265037829802256,-0.0031528662502839895,-0.00579659973182641,1.147478711501224,0.8492165660122133,-0.0005685425294037129,6.21205941013058e-05,0.000309026059633543,0.003913327171477899,0.019190228520326046,-0.019557426868136336,0.031559992521503565,-0.029205956409380136,1.0806012334993207,0.0017220577543321546,0.004448989855437938,0.001798611557415378,6,0.0019905161077092507,-0.003808880704870321,1.1102486881099176,0.8186858413659739,29,-0.00017301061145645074,-0.005959980036334638,0.9905881827404281,0.7213415836286438,False,0.0008860227605496001
STRESS_PREVALENCE_SEEN_NOT_BLIND,LINEAR_RIDGE_NET_RETURN,0050,0050_VOLATILITY20,LOW,840,836,84,178,0.07057416267942583,0.1883544180851322,0.37468811932793533,-0.0064183578278598115,-0.01216893458909635,-0.013502294561389967,0.7202546386251194,0.5374455846528543,-0.0015321038412120871,-0.0030609100387725794,-0.005647533518907296,-0.009092243049444445,0.013156479989542478,-0.020488018126223115,0.025090633735591165,-0.03860115806098568,0.6499969170860279,0.0010396918268469827,-0.005374365066525282,0.0010439927613345298,4,-0.007098534214792723,-0.012845060639750945,0.6920893594936555,0.5140814463011315,16,-0.009007662836102989,-0.014743420477744363,0.6149131707849671,0.4503121966232697,False,0.0003155813974090125
HISTORICAL_DISCOVERY,IC_WEIGHTED_LINEAR_RANK,0050,0050_CLOSE_VS_MA20,ABOVE_OR_EQUAL_MA20,3950,3941,395,154,0.021568129916264906,0.20371512212464102,0.10587397583115438,0.004096414726166186,-0.0017157750040350814,-0.001837858221628685,1.4349151748734605,0.859134090755576,0.000668252963304111,0.0016438347338323554,0.0025629611593464387,0.003934255215545973,0.011963594526838046,-0.008352217646251627,0.019847416153908982,-0.014512230492295972,1.3676337462008525,0.0004342375249103268,0.004536707913153332,0.00044029318698714584,19,0.0035079847569277002,-0.0023008345458169896,1.370646150965484,0.8120111417629029,91,0.001921267574443483,-0.0038783755802047934,1.1992703989264912,0.688936019889778,False,0.004406163390195026
HISTORICAL_DISCOVERY,IC_WEIGHTED_LINEAR_RANK,0050,0050_CLOSE_VS_MA20,BELOW_MA20,3160,3145,316,174,0.06232114467408585,0.21068660022148394,0.2958002293860685,0.0003296947820466267,-0.005459616899780264,-0.003852411142833405,1.0185930614749668,0.7348237823808573,-0.0011893188772001428,-0.0020225076657178743,-0.002336721697422581,-0.0007103682624867939,0.013510875596436657,-0.01785840460795931,0.024961953406982297,-0.029460597503975824,0.8472996314352953,6.339101556175453e-05,0.00044295112186857206,0.00011325633982194538,15,-0.0003453482164919709,-0.0061307444484114395,0.9806170561934557,0.7036470166536204,72,-0.0023078433650105816,-0.008081998001069412,0.8728292971634735,0.6164402283125957,False,0.0032497458704206636
HISTORICAL_DISCOVERY,IC_WEIGHTED_LINEAR_RANK,0050,0050_MA20_SLOPE5,RISING_OR_FLAT,4030,4022,403,161,0.0278468423669816,0.20137255325118156,0.1382851928795227,0.004369682852208507,-0.0014440548635130885,-0.0018442694564860629,1.4343169270882186,0.8873211794903001,0.0001544843918125389,0.0007947785056647525,0.001499881973537681,0.003792656456642848,0.011538955785971054,-0.00966636416205507,0.020177176424323182,-0.01602042928181337,1.2594654031667312,0.0004406082372693102,0.004816849073831988,0.00044716622162348143,19,0.0037809501635090613,-0.002029407556815504,1.3740255888467947,0.8423944903284563,93,0.0021128671694453202,-0.0036878665886724794,1.2051488071062582,0.7188916390095198,False,0.006187292527362582
HISTORICAL_DISCOVERY,IC_WEIGHTED_LINEAR_RANK,0050,0050_MA20_SLOPE5,FALLING,3080,3064,308,167,0.05515665796344647,0.21416397990276004,0.257544046335383,-0.00012859135320660473,-0.005915266246625828,-0.003898016521566525,0.9924839779983199,0.7038926389144455,-0.0005640206149748626,-0.001004906355232714,-0.001070784956585591,-0.000647282196368088,0.014109187209492963,-0.01638467871283427,0.024664297307077934,-0.027876015975420696,0.8847855923466735,4.522470604313001e-05,-3.3002549261853136e-05,9.558880394475158e-05,14,-0.0007793184922896396,-0.0065622210964150895,0.9546578263119795,0.6730082135907401,69,-0.0027021796212256836,-0.008474092860776439,0.8456173269137497,0.5853552305036851,False,0.0008317181357849462
HISTORICAL_DISCOVERY,IC_WEIGHTED_LINEAR_RANK,0050,0050_VOLATILITY20,HIGH,3560,3550,356,169,0.05746478873239436,0.23518763213530655,0.24433592961782152,0.0059334765964183045,0.00011121292278114996,9.749479389581551e-05,1.456153877233502,1.007145639730051,-5.0862139749606474e-05,0.00011621975705705633,0.0014962681242458537,0.006459506851084496,0.014611578948102173,-0.013773565434206821,0.02608073699628958,-0.021347496165882458,1.2217234655355873,2.805874068258438e-05,0.006001116878236864,6.76402818185597e-05,18,0.005252241183529735,-0.0005660852351996398,1.4017345092649527,0.9638123791839491,90,0.0032103426863111747,-0.002596304256693219,1.2405477373018774,0.8374117365100592,True,0.000612061956441664
HISTORICAL_DISCOVERY,IC_WEIGHTED_LINEAR_RANK,0050,0050_VOLATILITY20,LOW,3550,3536,355,154,0.02177601809954751,0.18140849058273215,0.12003858270137836,-0.0010981282216989264,-0.0068798558587625175,-0.005796409652080926,0.9168710584814841,0.5769344820513446,-0.0002619520204473543,-8.343157811141186e-05,-0.0007240134758151806,-0.0027320298932138718,0.010681313494145733,-0.01136442730330189,0.018138403334470195,-0.020945324697754432,0.8659881666296073,0.0005121850396465332,-0.0005745808127055787,0.0005235474089933477,15,-0.0016410696000053926,-0.007419685128937996,0.8762970755469331,0.5456740594957505,73,-0.003146302915166634,-0.00891621140445549,0.7667401642059833,0.4630314098666918,False,0.006410728505243092
RETROSPECTIVE_CONFIRMATION_NOT_BLIND_OOS,IC_WEIGHTED_LINEAR_RANK,0050,0050_CLOSE_VS_MA20,ABOVE_OR_EQUAL_MA20,3130,3130,313,169,0.01597444089456869,0.19061921953714664,0.08380288689334232,-0.0013601660864975785,-0.007140811680356804,-0.005796954598966023,0.8853655612289869,0.5229904569888164,-0.000300833816525975,-0.00034683175215881253,-0.001009454896050703,-0.002130107118350261,0.009417988879458819,-0.010227471838017596,0.016161120403605633,-0.018005224699960024,0.8975794900044494,0.0006209110860863737,-0.0007379121633776604,0.0006222539231199181,13,-0.0018527600743894238,-0.0076306147299140805,0.8444984168095975,0.49238846906614087,63,-0.0032589693407906206,-0.009028667097509751,0.7308633266084933,0.4090202958639887,False,-0.0014652774504406284
RETROSPECTIVE_CONFIRMATION_NOT_BLIND_OOS,IC_WEIGHTED_LINEAR_RANK,0050,0050_CLOSE_VS_MA20,BELOW_MA20,1680,1680,168,148,0.02976190476190476,0.18973219246582954,0.15686270408362477,0.0022501581779133723,-0.0035505460962787245,-0.0013993212900554218,1.1749582581597309,0.7714024338051618,-0.00041946100659074476,0.0003009814047789969,0.0014744734165260873,0.0028984301581839074,0.012608713924452813,-0.011755618687602064,0.02141521801614746,-0.01958144897632236,1.093648281189123,0.0008081071873756938,0.0030857556186053093,0.0008355974406919369,9,0.0016403704394852366,-0.004156844370293683,1.1268616922839907,0.7338004112882635,41,-0.0001329234670131749,-0.005919922296447898,0.9899169312116507,0.6281548468286957,False,0.0036867638246502977
RETROSPECTIVE_CONFIRMATION_NOT_BLIND_OOS,IC_WEIGHTED_LINEAR_RANK,0050,0050_MA20_SLOPE5,RISING_OR_FLAT,3140,3140,314,164,0.015605095541401274,0.19022767303803248,0.08203378242597398,-0.0014399885296225165,-0.007219943084167135,-0.005795725520729668,0.8840409528444652,0.5334274874867778,-0.00038926579309038917,-0.0007188381211434514,-0.0009197936723451017,-0.0019601207558329016,0.009421019338776818,-0.010532779524902213,0.01639983155328408,-0.018680517578649258,0.8779109831532789,0.00047923747733988087,-0.0009559173357760691,0.00048407119384644745,13,-0.0019396001681977436,-0.007716717144851144,0.8444550012919526,0.5033891657293422,64,-0.0033766505317704186,-0.009145431887697703,0.7336281028434564,0.42104304160129563,False,-0.0008367890488390137
RETROSPECTIVE_CONFIRMATION_NOT_BLIND_OOS,IC_WEIGHTED_LINEAR_RANK,0050,0050_MA20_SLOPE5,FALLING,1670,1670,167,160,0.03053892215568862,0.19046501754150746,0.16033874645265694,0.0024218621983064354,-0.003380261507173805,-0.0020010051565356925,1.2047631885615135,0.7682640977419256,-0.00025389805179337174,0.0010043216024922565,0.0013207626624483512,0.0026089260830107538,0.012622122073070433,-0.01119071768860694,0.020997845540779256,-0.018321175086310048,1.1460970948566105,0.001075608440355862,0.0035185537737854496,0.0010966915754790142,8,0.0018835975673833763,-0.003915468055819776,1.1584911893209136,0.7328585636733217,39,0.00016188461531185962,-0.005627272500900138,1.0133673562554941,0.623228139654603,False,0.0025324299981718495
RETROSPECTIVE_CONFIRMATION_NOT_BLIND_OOS,IC_WEIGHTED_LINEAR_RANK,0050,0050_VOLATILITY20,HIGH,2080,2080,208,148,0.028365384615384615,0.20436294002466984,0.1387990631371836,-1.5000636687553162e-05,-0.005802925532545787,-0.0031356047424651538,0.9988750924506127,0.6414308336526842,-0.0002392772587952801,0.0002742736371724036,0.000754832322004583,0.00035924349046838864,0.012151723516606643,-0.011309256928399366,0.020498645658875443,-0.019915818928270934,1.0292645124312298,0.0007643612800490815,0.0007626840273404681,0.0007776846640280213,10,-0.0005962471417630073,-0.006380841776554648,0.9555020033087367,0.607616325094833,47,-0.0023242348765469024,-0.008098872372258521,0.8296425243244081,0.5108697269106278,False,0.0011262878789500526
RETROSPECTIVE_CONFIRMATION_NOT_BLIND_OOS,IC_WEIGHTED_LINEAR_RANK,0050,0050_VOLATILITY20,LOW,2730,2730,273,152,0.015018315018315019,0.17885223996061608,0.08397051678873078,-0.00016331603938932103,-0.005950759301673926,-0.005281931563049149,0.9856214135171597,0.5864970868844824,-0.0004207353987196229,-0.0004214006555117101,-0.0008251024595767053,-0.0009322707233925285,0.009298666546243594,-0.010343652687580902,0.016089630095220676,-0.017519518029411325,0.9183831466259409,0.0006268133010034527,0.00047180278059218676,0.0006351188199815078,12,-0.0006527620886581691,-0.006437423211624827,0.9427824729729943,0.554646308657744,57,-0.0020212587380029966,-0.007797971178422911,0.8257609169863677,0.4694526779506187,False,-0.00030895519880934363
STRESS_PREVALENCE_SEEN_NOT_BLIND,IC_WEIGHTED_LINEAR_RANK,0050,0050_CLOSE_VS_MA20,ABOVE_OR_EQUAL_MA20,1320,1317,132,98,0.03644646924829157,0.20841535826891375,0.17487420097546502,0.0022752507757615803,-0.003526943198715792,-0.0057987299296855,1.2017340334793647,0.7548610921638866,-0.0010346485820820505,-0.000777580932973029,0.00048037945827022354,0.0017057514713878178,0.010303794856659628,-0.010771302481456696,0.01901868056020511,-0.017220333009093935,1.104431636145566,0.0012320051192614655,0.0035039177694148383,0.001228666993653258,6,0.001702145697452017,-0.004096787120264557,1.150232380498265,0.716551544012073,27,0.00013461693513359035,-0.005655309682773028,1.0116910504536702,0.6149881394087178,False,0.0019722910605587834
STRESS_PREVALENCE_SEEN_NOT_BLIND,IC_WEIGHTED_LINEAR_RANK,0050,0050_CLOSE_VS_MA20,BELOW_MA20,820,820,82,103,0.08780487804878048,0.20658135283363802,0.42503777250161884,-0.0017365371580398694,-0.007515927570539049,-0.005797892782894707,0.9097208966383736,0.6629010840505112,0.000752052332614926,0.0015241469054356489,0.0006799843549920961,0.00011660369691976656,0.01749237885978169,-0.017268513272013907,0.027083403492656994,-0.031105253745590224,0.870701898597969,0.00032413567672583886,-0.0013124145357981272,0.00042412262224174216,4,-0.002413693388576578,-0.008189084015011802,0.8751290074942226,0.634500823518945,18,-0.004337178789969857,-0.010101608053537993,0.779468314077277,0.5568754624725216,False,0.00294835585243672
STRESS_PREVALENCE_SEEN_NOT_BLIND,IC_WEIGHTED_LINEAR_RANK,0050,0050_MA20_SLOPE5,RISING_OR_FLAT,1410,1407,141,102,0.03411513859275053,0.20563050027454996,0.16590505079354137,0.0003246600407448992,-0.005466585642042659,-0.007612362648561562,1.0277668699497393,0.6342898835832746,-0.0010196500056726418,-0.0009227577284847137,-0.0005124183259366913,-6.346907026545471e-05,0.009827266897899636,-0.011057000203574608,0.017767629511602615,-0.017864006628895673,0.9946049551315568,0.0014018016998161098,0.0017238552476696778,0.0013991952069247785,6,-0.00021998257315512828,-0.006008129707574704,0.9812660048720885,0.5997750531953033,27,-0.001692260775190428,-0.00747192310327957,0.8580451077401909,0.5097267473947292,False,0.0009728684390725856
STRESS_PREVALENCE_SEEN_NOT_BLIND,IC_WEIGHTED_LINEAR_RANK,0050,0050_MA20_SLOPE5,FALLING,730,730,73,92,0.09863013698630137,0.21168174940763368,0.46593594989792997,0.0015284220887085444,-0.004269258633146158,-0.00273437420467983,1.07870977737164,0.8076124230554792,0.0009434223124980628,0.002087734928369514,0.0026181089071620946,0.003330672193363643,0.019297101323146475,-0.01751888625301425,0.03048895676567669,-0.03157647851712944,0.96555911860587,-0.000115058896792779,0.0015246786979364949,-3.7433907720495468e-06,4,0.0007853096270956482,-0.005007976240501797,1.040219814257045,0.7755598346827159,18,-0.0013225829947129204,-0.00710386899568313,0.9335698173622123,0.6877685564161983,False,0.005081200208636126
STRESS_PREVALENCE_SEEN_NOT_BLIND,IC_WEIGHTED_LINEAR_RANK,0050,0050_VOLATILITY20,HIGH,1300,1297,130,118,0.07016191210485737,0.22071240751931273,0.3178883910217783,0.006147742183709447,0.0003231977930036548,-0.0024315295650864438,1.5167948456000255,1.0219811656026827,0.0001974867801520527,0.0017801150559703745,0.003609228350176686,0.007518546895700267,0.016108172785894107,-0.013157133484858162,0.026038034143873595,-0.01909852464787209,1.3633531711976865,0.0008300993447069718,0.0070325010294043635,0.0008847588456949163,6,0.005566321190749386,-0.0002548249781143222,1.4657544960266458,0.9827491462436818,30,0.0037276632257849255,-0.002082997128547152,1.306108814364532,0.8616090655623906,True,0.004362086803837244
STRESS_PREVALENCE_SEEN_NOT_BLIND,IC_WEIGHTED_LINEAR_RANK,0050,0050_VOLATILITY20,LOW,840,840,84,76,0.034523809523809526,0.1883544180851322,0.18329174263491657,-0.00762032953593553,-0.013365752783424351,-0.011177494646467535,0.5788106495123676,0.3817847801066357,-0.0011929638377559924,-0.0024798605403116934,-0.004155859824456853,-0.008820792386227716,0.008358986176115546,-0.013429981096748617,0.01605317009186287,-0.02787464306675071,0.5759058529797403,0.0009663132701161854,-0.00664604053830069,0.0009742889976348396,3,-0.008116868274396314,-0.013859463639067888,0.5529683224132019,0.36123830580862776,15,-0.009730383257013378,-0.015463660488050176,0.4717880305804324,0.297521175797038,False,-0.0008812367969189897
