time_slice_type,time_slice,model,spread,daily_observations,mean_daily_spread,median_daily_spread,positive_day_rate,remove_best_signal_date_mean_spread,remove_best_calendar_month_mean_spread
PERIOD,HISTORICAL_DISCOVERY,IC_WEIGHTED_LINEAR_RANK,top10_minus_universe_net_spread,735,0.0033332335827246143,0.002727250330174444,0.5578231292517006,0.003253101639980969,0.002731025554462349
PERIOD,HISTORICAL_DISCOVERY,IC_WEIGHTED_LINEAR_RANK,top10_minus_bottom10_net_spread,735,0.003788030640509307,0.0035027369193267443,0.5197278911564626,0.003599240396953485,0.002359314868454994
PERIOD,HISTORICAL_DISCOVERY,IC_WEIGHTED_LINEAR_RANK,top_decile_minus_bottom_decile_net_spread,735,0.005743306415683403,0.0045947624858684605,0.5714285714285714,0.005599930052212868,0.004835039866629313
PERIOD,RETROSPECTIVE_CONFIRMATION_NOT_BLIND_OOS,IC_WEIGHTED_LINEAR_RANK,top10_minus_universe_net_spread,481,-0.0005990055513012055,-0.0007641604992157033,0.48232848232848236,-0.0007048552127937243,-0.0012612499558491577
PERIOD,RETROSPECTIVE_CONFIRMATION_NOT_BLIND_OOS,IC_WEIGHTED_LINEAR_RANK,top10_minus_bottom10_net_spread,481,-0.00021030635785327303,0.0009148892836035455,0.5093555093555093,-0.00047299552549812525,-0.001846693217552773
PERIOD,RETROSPECTIVE_CONFIRMATION_NOT_BLIND_OOS,IC_WEIGHTED_LINEAR_RANK,top_decile_minus_bottom_decile_net_spread,481,0.0020392990126598303,0.0007665268194964169,0.5176715176715176,0.0018492810522284118,0.0009464036550535011
PERIOD,STRESS_PREVALENCE_SEEN_NOT_BLIND,IC_WEIGHTED_LINEAR_RANK,top10_minus_universe_net_spread,243,0.0012853388709229822,0.0021423881874355873,0.5432098765432098,0.0008617997643810633,0.0003004176502557405
PERIOD,STRESS_PREVALENCE_SEEN_NOT_BLIND,IC_WEIGHTED_LINEAR_RANK,top10_minus_bottom10_net_spread,243,0.0022117220598307165,-0.0030504267432011224,0.4897119341563786,0.0016747843984144524,-0.0006476985083623186
PERIOD,STRESS_PREVALENCE_SEEN_NOT_BLIND,IC_WEIGHTED_LINEAR_RANK,top_decile_minus_bottom_decile_net_spread,243,0.003860414410530316,0.006673200463006788,0.5720164609053497,0.0035125769491569803,0.0024352746488801244
YEAR,2020,IC_WEIGHTED_LINEAR_RANK,top10_minus_universe_net_spread,245,0.0006992454677731965,0.0007021597528056051,0.5224489795918368,0.0004473977870814454,-0.0002160119233881305
YEAR,2020,IC_WEIGHTED_LINEAR_RANK,top10_minus_bottom10_net_spread,245,-0.0020645825949699853,-0.005831609296544207,0.46530612244897956,-0.0026564869064677394,-0.004558734814234395
YEAR,2020,IC_WEIGHTED_LINEAR_RANK,top_decile_minus_bottom_decile_net_spread,245,0.001955183077477705,-0.001377350523878433,0.4816326530612245,0.0015100912070129752,-9.07667362405604e-05
YEAR,2021,IC_WEIGHTED_LINEAR_RANK,top10_minus_universe_net_spread,244,0.0021574578065052907,-0.000827220663673584,0.48770491803278687,0.0019431975727256952,0.00013025130770213993
YEAR,2021,IC_WEIGHTED_LINEAR_RANK,top10_minus_bottom10_net_spread,244,0.0038680570142622405,0.004237509476436264,0.5245901639344263,0.0033875746838185282,0.0012636256345427512
YEAR,2021,IC_WEIGHTED_LINEAR_RANK,top_decile_minus_bottom_decile_net_spread,244,0.0065596869300415155,0.005665974109308296,0.5901639344262295,0.006129967299288372,0.005250225969421207
YEAR,2022,IC_WEIGHTED_LINEAR_RANK,top10_minus_universe_net_spread,246,0.0071227310524832,0.008069681503485337,0.6626016260162602,0.006940572219702885,0.006126524228075758
YEAR,2022,IC_WEIGHTED_LINEAR_RANK,top10_minus_bottom10_net_spread,246,0.009537477012447155,0.009151128887197553,0.5691056910569106,0.009168977110535768,0.005554501453107457
YEAR,2022,IC_WEIGHTED_LINEAR_RANK,top_decile_minus_bottom_decile_net_spread,246,0.008706287604126558,0.007519235162166224,0.6422764227642277,0.008435481643770197,0.006106249821404164
YEAR,2023,IC_WEIGHTED_LINEAR_RANK,top10_minus_universe_net_spread,239,-0.000599195922380651,-0.0014280773917720833,0.48535564853556484,-0.0008126750311516115,-0.0018959095581827443
YEAR,2023,IC_WEIGHTED_LINEAR_RANK,top10_minus_bottom10_net_spread,239,-0.004289995345204172,-0.004596586590809831,0.4560669456066946,-0.004698810162507484,-0.006537115466534477
YEAR,2023,IC_WEIGHTED_LINEAR_RANK,top_decile_minus_bottom_decile_net_spread,239,0.0020428643692469613,0.0017643880161993149,0.5188284518828452,0.0017993049394715282,0.0003746933360907417
YEAR,2024,IC_WEIGHTED_LINEAR_RANK,top10_minus_universe_net_spread,242,-0.0005988175401938187,-0.000514616203333051,0.4793388429752066,-0.0007645789579220309,-0.0019772269422698506
YEAR,2024,IC_WEIGHTED_LINEAR_RANK,top10_minus_bottom10_net_spread,242,0.0038188079726296405,0.006149324979414736,0.5619834710743802,0.0033123279471564196,0.0007837086225764358
YEAR,2024,IC_WEIGHTED_LINEAR_RANK,top_decile_minus_bottom_decile_net_spread,242,0.002035777854708077,0.0005499277915136398,0.5165289256198347,0.0016573042357660337,-0.00023936155169870365
YEAR,2025,IC_WEIGHTED_LINEAR_RANK,top10_minus_universe_net_spread,243,0.0012853388709229822,0.0021423881874355873,0.5432098765432098,0.0008617997643810633,0.0003004176502557405
YEAR,2025,IC_WEIGHTED_LINEAR_RANK,top10_minus_bottom10_net_spread,243,0.0022117220598307165,-0.0030504267432011224,0.4897119341563786,0.0016747843984144524,-0.0006476985083623186
YEAR,2025,IC_WEIGHTED_LINEAR_RANK,top_decile_minus_bottom_decile_net_spread,243,0.003860414410530316,0.006673200463006788,0.5720164609053497,0.0035125769491569803,0.0024352746488801244
OVERALL,2020_2025,IC_WEIGHTED_LINEAR_RANK,top10_minus_universe_net_spread,1459,0.0016957795467861523,0.0013331057014078652,0.5305003427004797,0.0016257616982900745,0.0013738005190402952
OVERALL,2020_2025,IC_WEIGHTED_LINEAR_RANK,top10_minus_bottom10_net_spread,1459,0.002207329419592721,0.002342692838840031,0.5113091158327622,0.00211120271178004,0.0014742398076686505
OVERALL,2020_2025,IC_WEIGHTED_LINEAR_RANK,top_decile_minus_bottom_decile_net_spread,1459,0.004208576931031902,0.0035806164131008816,0.5538039753255655,0.004135344434274685,0.003734423766009008
PERIOD,HISTORICAL_DISCOVERY,LINEAR_RIDGE_NET_RETURN,top10_minus_universe_net_spread,735,0.005148862696912743,0.004546147131028501,0.601360544217687,0.0050719816561327746,0.004616335930847047
PERIOD,HISTORICAL_DISCOVERY,LINEAR_RIDGE_NET_RETURN,top10_minus_bottom10_net_spread,735,0.016761075758457613,0.020218612010434497,0.7034013605442176,0.01663661657911078,0.01607891796796072
PERIOD,HISTORICAL_DISCOVERY,LINEAR_RIDGE_NET_RETURN,top_decile_minus_bottom_decile_net_spread,735,0.011560111271397883,0.01260336535162394,0.6829931972789116,0.011465576834438678,0.010843082827378598
PERIOD,RETROSPECTIVE_CONFIRMATION_NOT_BLIND_OOS,LINEAR_RIDGE_NET_RETURN,top10_minus_universe_net_spread,481,0.009106207046870311,0.007169496160736023,0.656964656964657,0.008934413626545205,0.007578736182166652
PERIOD,RETROSPECTIVE_CONFIRMATION_NOT_BLIND_OOS,LINEAR_RIDGE_NET_RETURN,top10_minus_bottom10_net_spread,481,0.015890162776698875,0.014007584457079093,0.681912681912682,0.01563452882690762,0.013863843853963574
PERIOD,RETROSPECTIVE_CONFIRMATION_NOT_BLIND_OOS,LINEAR_RIDGE_NET_RETURN,top_decile_minus_bottom_decile_net_spread,481,0.01047419711759759,0.009868890737428967,0.6756756756756757,0.010321201457946993,0.008819623278380423
PERIOD,STRESS_PREVALENCE_SEEN_NOT_BLIND,LINEAR_RIDGE_NET_RETURN,top10_minus_universe_net_spread,243,-9.23539185999743e-05,0.0030021724740568433,0.5555555555555556,-0.00030526936906898256,-0.0009436178961898092
PERIOD,STRESS_PREVALENCE_SEEN_NOT_BLIND,LINEAR_RIDGE_NET_RETURN,top10_minus_bottom10_net_spread,243,0.001741954118600388,0.0011713141130011186,0.5185185185185185,0.001321300290955331,-9.119716380900873e-05
PERIOD,STRESS_PREVALENCE_SEEN_NOT_BLIND,LINEAR_RIDGE_NET_RETURN,top_decile_minus_bottom_decile_net_spread,243,0.004268843296453664,0.004034386474231528,0.5720164609053497,0.003881936209732291,0.002982276554722754
YEAR,2020,LINEAR_RIDGE_NET_RETURN,top10_minus_universe_net_spread,245,0.0026491315257590226,0.0031585262785040064,0.563265306122449,0.0024464454044082124,0.0017242651781502521
YEAR,2020,LINEAR_RIDGE_NET_RETURN,top10_minus_bottom10_net_spread,245,0.012897155466598177,0.014409437603908948,0.6653061224489796,0.012540564581488174,0.011096718602298501
YEAR,2020,LINEAR_RIDGE_NET_RETURN,top_decile_minus_bottom_decile_net_spread,245,0.01052928988931575,0.008923580147271667,0.636734693877551,0.010295243731462704,0.008943014877890853
YEAR,2021,LINEAR_RIDGE_NET_RETURN,top10_minus_universe_net_spread,244,0.006054701003694583,0.005257719113786286,0.6270491803278688,0.005843456734450881,0.00454684947998313
YEAR,2021,LINEAR_RIDGE_NET_RETURN,top10_minus_bottom10_net_spread,244,0.01997766671604939,0.023866897379787293,0.7049180327868853,0.01961496528937045,0.018078512272487045
YEAR,2021,LINEAR_RIDGE_NET_RETURN,top_decile_minus_bottom_decile_net_spread,244,0.012357669206999744,0.012694117698595046,0.6885245901639344,0.012075402874520505,0.010143274695260312
YEAR,2022,LINEAR_RIDGE_NET_RETURN,top10_minus_universe_net_spread,246,0.006739958591538323,0.0055043985694397946,0.6138211382113821,0.006516123538322519,0.005190914884670588
YEAR,2022,LINEAR_RIDGE_NET_RETURN,top10_minus_bottom10_net_spread,246,0.0174188492456656,0.02178530815548959,0.7398373983739838,0.01706251417223961,0.0158582231192678
YEAR,2022,LINEAR_RIDGE_NET_RETURN,top_decile_minus_bottom_decile_net_spread,246,0.011795668597915235,0.014903086628542006,0.7235772357723578,0.011553934439894067,0.010393531775008328
YEAR,2023,LINEAR_RIDGE_NET_RETURN,top10_minus_universe_net_spread,239,0.005424214049463308,0.004388688915571322,0.602510460251046,0.005188426152635669,0.003811772336500984
YEAR,2023,LINEAR_RIDGE_NET_RETURN,top10_minus_bottom10_net_spread,239,0.010573241212414037,0.010261797881206439,0.6485355648535565,0.010228819375701925,0.009048791863353138
YEAR,2023,LINEAR_RIDGE_NET_RETURN,top_decile_minus_bottom_decile_net_spread,239,0.009163722126600318,0.010160658539128628,0.6443514644351465,0.008907905508179072,0.007974140154363941
YEAR,2024,LINEAR_RIDGE_NET_RETURN,top10_minus_universe_net_spread,242,0.012742555502987148,0.01023115982030164,0.7107438016528925,0.012415482916680366,0.009898244243950886
YEAR,2024,LINEAR_RIDGE_NET_RETURN,top10_minus_bottom10_net_spread,242,0.021141172090186792,0.022445312554676886,0.7148760330578512,0.020653814054558933,0.017406429580676813
YEAR,2024,LINEAR_RIDGE_NET_RETURN,top_decile_minus_bottom_decile_net_spread,242,0.01176842655085523,0.009190112335374215,0.7066115702479339,0.01146907515168913,0.008449174518359909
YEAR,2025,LINEAR_RIDGE_NET_RETURN,top10_minus_universe_net_spread,243,-9.23539185999743e-05,0.0030021724740568433,0.5555555555555556,-0.00030526936906898256,-0.0009436178961898092
YEAR,2025,LINEAR_RIDGE_NET_RETURN,top10_minus_bottom10_net_spread,243,0.001741954118600388,0.0011713141130011186,0.5185185185185185,0.001321300290955331,-9.119716380900873e-05
YEAR,2025,LINEAR_RIDGE_NET_RETURN,top_decile_minus_bottom_decile_net_spread,243,0.004268843296453664,0.004034386474231528,0.5720164609053497,0.003881936209732291,0.002982276554722754
OVERALL,2020_2025,LINEAR_RIDGE_NET_RETURN,top10_minus_universe_net_spread,1459,0.005580574139517268,0.005120877403291765,0.6120630568882797,0.005521598505317402,0.0050422303405072266
OVERALL,2020_2025,LINEAR_RIDGE_NET_RETURN,top10_minus_bottom10_net_spread,1459,0.013972483775790539,0.01469915748961023,0.6655243317340644,0.013887009170234495,0.013296676546187245
OVERALL,2020_2025,LINEAR_RIDGE_NET_RETURN,top_decile_minus_bottom_decile_net_spread,1459,0.009987730993200907,0.010544098997151613,0.6620973269362577,0.009927434266664677,0.009450908295239096
