time_slice,cohort,entry_gap_bucket,lower_inclusive,upper_exclusive,observations,evaluable_observations,unique_dates,unique_months,unique_stocks,candidates_per_day,candidates_per_month,winner_rate,plus10_before_minus5_rate,plus15_before_minus5_rate,mfe5_mean,mfe10_mean,mfe10_median,mae5_mean,mae10_mean,mfe_abs_mae,day1_return,day3_return,day5_return,day10_return,gross_mean,net_mean,median_net_return,gross_profit_factor,net_profit_factor,universe_winner_rate,universe_plus10_rate,universe_plus15_rate,universe_mfe10_mean,universe_mae10_mean,signal_volatility20_mean,universe_volatility20_mean,signal_atr20_mean,universe_atr20_mean,winner_rate_lift,mfe10_lift_difference,mfe10_lift_multiple,mae10_improvement_vs_universe,top1_positive_net_removed_count,top1_removed_net_mean,top1_removed_net_pf,top1_extreme_mfe_removed_count,top1_extreme_mfe_removed_mean,top1_extreme_mfe_removed_lift,top5_positive_net_removed_count,top5_removed_net_mean,top5_removed_net_pf,top5_extreme_mfe_removed_count,top5_extreme_mfe_removed_mean,top5_extreme_mfe_removed_lift
HISTORICAL_DISCOVERY,STAGE_A_TOP30,LT_MINUS_1PCT,,-0.01,4417,4388,677,36,582,6.5243722304283605,122.69444444444444,0.3637192342752963,0.31494986326344576,0.2117137648131267,0.057368405438256075,0.10354490062948099,0.0652173913043479,-0.05053964480837364,-0.08015128067694559,1.2918683239363917,0.0034321122693742236,0.0001944443594352696,0.005478273596387314,0.02014216649085271,0.0019324565686655761,-0.0038650774656450266,-0.05807627574066749,1.0466808229561608,0.9132009445539675,0.26277957336780866,0.20338720103425986,0.10914027149321268,0.06254966849797727,-0.05854605064871632,0.04967773258701469,0.031994848273841435,0.07259317464928974,0.04636207055685367,1.3841229347237118,0.04099523213150372,1.655402868087613,-0.02160523002822927,19,-0.0046516991936490955,0.8959879046991708,44,0.09704117183018687,0.0344915033322096,92,-0.007542223029709152,0.8341735433160486,220,0.08137399719559284,0.018824328697615564
HISTORICAL_DISCOVERY,TWO_STAGE_TOP5,LT_MINUS_1PCT,,-0.01,694,689,367,36,314,1.891008174386921,19.27777777777778,0.37590711175616837,0.3062409288824383,0.19593613933236576,0.05518630136947422,0.09843688972159263,0.06764374295377684,-0.05288420722197562,-0.0859499567958312,1.1452814334208843,0.0035573052590491864,0.0003122969840299328,0.000287755399196774,0.008365581455189338,0.002935191123057278,-0.0028680380645144574,-0.05691666171662361,1.0707778902746843,0.9355159291633779,0.26277957336780866,0.20338720103425986,0.10914027149321268,0.06254966849797727,-0.05854605064871632,0.046825588682967566,0.031994848273841435,0.06891397724072018,0.04636207055685367,1.430503546902471,0.03588722122361536,1.5737395910383742,-0.02740390614711488,4,-0.0038944719585570333,0.9129462535614902,7,0.0925708244536526,0.030021155955675324,16,-0.006816006826164687,0.850309791114288,35,0.07697899535919478,0.014429326861217506
HISTORICAL_DISCOVERY,STAGE_A_TOP30,MINUS_1_TO_0PCT,-0.01,0.0,2878,2867,666,36,560,4.321321321321322,79.94444444444444,0.3310080223229857,0.27589815137774676,0.17160795256365538,0.04775631872346009,0.08869837149013797,0.05345911949685522,-0.04942041390110054,-0.07670031162978579,1.15642778504296,-0.004965045366287612,-0.002454694062812676,0.0016257599106506155,0.009102211154205996,-0.0029477970433821033,-0.00871743026244709,-0.058647976633981615,0.9303808882492715,0.8088433057320975,0.17035885945574789,0.12404683603772904,0.059014853095298324,0.04350963420450198,-0.047708876363353726,0.04672607209000668,0.025334106658864267,0.06954856228547493,0.037047261498084405,1.9430044517817857,0.04518873728563599,2.038591523735685,-0.02899143526643206,12,-0.009491419052674178,0.7927423366374367,29,0.08280779366386393,0.039298159459361943,56,-0.012187253069582973,0.7379766397837965,144,0.06777029389575995,0.024260659691257964
HISTORICAL_DISCOVERY,TWO_STAGE_TOP5,MINUS_1_TO_0PCT,-0.01,0.0,486,480,345,36,271,1.4086956521739131,13.5,0.37083333333333335,0.2875,0.18958333333333333,0.051215479595350395,0.09736994399926983,0.062492269635126774,-0.04077646352793561,-0.06452104200446192,1.5091192109472793,-0.0023587068359270684,0.00307651055848068,0.010881986133189707,0.023628176351592554,0.007605216945214208,0.0017747150426030219,-0.0316016404827512,1.2068449062537132,1.0446643488968528,0.17035885945574789,0.12404683603772904,0.059014853095298324,0.04350963420450198,-0.047708876363353726,0.042753473068500386,0.025334106658864267,0.06516182058921076,0.037047261498084405,2.176777506717579,0.05386030979476785,2.2378938775172434,-0.01681216564110819,3,0.0006833201659165677,1.017089673134173,5,0.09216381166934967,0.04865417746484769,11,-0.0021410942574558575,0.9473498310734126,24,0.07725073943702679,0.033741105232524805
HISTORICAL_DISCOVERY,STAGE_A_TOP30,0_TO_1PCT,0.0,0.01,6046,6017,721,36,621,8.385575589459085,167.94444444444446,0.33255775303307294,0.2775469503074622,0.18580688050523517,0.05005056863721356,0.09106170890486187,0.05276381909547734,-0.04846160319534312,-0.07641286852583393,1.1917064581088905,-0.0040361293431548295,0.00013817950886133872,0.0034129983943456854,0.010986854355823226,-0.004531299870282185,-0.010292078292076946,-0.05855721213210273,0.8944580211721894,0.7773407974942107,0.1760962494438964,0.12737835032270128,0.06183227270675771,0.04451338306912104,-0.04603948020760388,0.046717369744025225,0.02511695370661285,0.06957561509066638,0.036985848528592546,1.8884999202610762,0.04654832583574083,2.0457153023723205,-0.030373388318230048,24,-0.01103734960961748,0.7621700014047786,61,0.08465387159035787,0.040140488521236826,116,-0.013763555909298201,0.7079791757202883,301,0.06939676986874523,0.024883386799624187
HISTORICAL_DISCOVERY,TWO_STAGE_TOP5,0_TO_1PCT,0.0,0.01,1060,1054,564,36,378,1.8794326241134751,29.444444444444443,0.34345351043643263,0.2703984819734345,0.18216318785578747,0.04996043314885381,0.08857184430920363,0.056199566160520686,-0.045445199660030106,-0.07272366947004273,1.2179232009970191,-0.001498158877882826,0.0020117719686682197,0.004282830830078786,0.00910420174369151,-5.56170842427751e-05,-0.005842428271851961,-0.05665334148193679,0.9986075171647688,0.8646381210004451,0.1760962494438964,0.12737835032270128,0.06183227270675771,0.04451338306912104,-0.04603948020760388,0.043427871848602626,0.02511695370661285,0.06577672635249744,0.036985848528592546,1.9503737957000362,0.04405846124008259,1.989780111111033,-0.026684189262438852,5,-0.006706133093037086,0.845364205228142,11,0.08289163214474987,0.03837824907562883,22,-0.009498696681462962,0.7845204344582387,53,0.06915195177642232,0.02463856870730128
HISTORICAL_DISCOVERY,STAGE_A_TOP30,1_TO_2PCT,0.01,0.02,3660,3648,695,36,557,5.266187050359712,101.66666666666667,0.3393640350877193,0.28426535087719296,0.19106359649122806,0.04951777318919222,0.09122107020432321,0.056367167708157306,-0.05082157012659829,-0.07893651668436098,1.1556257361733326,-0.005597783703591853,-0.0018764847877233953,0.002170479343459565,0.0091579678355012,-0.0037544725252560644,-0.009519282317045989,-0.05869337988271146,0.9128312954892618,0.7946389612696168,0.23319637181176836,0.17350182184665477,0.09066594309636405,0.05513914033320165,-0.055516426621152616,0.04794431861483258,0.03083042913680947,0.0711474740262178,0.04548230918191762,1.4552715055174505,0.03608192987112156,1.654379623133063,-0.023420090063208367,15,-0.010299834420136749,0.7787136341142259,37,0.08482667979182427,0.029687539458622625,71,-0.013152321705650826,0.7217851040147423,183,0.06980891142908109,0.014669771095879441
HISTORICAL_DISCOVERY,TWO_STAGE_TOP5,1_TO_2PCT,0.01,0.02,626,621,409,36,304,1.5305623471882641,17.38888888888889,0.357487922705314,0.2962962962962963,0.18035426731078905,0.04885807557342489,0.09171955750261826,0.05995717344753748,-0.047671798684200274,-0.07573331177197544,1.2110860512580728,-0.0036530811876616808,-0.00213542399697659,0.004091182107306907,0.013539731613682604,0.0001638588862673272,-0.005623858151382841,-0.05667868179007583,1.0040246243656599,0.8717982966414856,0.23319637181176836,0.17350182184665477,0.09066594309636405,0.05513914033320165,-0.055516426621152616,0.04409839567347482,0.03083042913680947,0.06659200629245124,0.04548230918191762,1.5329909291807995,0.03658041716941661,1.6634201575933887,-0.020216885150822823,3,-0.006514035142683121,0.8522231484338875,7,0.08447478915303175,0.0293356488198301,13,-0.009368381768039006,0.7909086836658399,32,0.07023890606802406,0.015099765734822412
HISTORICAL_DISCOVERY,STAGE_A_TOP30,2_TO_3PCT,0.02,0.03,2180,2175,611,36,505,3.5679214402618658,60.55555555555556,0.3535632183908046,0.3057471264367816,0.22436781609195403,0.05620161614418823,0.10319628511268163,0.0653266331658291,-0.05332831529986789,-0.08181190431946198,1.2613847088770502,-0.005246149540508044,-0.00020335105412762575,0.006239013181832486,0.017303904293525102,-0.0001457908917792776,-0.005931773892378761,-0.05955928406089307,0.9966797046265542,0.8742002917382328,0.27995777970942504,0.22258785545759344,0.13162796473363964,0.06808769740478395,-0.062134442795984075,0.049979857585239956,0.03582961325441262,0.07338128102125739,0.05232110157437574,1.2629162110007317,0.03510858770789768,1.51563775903855,-0.0196774615234779,9,-0.0066948930861972155,0.8586037528996118,22,0.09644771165369329,0.02836001424890934,43,-0.009588725531202047,0.8006648568738128,109,0.08020709140829352,0.012119394003509573
HISTORICAL_DISCOVERY,TWO_STAGE_TOP5,2_TO_3PCT,0.02,0.03,346,346,253,36,215,1.3675889328063242,9.61111111111111,0.3930635838150289,0.3236994219653179,0.23699421965317918,0.0586502536987442,0.10806691853767006,0.07362240289069566,-0.0498427448979734,-0.07471244253335758,1.4464380345940422,-0.004428826565104434,0.0016582661472511904,0.012931145215291059,0.026306273604237877,0.007274707125634465,0.0014448961714150625,-0.05626734346794658,1.1826519749319402,1.0337245364321281,0.27995777970942504,0.22258785545759344,0.13162796473363964,0.06808769740478395,-0.062134442795984075,0.047070085667209445,0.03582961325441262,0.06951269362872536,0.05232110157437574,1.4040102197659916,0.039979221132886114,1.5871724651695611,-0.012577999737373509,2,0.00042621313965846946,1.0098905063598487,4,0.10217983119775524,0.034092133792971296,8,-0.0026547523861671194,0.9394695406460891,18,0.08675859290963811,0.018670895504854165
HISTORICAL_DISCOVERY,STAGE_A_TOP30,GE_3PCT,0.03,,2856,2842,625,36,494,4.5696,79.33333333333333,0.40534834623504573,0.3634764250527797,0.276917663617171,0.07267805255117381,0.12390475676024633,0.07873820168902135,-0.0581784665572842,-0.09017810153660608,1.3740005017731445,-0.00823743254351145,0.010101755045011315,0.015396603277429378,0.024812658193867094,0.004335208389702077,-0.0014768310574920101,-0.05870297375516656,1.096724351185304,0.9691237925867118,0.3532449647099329,0.30289206403856084,0.20098123601308315,0.09106004980175286,-0.07010679453613297,0.05204362573567748,0.04087016518117845,0.0754208324497394,0.05858843005092248,1.147499290097164,0.032844706958493466,1.3606928288530458,-0.020071307000473104,13,-0.0023005806645454577,0.9521216172752464,29,0.11711363141385951,0.02605358161210665,62,-0.005291181942819154,0.8917902109139872,143,0.09967189254403065,0.00861184274227779
HISTORICAL_DISCOVERY,TWO_STAGE_TOP5,GE_3PCT,0.03,,461,458,289,36,225,1.5951557093425606,12.805555555555555,0.42358078602620086,0.3646288209606987,0.27510917030567683,0.07031217141467451,0.1297436419440956,0.0868712570205108,-0.0664845150773846,-0.10375646866815838,1.2504631625335219,-0.010082254139641414,0.0027619466203964204,0.003885516793802183,0.02136106405012245,0.006862904620752289,0.0010363694291994467,-0.05726213310630167,1.1544886261155798,1.02189332756483,0.3532449647099329,0.30289206403856084,0.20098123601308315,0.09106004980175286,-0.07010679453613297,0.04856823194648462,0.04087016518117845,0.07256357204119065,0.05858843005092248,1.1991134434825539,0.03868359214234274,1.424814089455924,-0.03364967413202541,3,-0.00012466238748414066,0.997383754225059,5,0.12113653193990773,0.030076482138154864,11,-0.003138758440480338,0.9352861675748075,23,0.10367019615390594,0.012610146352153073
RETROSPECTIVE_CONFIRMATION_NOT_BLIND_OOS,STAGE_A_TOP30,LT_MINUS_1PCT,,-0.01,2335,2329,431,24,483,5.417633410672853,97.29166666666667,0.39072563331902105,0.3374838986689566,0.21425504508372692,0.05902821284654146,0.10211039925276348,0.0707692307692307,-0.043387860418922945,-0.06985483862645855,1.461751272503658,0.004453731629067151,0.004396840673181003,0.01069790791146898,0.02275567070689555,0.0076999746598899734,0.0018689907255510342,-0.05571453249012647,1.1998254997514732,1.045018944175001,0.2341699515992216,0.18157776558055985,0.09565390948555462,0.05905437263574001,-0.05369258956072269,0.047470848505375335,0.031324067574018385,0.0700801235180165,0.045425709808305265,1.6685558102165994,0.04305602661702347,1.7290912543022385,-0.016162249065735865,11,0.0010250641426438386,1.0245744125034,24,0.09611588503940861,0.0370615124036686,52,-0.001960271668936955,0.9538365812242247,117,0.08244043526663258,0.023386062630892573
RETROSPECTIVE_CONFIRMATION_NOT_BLIND_OOS,TWO_STAGE_TOP5,LT_MINUS_1PCT,,-0.01,412,411,244,24,227,1.6885245901639345,17.166666666666668,0.40145985401459855,0.34549878345498786,0.22384428223844283,0.061128798935639404,0.10833702816637583,0.07473309608540935,-0.04175581926102108,-0.07044198180167266,1.5379611049472681,0.006898472582674012,0.008385691916617468,0.011095179748823781,0.02126414062202941,0.00819628173618778,0.0023621261270843573,-0.05571453249012647,1.2144229900143024,1.0573518909885151,0.2341699515992216,0.18157776558055985,0.09565390948555462,0.05905437263574001,-0.05369258956072269,0.044826320208564537,0.031324067574018385,0.06687333161305645,0.045425709808305265,1.7143952555522202,0.04928265553063582,1.834530168233634,-0.01674939224094997,2,0.0014915413278057076,1.0360380626609933,5,0.10226818994323617,0.043213817307496155,10,-0.0018427739515324494,0.9563464794738877,21,0.08909238271298152,0.03003801007724151
RETROSPECTIVE_CONFIRMATION_NOT_BLIND_OOS,STAGE_A_TOP30,MINUS_1_TO_0PCT,-0.01,0.0,2001,1993,443,24,470,4.516930022573363,83.375,0.35273457099849476,0.29553437029603613,0.18765679879578526,0.04982286557305175,0.0884021694441405,0.05860805860805862,-0.04203618604751584,-0.06604265467326009,1.3385617201716382,-1.645486899603764e-05,0.001767046391190569,0.006017229618075841,0.015637324664134047,0.004433992823003505,-0.0013779638426212578,-0.055485487217813455,1.1184038086152799,0.9659982762706982,0.1716060023425932,0.12577073526486773,0.0632942164467723,0.044919052195432844,-0.03983357498036002,0.04387515223880081,0.024010336249565174,0.06595424331126523,0.03511557282924151,2.055490869685884,0.04348311724870766,1.968032830691134,-0.026209079692900074,9,-0.0021848580040990714,0.9463313466048442,20,0.08319391418569608,0.03827486199026323,43,-0.005085760996434402,0.8772147010901395,100,0.0705416935521296,0.02562264135669675
RETROSPECTIVE_CONFIRMATION_NOT_BLIND_OOS,TWO_STAGE_TOP5,MINUS_1_TO_0PCT,-0.01,0.0,329,327,243,24,192,1.353909465020576,13.708333333333334,0.382262996941896,0.3058103975535168,0.19877675840978593,0.05391267074671441,0.0867528800367426,0.06666666666666665,-0.03719524476320506,-0.0639757252132641,1.356028083269873,0.0015317378071499047,0.0044514948131340335,0.012675699766405748,0.006209852159506472,0.007619742042966413,0.0017892373332915735,-0.047786576315576486,1.2135232545604118,1.0462551215189198,0.1716060023425932,0.12577073526486773,0.0632942164467723,0.044919052195432844,-0.03983357498036002,0.03979527763027713,0.024010336249565174,0.06082349072968302,0.03511557282924151,2.227561925128635,0.041833827841309755,1.9313159070966155,-0.02414215023290408,2,0.000719365675845863,1.0184832013692533,4,0.08197089398946053,0.037051841794027686,8,-0.002337374556505285,0.941052808601202,17,0.07095625567800015,0.026037203482567307
RETROSPECTIVE_CONFIRMATION_NOT_BLIND_OOS,STAGE_A_TOP30,0_TO_1PCT,0.0,0.01,4729,4716,478,24,564,9.893305439330543,197.04166666666666,0.33502968617472434,0.27268871925360477,0.1825699745547074,0.04761930214256293,0.08429528536621103,0.050491270136563515,-0.0434023895383006,-0.06832934008500834,1.233661634392188,-0.002800747286751114,0.0011370158151675848,0.004453342984745304,0.011871198447029241,-0.0008748642584911833,-0.0066565858807381495,-0.05721114351042895,0.9779795951885163,0.8451101020439183,0.17039497917434052,0.12396934236250814,0.06149236392485762,0.04314353236630722,-0.04030962194444678,0.043853410423096595,0.023770778499515935,0.06611363009569357,0.03486141430298499,1.9661945897592261,0.04115175299990381,1.9538336511370387,-0.028019718140561554,19,-0.007400595452179396,0.8284917631033049,48,0.07896103350630466,0.035817501139997446,94,-0.0101823399814594,0.7677930080212909,236,0.06547592877959979,0.02233239641329257
RETROSPECTIVE_CONFIRMATION_NOT_BLIND_OOS,TWO_STAGE_TOP5,0_TO_1PCT,0.0,0.01,824,821,408,24,323,2.019607843137255,34.333333333333336,0.3447015834348356,0.28989037758830694,0.19732034104750304,0.05098291342071971,0.08429961295944735,0.04855643044619429,-0.04258196449429931,-0.06812405751669273,1.2374426308766335,-0.0013842253965678582,0.004311697219564329,0.006277670698071384,0.007612756781951684,0.0011708781935873133,-0.004622872672626582,-0.05688843719808469,1.0295527359129137,0.8919871340922749,0.17039497917434052,0.12396934236250814,0.06149236392485762,0.04314353236630722,-0.04030962194444678,0.040110555486305155,0.023770778499515935,0.06150413639863097,0.03486141430298499,2.022956222683958,0.04115608059314013,1.9539339580196455,-0.02781443557224595,4,-0.005497998213574134,0.8721658019455227,9,0.07913473066076433,0.035991198294457113,17,-0.00820988299503379,0.8121490408577431,42,0.06669615638728678,0.02355262402097956
RETROSPECTIVE_CONFIRMATION_NOT_BLIND_OOS,STAGE_A_TOP30,1_TO_2PCT,0.01,0.02,2512,2505,458,24,471,5.4847161572052405,104.66666666666667,0.34810379241516964,0.27944111776447106,0.18483033932135728,0.0466361247028901,0.0861028423458287,0.05454545454545445,-0.04473377221178822,-0.07151666449891418,1.203954951606223,-0.004730206708049557,0.0009601436887180814,0.003835375656477999,0.01048789717520228,-0.00041793383785499973,-0.006202444841260422,-0.05748249106900352,0.9895168097514819,0.856056471163721,0.2245832419390217,0.1687870146962053,0.09404474665496819,0.05312553261577527,-0.05040556020685868,0.04499285496291182,0.029189362161790012,0.06755665847478631,0.04284066113314177,1.5499989643469745,0.03297730973005343,1.620743136234667,-0.021111104292055503,11,-0.007012995405824977,0.837960271078213,26,0.08081994832228072,0.02769441570650545,51,-0.009817928872801349,0.776788819514651,126,0.0677598281195373,0.014634295503762038
RETROSPECTIVE_CONFIRMATION_NOT_BLIND_OOS,TWO_STAGE_TOP5,1_TO_2PCT,0.01,0.02,438,437,267,24,232,1.6404494382022472,18.25,0.33867276887871856,0.2837528604118993,0.17162471395881007,0.04782580780802333,0.08865108337663703,0.05079825834542806,-0.04375126170840155,-0.07533547443790563,1.1767508473011163,-0.003115501208748199,0.004419399691899782,0.0029563598935183786,0.005935485538930592,-0.0019403915736630067,-0.007716649319477752,-0.057895924998750486,0.9515596653007559,0.8217061543100787,0.2245832419390217,0.1687870146962053,0.09404474665496819,0.05312553261577527,-0.05040556020685868,0.0415574059324723,0.029189362161790012,0.06345355113446675,0.04284066113314177,1.5080055214924457,0.035525550760861765,1.6687095453291079,-0.02492991423104695,2,-0.008550102619486733,0.803353267096883,5,0.0824888912370505,0.029363358621275232,9,-0.011157772490488027,0.7475081164817636,22,0.06842086977536045,0.015295337159585184
RETROSPECTIVE_CONFIRMATION_NOT_BLIND_OOS,STAGE_A_TOP30,2_TO_3PCT,0.02,0.03,1254,1252,396,24,405,3.1666666666666665,52.25,0.34185303514376997,0.29472843450479236,0.21405750798722045,0.04887530619933966,0.0859090737010542,0.05827421017524714,-0.05063158037705887,-0.07745143399522371,1.1091992655210499,-0.008450045304374255,-0.0022893977498647405,0.003560962686112726,0.00435250409714686,-0.0006830351960821547,-0.006465615928739309,-0.058764787873206464,0.984117005422766,0.860286992964906,0.2723640399556049,0.2216426193118757,0.1344062153163152,0.06465401415698552,-0.05902529454326756,0.045809502729297416,0.033908407970382505,0.06839425118452866,0.04941088083309033,1.255132781844078,0.021255059544068686,1.3287508103125596,-0.018426139451956147,5,-0.007199420751327412,0.8450517708743985,13,0.08112126339786968,0.016467249240884163,25,-0.01012552095400779,0.785570492744361,63,0.06811107356963828,0.0034570594126527576
RETROSPECTIVE_CONFIRMATION_NOT_BLIND_OOS,TWO_STAGE_TOP5,2_TO_3PCT,0.02,0.03,195,195,157,23,145,1.2420382165605095,8.478260869565217,0.4256410256410256,0.3641025641025641,0.2512820512820513,0.05419541376806582,0.10088522694409013,0.073943661971831,-0.05103001155909164,-0.07967584253203215,1.266195922603908,-0.008962759167601869,-0.002086386376202456,0.0067731218738891034,0.015155991426242183,0.007717397877224627,0.0018845900044839265,-0.055668713273151024,1.1801567834556024,1.0412594203973498,0.2723640399556049,0.2216426193118757,0.1344062153163152,0.06465401415698552,-0.05902529454326756,0.04314999073366183,0.033908407970382505,0.06538567077418793,0.04941088083309033,1.5627651348922742,0.036231212787104616,1.560386130072792,-0.02065054798876459,1,0.00099241229599587,1.0216155103855975,2,0.09607436593044864,0.031420351773463126,5,-0.0025548291370794804,0.945501181198826,10,0.08177001192887019,0.017115997771884675
RETROSPECTIVE_CONFIRMATION_NOT_BLIND_OOS,STAGE_A_TOP30,GE_3PCT,0.03,,1592,1583,414,24,410,3.845410628019324,66.33333333333333,0.34301958307012004,0.30701200252684774,0.21667719519898926,0.04818541343979161,0.08397832243297552,0.056761268781302165,-0.06361660773684137,-0.08953172588811256,0.9379727867406789,-0.014846043996166677,-0.006555492803283751,-0.006942713949910407,-0.0012069998264959876,-0.006770321052734822,-0.012518219890151052,-0.062017500077429684,0.8604151530253417,0.7585313959602833,0.3181155900922778,0.2642059252064109,0.17111866601910314,0.0745806444845079,-0.06814140624313662,0.04834685558044889,0.03759075900063016,0.0701070494158335,0.05344267101292456,1.078285987086072,0.009397677948467631,1.1260069286531809,-0.02139031964497594,6,-0.013229165134637023,0.7457849186536031,16,0.07930115195575702,0.004720507471249122,30,-0.01596898439832422,0.6978059334304516,80,0.06556711330369197,-0.009013531180815923
RETROSPECTIVE_CONFIRMATION_NOT_BLIND_OOS,TWO_STAGE_TOP5,GE_3PCT,0.03,,206,206,162,24,137,1.271604938271605,8.583333333333334,0.3786407766990291,0.35436893203883496,0.23300970873786409,0.05215074004441786,0.0935641946629544,0.06674055209708862,-0.06281092565923316,-0.09272411257636108,1.0090600175429179,-0.012090896451699218,-0.0009097261114811378,-0.007487736951945942,0.005462155563286503,-0.0009448905597185086,-0.006726811791246275,-0.05793505143273551,0.9791518038466518,0.861059816817187,0.3181155900922778,0.2642059252064109,0.17111866601910314,0.0745806444845079,-0.06814140624313662,0.04492482081087444,0.03759075900063016,0.06634969489316013,0.05344267101292456,1.1902616171348106,0.01898355017844651,1.2545372235605958,-0.024582706333224458,1,-0.007570460621502978,0.8443935711536398,3,0.08672513478850338,0.01214449030399549,5,-0.010913864644581703,0.7800489747409793,11,0.07340110291973663,-0.0011795415647712637
STRESS_PREVALENCE_SEEN_NOT_BLIND,STAGE_A_TOP30,LT_MINUS_1PCT,,-0.01,1187,1185,207,12,266,5.734299516908212,98.91666666666667,0.33502109704641353,0.2869198312236287,0.2,0.054077661318041884,0.09752395357839176,0.06089309878213811,-0.051150476564592914,-0.0787006202569844,1.2391764291049137,0.002539528445170031,0.0011867993700622754,0.0016202066979982533,0.017565865987618622,-0.003953597102179784,-0.009717496452872372,-0.058416016063055964,0.9087484540261173,0.7915847270684134,0.278549114890663,0.22500867754251996,0.1286011801457827,0.06954378416126902,-0.05757683599883895,0.04763524136737519,0.03218304824335915,0.06898274500724663,0.04445436377637562,1.2027361751909251,0.02798016941712274,1.4023388970643003,-0.021123784258145456,5,-0.010543869589983438,0.774815323836449,12,0.09187735345266303,0.022333569291394004,23,-0.013258416441728392,0.7211603144632629,60,0.07780649272618537,0.008262708564916343
STRESS_PREVALENCE_SEEN_NOT_BLIND,TWO_STAGE_TOP5,LT_MINUS_1PCT,,-0.01,220,220,110,12,115,2.0,18.333333333333332,0.39090909090909093,0.32727272727272727,0.21363636363636362,0.06197064313958764,0.10842163138331133,0.07922263818542175,-0.04831389393544362,-0.07595968535847691,1.427357563049881,0.0062494328082381935,0.005655278898188879,0.009376025747856852,0.021737721224877243,0.0006203266107256653,-0.005170066809182766,-0.058082592837842034,1.0145498916404423,0.8867815452136797,0.278549114890663,0.22500867754251996,0.1286011801457827,0.06954378416126902,-0.05757683599883895,0.045609489991166006,0.03218304824335915,0.06589364732969975,0.04445436377637562,1.4033758142169357,0.03887784722204231,1.5590412959393505,-0.018382849359637965,1,-0.005988133718937307,0.8694628904582015,3,0.10311265561869096,0.033568871457421934,5,-0.008949825776459794,0.808463552424655,11,0.09184390065177563,0.022300116490506602
STRESS_PREVALENCE_SEEN_NOT_BLIND,STAGE_A_TOP30,MINUS_1_TO_0PCT,-0.01,0.0,1044,1044,218,12,269,4.7889908256880735,87.0,0.31800766283524906,0.2710727969348659,0.16666666666666666,0.04333627405722572,0.08048220467959297,0.05021137569994083,-0.048488061140602404,-0.07478635767425451,1.0761615778929594,-0.006238714946601322,-0.002356594905263133,-0.0009961945080784605,0.006112954705605372,-0.003991343175234993,-0.009754101549110475,-0.05802980985005935,0.9030846824029425,0.7811095032517725,0.17512610340479193,0.12936107608238756,0.06294661622530474,0.044435280415125414,-0.049002503979849385,0.04563915743727257,0.026323780407874163,0.06730372251568056,0.0375744469012449,1.8158781395380919,0.03604692426446755,1.8112230625689372,-0.025783853694405126,4,-0.01047475181069649,0.7658381091479375,11,0.07602437760685436,0.03158909719172895,20,-0.013149933867617637,0.7105572599437152,53,0.06331562860616709,0.018880348191041674
STRESS_PREVALENCE_SEEN_NOT_BLIND,TWO_STAGE_TOP5,MINUS_1_TO_0PCT,-0.01,0.0,174,174,110,12,114,1.5818181818181818,14.5,0.367816091954023,0.29310344827586204,0.1206896551724138,0.04267871435049945,0.06697574473349191,0.050839137661763734,-0.0448960152546512,-0.07340511455850711,0.9124125088056267,-0.004579756469711425,-0.00015627912168847657,-0.0019850505579362366,-0.009101784222988461,0.008591060751132404,0.0027545878561352423,-0.039099511815858856,1.2420785943851824,1.0717146497467422,0.17512610340479193,0.12936107608238756,0.06294661622530474,0.044435280415125414,-0.049002503979849385,0.04222226005763475,0.026323780407874163,0.06227018834641391,0.0375744469012449,2.1002927878994795,0.022540464318366496,1.5072650404765737,-0.024402610578657724,1,0.001783401537061398,1.0461633422680068,2,0.06377501160590954,0.019339731190784124,4,-0.001009573375115678,0.9743203668717819,9,0.05479314942075859,0.010357869005633173
STRESS_PREVALENCE_SEEN_NOT_BLIND,STAGE_A_TOP30,0_TO_1PCT,0.0,0.01,2345,2341,235,12,314,9.97872340425532,195.41666666666666,0.3306279367791542,0.2742417770183682,0.17172148654421188,0.04501783347060111,0.0824629005468403,0.04968287526427062,-0.047193186844587044,-0.07325029722805212,1.125768818249383,-0.004272376691251513,-0.002099817747385966,0.0003872365091405627,0.009459301377987997,-0.002549866248170584,-0.008321454783356375,-0.05811111519115287,0.9371219332434139,0.8102797951821299,0.17107275507974656,0.12712391388380026,0.06327624745802592,0.043662860437944324,-0.04709359711308272,0.045315061053691416,0.025594770719402703,0.06744841786731108,0.03686151153840531,1.9326744146081594,0.038800040108895976,1.88862799458685,-0.026156700114969407,9,-0.009035075341631022,0.7948019459377748,24,0.07708268920508816,0.03341982876714384,45,-0.011781549438920099,0.7365566700858525,118,0.06382472186603567,0.02016186142809135
STRESS_PREVALENCE_SEEN_NOT_BLIND,TWO_STAGE_TOP5,0_TO_1PCT,0.0,0.01,415,415,193,12,178,2.150259067357513,34.583333333333336,0.38313253012048193,0.30843373493975906,0.20240963855421687,0.04738158150814794,0.08464800851851392,0.05586592178770955,-0.04097099761597006,-0.06400280747595266,1.3225671162990489,-0.002604876430453475,0.0035789646854568276,0.005638214480937726,0.014329016418189733,0.00886614706300125,0.0030278408294672154,-0.039157665919161165,1.2521117909284156,1.0793064506348065,0.17107275507974656,0.12712391388380026,0.06327624745802592,0.043662860437944324,-0.04709359711308272,0.04044364265226385,0.025594770719402703,0.06156367667685164,0.03686151153840531,2.2395882380095093,0.0409851480805696,1.9386729973593826,-0.016909210362869943,2,0.0021754413634380567,1.056705451044819,5,0.07975915737995846,0.03609629694201414,10,-0.0010574097578652116,0.9729712654717613,21,0.06955103171680216,0.025888171278857834
STRESS_PREVALENCE_SEEN_NOT_BLIND,STAGE_A_TOP30,1_TO_2PCT,0.01,0.02,1258,1257,225,12,273,5.591111111111111,104.83333333333333,0.34685759745425615,0.2720763723150358,0.17740652346857597,0.04506567974501029,0.08427821595974173,0.056640625,-0.048953435553451684,-0.07762317567723742,1.0857352230753408,-0.0035163501666124848,-0.003849690480464195,-0.0012026939220816364,0.004800586846674361,-0.002558003250956295,-0.00832995438253873,-0.058605582737551204,0.9375903112521056,0.8116981215274128,0.23835041938490215,0.1788210624417521,0.09820596458527493,0.05580539539435138,-0.05395179511363456,0.046566082014421695,0.03081562713583384,0.06857152856456118,0.04411505998783962,1.4552422368266544,0.028472820565390355,1.5102162678749227,-0.023671380563602865,5,-0.009079982685891294,0.7955598923351667,13,0.07925051266180735,0.023445117267455975,25,-0.0119586779646296,0.7350459084529839,63,0.06562648641739015,0.00982109102303877
STRESS_PREVALENCE_SEEN_NOT_BLIND,TWO_STAGE_TOP5,1_TO_2PCT,0.01,0.02,195,195,131,12,114,1.4885496183206106,16.25,0.3641025641025641,0.27692307692307694,0.1794871794871795,0.044802429887148214,0.07948754738555784,0.05934718100890213,-0.047441930011707385,-0.07939570543387225,1.0011567622100428,-0.0026663805912858387,-0.002560813630241656,-0.0021692251907866177,-0.007845686130721775,0.003292921951571514,-0.0025121392719684743,-0.05652947054135669,1.0864573886661517,0.939010377506165,0.23835041938490215,0.1788210624417521,0.09820596458527493,0.05580539539435138,-0.05395179511363456,0.04323611318852063,0.03081562713583384,0.06391281315086893,0.04411505998783962,1.527593553400005,0.023682151991206463,1.424370292941309,-0.025443910320237698,1,-0.0034186597435762714,0.9174275389305669,2,0.07448116528855557,0.01867576989420419,5,-0.006983300453738836,0.8348068822834328,10,0.06298771797674772,0.007182322582396344
STRESS_PREVALENCE_SEEN_NOT_BLIND,STAGE_A_TOP30,2_TO_3PCT,0.02,0.03,642,641,195,12,224,3.292307692307692,53.5,0.35725429017160687,0.2995319812792512,0.20748829953198128,0.05496439359790199,0.09478516142281111,0.06658595641646481,-0.04738295915853232,-0.07711082995047777,1.2292068634676112,-0.001922206665010997,0.004769745978538386,0.006481228456630271,0.013599739889010427,0.0010731692846775202,-0.004719726999993712,-0.05916084882809135,1.0253420110174833,0.8964148116288476,0.28519362186788155,0.22801822323462415,0.13826879271070616,0.07072933442008367,-0.05679574495591725,0.04771158795693613,0.0365970904723623,0.0688743072325172,0.05079669968211627,1.252672790617695,0.024055827002727445,1.3401110331372885,-0.02031508499456052,3,-0.005573347807066917,0.8782526332192666,7,0.08947546502146082,0.018746130601377156,13,-0.00840247719585226,0.8193284634534918,33,0.07580847369488097,0.005079139274797306
STRESS_PREVALENCE_SEEN_NOT_BLIND,TWO_STAGE_TOP5,2_TO_3PCT,0.02,0.03,99,98,74,12,77,1.337837837837838,8.25,0.37755102040816324,0.3163265306122449,0.21428571428571427,0.05472620803370753,0.09998263461504084,0.07355235966429086,-0.050548822103024596,-0.07978671903136428,1.2531237758471747,0.0015491952305868749,0.006390882574558829,0.0030391539747224986,0.01384724805750634,0.006248936738755214,0.0004243608932231293,-0.0557244049029818,1.1600021230558788,1.0100962252241878,0.28519362186788155,0.22801822323462415,0.13826879271070616,0.07072933442008367,-0.05679574495591725,0.04408267346775918,0.0365970904723623,0.06478360782286509,0.05079669968211627,1.323841038012649,0.02925330019495717,1.4135950159125301,-0.022990974075447028,1,-0.001303775863475165,0.9692976038800535,1,0.09648735878381545,0.025758024363731785,3,-0.004769941213348187,0.8899894764513856,5,0.08575147862248747,0.015022144202403803
STRESS_PREVALENCE_SEEN_NOT_BLIND,STAGE_A_TOP30,GE_3PCT,0.03,,813,813,200,12,203,4.065,67.75,0.36039360393603936,0.31857318573185733,0.23493234932349324,0.05995431330667633,0.10306085810891158,0.06986899563318771,-0.054868420176641404,-0.08252186625641286,1.2488915094173916,-0.008740962366068148,0.0026492293687724513,0.009757420466829446,0.02202778639140363,-0.0004269127006833885,-0.006211350666851974,-0.06001644754408247,0.9905022419747306,0.8710919502433527,0.3670392513646998,0.2880166363400052,0.1772809981804003,0.0851219499556633,-0.05516051506239619,0.05144636001852669,0.04065291521500806,0.07278891053776947,0.054194520219690755,0.9818939053413197,0.01793890815324828,1.2107436232674647,-0.02736135119401667,4,-0.007127294252653991,0.8528105593741275,9,0.09724211964561282,0.012120169689949514,17,-0.01005437940485019,0.7956983937105951,41,0.08281662291535664,-0.0023053270403066567
STRESS_PREVALENCE_SEEN_NOT_BLIND,TWO_STAGE_TOP5,GE_3PCT,0.03,,111,111,72,12,66,1.5416666666666667,9.25,0.40540540540540543,0.35135135135135137,0.26126126126126126,0.062000898732945765,0.09071975479129363,0.06839186691312382,-0.05181284221872836,-0.08338886442264709,1.0879121021661926,-0.007296952785811315,0.007416958452952654,0.012240989895149379,0.003035067236270046,0.010662552520227249,0.004811546495307919,-0.055740946110729085,1.263241142146539,1.1102054113267734,0.3670392513646998,0.2880166363400052,0.1772809981804003,0.0851219499556633,-0.05516051506239619,0.04719937096680055,0.04065291521500806,0.06625204029414838,0.054194520219690755,1.1045287497128857,0.005597804835630327,1.0657621781285087,-0.0282283493602509,1,0.003238185091899305,1.0735003840584578,2,0.08431443238398188,-0.0008075175716814181,3,6.843699199590945e-05,1.0015251407408692,6,0.07567360692930766,-0.009448343026355638
