time_slice,market_proxy,regime_dimension,regime_group,cohort,observations,evaluable_observations,unique_dates,unique_months,unique_stocks,candidates_per_day,candidates_per_month,winner_rate,plus10_before_minus5_rate,plus15_before_minus5_rate,mfe5_mean,mfe10_mean,mfe10_median,mae5_mean,mae10_mean,mfe_abs_mae,day1_return,day3_return,day5_return,day10_return,gross_mean,net_mean,median_net_return,gross_profit_factor,net_profit_factor,universe_winner_rate,universe_plus10_rate,universe_plus15_rate,universe_mfe10_mean,universe_mae10_mean,signal_volatility20_mean,universe_volatility20_mean,signal_atr20_mean,universe_atr20_mean,winner_rate_lift,mfe10_lift_difference,mfe10_lift_multiple,mae10_improvement_vs_universe,top1_positive_net_removed_count,top1_removed_net_mean,top1_removed_net_pf,top1_extreme_mfe_removed_count,top1_extreme_mfe_removed_mean,top1_extreme_mfe_removed_lift,top5_positive_net_removed_count,top5_removed_net_mean,top5_removed_net_pf,top5_extreme_mfe_removed_count,top5_extreme_mfe_removed_mean,top5_extreme_mfe_removed_lift
HISTORICAL_DISCOVERY,0050,0050_CLOSE_VS_MA20,ABOVE_OR_EQUAL,STAGE_A_TOP30,11850,11796,395,30,622,30.0,395.0,0.3675822312648355,0.31324177687351645,0.2155815530688369,0.05838490663219769,0.10358150244177773,0.06262840919939072,-0.04778097979046148,-0.07541192063958628,1.3735428240426524,-0.0026839688852669545,0.004790209109092765,0.009174652566091282,0.01890187216805317,0.0028151892271572466,-0.002987832285436423,-0.05743457966145468,1.0689693487210765,0.9320052019797762,0.20371512212464102,0.15293771282239293,0.08163492037040124,0.05097280893184534,-0.04726756077697721,0.04880712590995874,0.02762837158905649,0.0723394141768414,0.040796222645321435,1.8043934462554727,0.05260869350993239,2.0320932789926167,-0.028144359862609068,50,-0.0037566907928617364,0.9148704857441782,118,0.09693082341546778,0.045958014483622446,246,-0.006698234232597907,0.8507456412013169,590,0.08006878198553158,0.02909597305368624
HISTORICAL_DISCOVERY,0050,0050_CLOSE_VS_MA20,ABOVE_OR_EQUAL,TWO_STAGE_TOP5,1975,1961,395,30,426,5.0,65.83333333333333,0.3982661907190209,0.32483426823049466,0.22080571137174912,0.059468723932823986,0.10729851722142697,0.07079646017699126,-0.046465306305642794,-0.07428864235862027,1.4443461855643442,-0.0017596610173881313,0.005536991371339519,0.010678173797305368,0.02094642959342916,0.008827303856774063,0.0029890195395052064,-0.044124303951552875,1.2308855103028313,1.0725990457170769,0.20371512212464102,0.15293771282239293,0.08163492037040124,0.05097280893184534,-0.04726756077697721,0.04587553130631536,0.02762837158905649,0.06901227397894527,0.040796222645321435,1.9550153496967486,0.05632570828958163,2.1050148004378872,-0.027021081581643062,9,0.002191367326286157,1.0529809278347513,20,0.10082795604031217,0.04985514710846683,45,-0.0009325334426826019,0.9778698435278655,99,0.08475301224761893,0.03378020331577359
HISTORICAL_DISCOVERY,0050,0050_CLOSE_VS_MA20,BELOW,STAGE_A_TOP30,9480,9421,316,31,594,30.0,305.80645161290323,0.33351024307398364,0.2860630506315678,0.19732512472136715,0.05105821898763903,0.09466490006367724,0.05737704918032782,-0.05616948361786999,-0.08655461612651622,1.0937013448861732,-0.0050241146253343204,-0.004231747101666274,0.0005511663575666929,0.01030871544312408,-0.006228183864532472,-0.011978877340314517,-0.06045081060793918,0.8632699639630308,0.754927514083302,0.21068660022148394,0.1571755118266746,0.07925149785614902,0.051464140884188554,-0.05552582943627309,0.04902152616090197,0.028615618201816594,0.07215112310504611,0.04172580844792941,1.582968459899118,0.043200759179488686,1.839434185381716,-0.031028786690243122,36,-0.012708815813369797,0.7409874563295388,95,0.08858341508306831,0.03711927419887976,178,-0.015470275989398532,0.689477946854955,472,0.07364892756123112,0.022184786677042566
HISTORICAL_DISCOVERY,0050,0050_CLOSE_VS_MA20,BELOW,TWO_STAGE_TOP5,1580,1567,316,31,397,5.0,50.96774193548387,0.3318442884492661,0.26802807913209953,0.1818761965539247,0.04855670027307215,0.09016851554707539,0.05660377358490565,-0.054531309009019674,-0.08551131094016724,1.0544630243146058,-0.0033266028007575125,-0.0041710832461176895,-0.0019438913611609836,0.007101075132715492,-0.004536306297202429,-0.01029650707847954,-0.0585993988369235,0.8961041342855427,0.7806734697357955,0.21068660022148394,0.1571755118266746,0.07925149785614902,0.051464140884188554,-0.05552582943627309,0.04499115014958825,0.028615618201816594,0.06746916911863293,0.04172580844792941,1.5750611956356757,0.038704374662886835,1.7520649135090889,-0.02998548150389415,7,-0.011140024281102216,0.7637656837250327,16,0.08425015524821196,0.032786014364023404,31,-0.013887173806980804,0.7100405041302177,79,0.0698733948768428,0.018409253992654244
HISTORICAL_DISCOVERY,0050,0050_MA20_SLOPE5,RISING_OR_FLAT,STAGE_A_TOP30,12090,12040,403,27,621,30.0,447.77777777777777,0.35764119601328903,0.30548172757475084,0.21137873754152825,0.05818165528682391,0.10137991252996427,0.060317460317460325,-0.05154395866984114,-0.08043438308852441,1.2604051729766814,-0.0032024341040090823,0.0025692760580177474,0.005966766687281995,0.013069251928493175,-0.00018560887753899658,-0.0059711343870930056,-0.05846699203740052,0.9956461060014344,0.8697143959569833,0.20137255325118156,0.15104020545136715,0.07972570516002331,0.050309117270272485,-0.0500511903940445,0.047788808409238076,0.026679527934249072,0.07131464989831258,0.039806890223688295,1.7760175865038874,0.051070795259691784,2.015139959330381,-0.030383192694479907,49,-0.0067219751718214866,0.8539285281481761,121,0.09473460384970117,0.044425486579428686,242,-0.009602155075424832,0.7946994060879564,602,0.07789498468661055,0.02758586741633806
HISTORICAL_DISCOVERY,0050,0050_MA20_SLOPE5,RISING_OR_FLAT,TWO_STAGE_TOP5,2015,2000,403,27,422,5.0,74.62962962962963,0.3715,0.3025,0.2085,0.057891495557799155,0.1024901447307244,0.06591123095360385,-0.05033219424925155,-0.07988318261372387,1.28300026835832,-0.0024250316485085683,0.00346715287111876,0.005159143033731034,0.013026607621168687,0.0028180542699414346,-0.0029851914294812326,-0.056888165871578605,1.069104925525531,0.93199817083188,0.20137255325118156,0.15104020545136715,0.07972570516002331,0.050309117270272485,-0.0500511903940445,0.04444447727302649,0.026679527934249072,0.06767181528391529,0.039806890223688295,1.8448392991104918,0.05218102746045192,2.037208170044469,-0.029831992219679374,9,-0.003796104245698191,0.9139149366648458,20,0.09647542675189733,0.04616630948162484,42,-0.006690603382286152,0.8507905304825418,100,0.08056476119195027,0.03025564392167779
HISTORICAL_DISCOVERY,0050,0050_MA20_SLOPE5,FALLING,STAGE_A_TOP30,9240,9177,308,23,537,30.0,401.7391304347826,0.3456467255094257,0.2955214122262177,0.20235371036286368,0.051130076284471096,0.09731625579626718,0.06019151846785231,-0.05145558247655547,-0.08026153230975645,1.2124893830918997,-0.0044061211990426355,-0.0015578148122995957,0.004530551270499443,0.017732494177287714,-0.0025316570969427937,-0.00830391359284203,-0.05897597212806939,0.9415304811594774,0.8215432534867534,0.21416397990276004,0.15993684567769162,0.08176861613829026,0.05239102830127518,-0.05204386910606955,0.05036323438471225,0.02995193220597341,0.07349058250266721,0.043115223379613196,1.6139349187774932,0.044925227494992004,1.8574984868907134,-0.028217663203686905,37,-0.009058126957557753,0.8061195509194778,92,0.09125358411839041,0.03886255581711523,182,-0.011902595253921048,0.7492781109723468,459,0.0763240336500674,0.023933005348792225
HISTORICAL_DISCOVERY,0050,0050_MA20_SLOPE5,FALLING,TWO_STAGE_TOP5,1540,1528,308,23,364,5.0,66.95652173913044,0.36518324607329844,0.29581151832460734,0.19698952879581152,0.050342621626029836,0.09602497818850561,0.06322006472491903,-0.049675810460730545,-0.078475056728435,1.2236369388148718,-0.0024956927662748763,-0.0017096551765099104,0.004957810854786979,0.017113951520512025,0.0029881167248264817,-0.0028159531518620823,-0.05651135645712313,1.0738410028939838,0.9353010205779988,0.21416397990276004,0.15993684567769162,0.08176861613829026,0.05239102830127518,-0.05204386910606955,0.046841684967301206,0.02995193220597341,0.06918431067655688,0.043115223379613196,1.705157170870227,0.04363394988723043,1.8328515645143082,-0.026431187622365446,7,-0.0036448822442509076,0.9166392973558397,16,0.08945950457389606,0.03706847627262089,33,-0.006594395047395953,0.8517602056471911,77,0.07505941948383718,0.022668391182562003
HISTORICAL_DISCOVERY,0050,0050_VOLATILITY20,HIGH,STAGE_A_TOP30,10680,10609,356,26,583,30.0,410.7692307692308,0.37477613347158073,0.324630031105665,0.2260344990102743,0.05813823720946531,0.10978607815246136,0.06784660766961648,-0.04598846975387653,-0.06897894024091017,1.5915883568090716,-0.0027412424013293296,0.004349650469440989,0.014434663789968384,0.03832101543294309,0.004206415948572098,-0.0016048549709391695,-0.05677107364284055,1.1045279076627343,0.9629358919834548,0.23518763213530655,0.17744450317124735,0.09149048625792812,0.05743450725501109,-0.04467878177434377,0.04958558687994833,0.029591399155274534,0.07258335675579067,0.04272126679262225,1.5935197360036648,0.05235157089745027,1.9115003052956923,-0.0243001584665664,46,-0.002387775169423124,0.9450934668126968,107,0.10317077632455952,0.04573626906954843,228,-0.005377720554958272,0.8784707735000585,531,0.08699383083109355,0.029559323576082458
HISTORICAL_DISCOVERY,0050,0050_VOLATILITY20,HIGH,TWO_STAGE_TOP5,1780,1766,356,26,380,5.0,68.46153846153847,0.38618346545866367,0.32163080407701017,0.22366930917327293,0.05729289082763044,0.10975062575746511,0.06914893617021278,-0.04525370315273266,-0.06834091261303606,1.6059285947628703,-0.0015941330991529263,0.004376963298540101,0.013271154020728896,0.039225144670867546,0.007862431486987747,0.002030203932934548,-0.05117899643840764,1.2067926385956023,1.0495708411580205,0.23518763213530655,0.17744450317124735,0.09149048625792812,0.05743450725501109,-0.04467878177434377,0.046184098427306135,0.029591399155274534,0.06872764346601316,0.04272126679262225,1.6420228476831096,0.05231611850245402,1.9108830388353248,-0.023662130838692286,8,0.001230387583667293,1.029905890237456,18,0.10292596536565538,0.045491458110644284,40,-0.0018741529238313467,0.9552758865359181,89,0.08704844582799862,0.029613938572987525
HISTORICAL_DISCOVERY,0050,0050_VOLATILITY20,LOW,STAGE_A_TOP30,10650,10608,355,27,604,30.0,394.44444444444446,0.3301282051282051,0.27771493212669685,0.18891402714932126,0.05212474369916417,0.08945747767568352,0.05346752766286622,-0.05702351688851439,-0.09174137230172069,0.9751050745292336,-0.004704981167060781,-0.002781619968348339,-0.0037444012277079537,-0.008150712711544682,-0.0066076182939870795,-0.012355916918874194,-0.06044097125584762,0.8550876511169575,0.7476798050631448,0.18140849058273215,0.13457874463956018,0.0708551339298881,0.04561189894752593,-0.05644099646842994,0.048219001129935796,0.02669606858145028,0.07192822667613849,0.03984991971606643,1.8198056996546625,0.043845578728157586,1.9612750124391796,-0.03530037583329075,40,-0.013074963102330734,0.7340029638488761,107,0.08309311057884562,0.03748121163131969,196,-0.015803190924459372,0.6832457377571293,531,0.06754303524577396,0.021931136298248027
HISTORICAL_DISCOVERY,0050,0050_VOLATILITY20,LOW,TWO_STAGE_TOP5,1775,1762,355,27,402,5.0,65.74074074074075,0.351305334846765,0.2775255391600454,0.18331441543700341,0.05194510315469723,0.08960661239829854,0.0601120448179272,-0.05485300063267507,-0.09023053361740906,0.9930852540254717,-0.0033190935248473778,-0.0019340320957386154,-0.003145877949506618,-0.00968687419016591,-0.0020902968845644882,-0.007865209659801442,-0.05826267069747519,0.9516953106240801,0.8309409882883718,0.18140849058273215,0.13457874463956018,0.0708551339298881,0.04561189894752593,-0.05644099646842994,0.04477975672727956,0.02669606858145028,0.06792522072680489,0.03984991971606643,1.9365429573791126,0.043994713450772605,1.9645446575549548,-0.033789537148979115,7,-0.008598386046338459,0.8159159423681384,18,0.08402606749066452,0.03841416854313859,35,-0.011428606590803282,0.7592270252127706,89,0.0690816651875668,0.023469766240040865
RETROSPECTIVE_CONFIRMATION_NOT_BLIND_OOS,0050,0050_CLOSE_VS_MA20,ABOVE_OR_EQUAL,STAGE_A_TOP30,9390,9355,313,24,603,30.0,391.25,0.35008017103153394,0.2958845537145911,0.19786210582576164,0.04879092489637168,0.08921506926750418,0.055393586005831,-0.04611440404529665,-0.07096099880778955,1.2572408895928735,-0.003233103937357982,-8.215874532796033e-05,0.0033988080677956494,0.014034371188250308,0.0008354975798949464,-0.004955848050466929,-0.05723439678062636,1.0207106875768353,0.8861465894725039,0.19061921953714664,0.14342982555269404,0.07601810493008428,0.04739669483626663,-0.042963554550213,0.044890157556787116,0.025696820699614466,0.06709750908649038,0.037594051649927254,1.8365418339325044,0.04181837443123755,1.8823057087778048,-0.027997444257576554,38,-0.005700854347089573,0.8695631472594947,94,0.08392453859202262,0.03652784375575599,190,-0.008558020444718078,0.8073850201540386,468,0.0701279586276701,0.022731263791403472
RETROSPECTIVE_CONFIRMATION_NOT_BLIND_OOS,0050,0050_CLOSE_VS_MA20,ABOVE_OR_EQUAL,TWO_STAGE_TOP5,1565,1559,313,24,380,5.0,65.20833333333333,0.3559974342527261,0.30660679923027584,0.20461834509300833,0.05212160609797013,0.093494092468971,0.05919003115264787,-0.04377338568890137,-0.07110859503396612,1.3148071962933892,-0.0014370236510313735,0.003640321828681218,0.006517440951797119,0.01429850026520909,0.0014352173377417277,-0.0043600226355664795,-0.05671070355858475,1.0358108034986755,0.8990710503239253,0.19061921953714664,0.14342982555269404,0.07601810493008428,0.04739669483626663,-0.042963554550213,0.04171692803459283,0.025696820699614466,0.06332682145806168,0.037594051649927254,1.86758415608428,0.04609739763270437,1.972586755088077,-0.028145040483753117,7,-0.00517556995760102,0.8807301165669963,16,0.08833236855742238,0.04093567372115575,33,-0.008052250261083718,0.8175462926592515,78,0.07459109605131337,0.027194401215046737
RETROSPECTIVE_CONFIRMATION_NOT_BLIND_OOS,0050,0050_CLOSE_VS_MA20,BELOW,STAGE_A_TOP30,5040,5023,168,21,520,30.0,240.0,0.35058729842723474,0.2882739398765678,0.1905235914791957,0.05160264593329884,0.08622610016182138,0.05913043478260871,-0.04663901911154153,-0.0737732661619629,1.1687987349308804,-0.0036935302868442354,0.0018025514398098182,0.005811170080877823,0.007697991513090499,0.0004397265419803373,-0.0053498547872241516,-0.05720024441903733,1.0107828357112059,0.8783354027793447,0.18973219246582954,0.1389154350483387,0.07088565396155129,0.04799052850963202,-0.04596828695183441,0.046080373417390845,0.02613460179374491,0.0686037403558868,0.03820250355869095,1.8478008073952708,0.038235571652189354,1.7967316226683192,-0.0278049792101285,21,-0.0061160488617705,0.8614923744058385,51,0.08108147203163375,0.03309094352200173,102,-0.008966165443191924,0.8002351084863609,252,0.06874896106950082,0.020758432559868797
RETROSPECTIVE_CONFIRMATION_NOT_BLIND_OOS,0050,0050_CLOSE_VS_MA20,BELOW,TWO_STAGE_TOP5,840,838,168,21,293,5.0,40.0,0.3902147971360382,0.3221957040572792,0.2052505966587112,0.054372080971871066,0.0883469799752176,0.06202355756550382,-0.04540665348575964,-0.07458571246099976,1.184502729278258,-0.0013841472782370272,0.00489717018020109,0.00569041065205393,0.001674611468974921,0.006021967329457137,0.0001997700955913926,-0.05573693477435074,1.154697661323184,1.004761059788949,0.18973219246582954,0.1389154350483387,0.07088565396155129,0.04799052850963202,-0.04596828695183441,0.041957155503271525,0.02613460179374491,0.06359194139194514,0.03820250355869095,2.056660981273988,0.04035645146558557,1.8409253392049174,-0.028617425509165358,4,-0.0006396640704058901,0.984827849318368,9,0.0833357233006474,0.035345194791015375,19,-0.0036803907404312935,0.9142751033059059,42,0.07170170907729263,0.02371118056766061
RETROSPECTIVE_CONFIRMATION_NOT_BLIND_OOS,0050,0050_MA20_SLOPE5,RISING_OR_FLAT,STAGE_A_TOP30,9420,9373,314,23,592,30.0,409.5652173913044,0.3569828230022405,0.3031046623279633,0.20527045769764216,0.050047699035108056,0.09164803297734059,0.059233449477351874,-0.04546146642179083,-0.0699408368080496,1.3103651194346686,-0.003624315162840051,0.0003596584836976701,0.006054000400566884,0.016367008181487317,0.0016826549542906521,-0.004113845767337585,-0.05700284433072642,1.0418858654646082,0.9050798914134297,0.19022767303803248,0.14326973828572107,0.07652755620659593,0.047463164421320404,-0.044210120833136794,0.043999271777524517,0.024847090922539613,0.0656692021193699,0.03654688898425122,1.8766082626204885,0.04418486855602018,1.9309296818855253,-0.02573071597491281,39,-0.004874522048052002,0.8879965398841774,94,0.08640243148064586,0.038939267059325454,192,-0.007743414943559413,0.8249935224864778,469,0.07262609363053078,0.02516292920921038
RETROSPECTIVE_CONFIRMATION_NOT_BLIND_OOS,0050,0050_MA20_SLOPE5,RISING_OR_FLAT,TWO_STAGE_TOP5,1570,1564,314,23,370,5.0,68.26086956521739,0.3772378516624041,0.3209718670076726,0.2186700767263427,0.05555626547879402,0.09824326831409867,0.06833437565144884,-0.043454095872638064,-0.06971138151375841,1.4092859183218043,-0.0015318674908977755,0.00467269178145797,0.009832153101302825,0.018012049064578907,0.0036255353166353204,-0.0021825585553170304,-0.05625492597707282,1.0915248790329197,0.9488601111146612,0.19022767303803248,0.14326973828572107,0.07652755620659593,0.047463164421320404,-0.044210120833136794,0.040873722936163044,0.024847090922539613,0.06182378127253678,0.03654688898425122,1.983086086465361,0.05078010389277827,2.069884499103644,-0.02550126068062162,7,-0.0029804837216939116,0.9304763612907401,16,0.093025073375117,0.0455619089537966,34,-0.005911078501170461,0.8645074909777083,79,0.07927371835992317,0.03181055393860276
RETROSPECTIVE_CONFIRMATION_NOT_BLIND_OOS,0050,0050_MA20_SLOPE5,FALLING,STAGE_A_TOP30,5010,5005,167,17,485,30.0,294.70588235294116,0.33766233766233766,0.27472527472527475,0.17662337662337663,0.04925916281167817,0.08165907312961379,0.05369127516778516,-0.04786367993398159,-0.07569386540990249,1.0788070167563528,-0.0029625542344660777,0.000981926443940737,0.0008473948123804595,0.0033068104198310873,-0.001148191529726634,-0.006928112433784184,-0.05752938457410371,0.9720623017003129,0.8437018794279381,0.19046501754150746,0.13919242028111103,0.06989787937699717,0.04786853968111889,-0.0436361776062518,0.04775304000970239,0.027737853368620558,0.07128398678259397,0.04017864315395255,1.7728312632987941,0.0337905334484949,1.7059027426696938,-0.03205768780365069,20,-0.007664681472615082,0.8277758615733345,51,0.07644155693274185,0.028573017251622958,100,-0.010491699951897937,0.768036517354283,251,0.06410490666898826,0.016236366987869365
RETROSPECTIVE_CONFIRMATION_NOT_BLIND_OOS,0050,0050_MA20_SLOPE5,FALLING,TWO_STAGE_TOP5,835,833,167,17,262,5.0,49.11764705882353,0.3505402160864346,0.29531812725090034,0.1788715486194478,0.047936840999195124,0.07939926498812461,0.04857142857142871,-0.04601593993428319,-0.0772299231845772,1.0280893948109042,-0.001205755744725594,0.002966387029678594,-0.0005380946940752877,-0.005373539510851688,0.0019370650857224389,-0.0038611601059144263,-0.056124996641058855,1.0486774603207505,0.9100579393453577,0.19046501754150746,0.13919242028111103,0.06989787937699717,0.04786853968111889,-0.0436361776062518,0.04354175803783044,0.027737853368620558,0.06641556738213764,0.04017864315395255,1.8404440910522712,0.031530725307005715,1.6586941134417474,-0.03359374557832541,4,-0.0047326353248795545,0.8902871256425658,9,0.0744924729290891,0.02662393324797021,18,-0.007678406856108833,0.8250037465695603,42,0.06244755734793457,0.014579017666815679
RETROSPECTIVE_CONFIRMATION_NOT_BLIND_OOS,0050,0050_VOLATILITY20,HIGH,STAGE_A_TOP30,6240,6212,208,14,456,30.0,445.7142857142857,0.3668705730843529,0.30972311654861556,0.20975531229877656,0.05245109601752763,0.0944689220053578,0.062444295900178304,-0.04975718636501485,-0.07604109645011227,1.2423403450966193,-0.0035879314792181456,7.037290639659181e-05,0.00419280654405571,0.015081133258832879,0.0015732049744570523,-0.004223081194527682,-0.05771947999805008,1.0378000187422676,0.905616548381848,0.20436294002466984,0.15312556606947236,0.0820488048925654,0.050791893040336246,-0.0475804335743983,0.046955958443511386,0.027480909696546083,0.07041047167979479,0.04001339441322422,1.7951913054297701,0.04367702896502155,1.8599212659850175,-0.02846066287571397,26,-0.0049908145261393375,0.8889249996768218,63,0.08878789931373841,0.03799600627340217,130,-0.007953636185013132,0.8259607855104947,311,0.07472918685651897,0.023937293816182724
RETROSPECTIVE_CONFIRMATION_NOT_BLIND_OOS,0050,0050_VOLATILITY20,HIGH,TWO_STAGE_TOP5,1040,1036,208,14,271,5.0,74.28571428571429,0.4015444015444015,0.3474903474903475,0.23262548262548263,0.05795163372140135,0.10058387285372515,0.07076399020747304,-0.04650660536747888,-0.07635514143771689,1.3173163058806159,-0.0008367848712149168,0.005586179937206809,0.008655714953493416,0.012830031028693739,0.0070403511323554515,0.0012120868561780853,-0.056022666657476516,1.1780324789875223,1.028520975722651,0.20436294002466984,0.15312556606947236,0.0820488048925654,0.050791893040336246,-0.0475804335743983,0.0437797014673954,0.027480909696546083,0.06656463625959425,0.04001339441322422,1.9648591936283983,0.049791979813388905,1.980313527078952,-0.028774707863318594,5,0.0003611730415155344,1.0084575558336366,11,0.09513002845832397,0.04433813541798772,24,-0.002708817065375297,0.9377368525149528,52,0.08171092839159358,0.030919035351257333
RETROSPECTIVE_CONFIRMATION_NOT_BLIND_OOS,0050,0050_VOLATILITY20,LOW,STAGE_A_TOP30,8190,8166,273,18,530,30.0,455.0,0.3376193975018369,0.28067597354886115,0.1843007592456527,0.04773609900411896,0.08337983475545527,0.053475935828877,-0.04366598103619289,-0.0688263493301878,1.2114522354723265,-0.0032463947607028402,0.0009611149063294169,0.0042786728555968085,0.009340503800203941,3.0869088777524407e-05,-0.005755632957131893,-0.056933045633773854,1.0007787497956326,0.8657629765539935,0.17885223996061608,0.13266755749349463,0.06785287291652015,0.045004335101194934,-0.04110095146046749,0.04405078689299596,0.024519274452744218,0.0655037882974347,0.036006582498635774,1.8877001349056737,0.038375499654260334,1.8527067352060802,-0.027725397869720315,33,-0.006496152572126107,0.8491043097490908,82,0.07852917752870177,0.033524842427506835,162,-0.00926495023470191,0.7882028956747172,409,0.06576842461650076,0.020764089515305825
RETROSPECTIVE_CONFIRMATION_NOT_BLIND_OOS,0050,0050_VOLATILITY20,LOW,TWO_STAGE_TOP5,1365,1361,273,18,311,5.0,75.83333333333333,0.3423952975753123,0.28508449669360764,0.18368846436443792,0.049069430731661715,0.08492811690073393,0.05303030303030298,-0.04269848695764563,-0.06925584141865998,1.2262953587890606,-0.0018613711715958024,0.0029329962725762543,0.00438055391510193,0.007643478456087612,-7.26768662440351e-06,-0.005793967620678213,-0.056503448328855746,0.9998172787901811,0.8651595576470291,0.17885223996061608,0.13266755749349463,0.06785287291652015,0.045004335101194934,-0.04110095146046749,0.04029464834493029,0.024519274452744218,0.06102542128922007,0.036006582498635774,1.914403183604013,0.039923781799538996,1.8871096908724012,-0.028154889958192493,6,-0.006594933502793659,0.8471956578048184,14,0.08003745822973753,0.03503312312854259,28,-0.009424891635276381,0.7851712039998963,69,0.06678111113997,0.021776776038775064
STRESS_PREVALENCE_SEEN_NOT_BLIND,0050,0050_CLOSE_VS_MA20,ABOVE_OR_EQUAL,STAGE_A_TOP30,3960,3951,132,11,330,30.0,360.0,0.3358643381422425,0.275626423690205,0.18780055682105795,0.04764873520776737,0.08939938470931334,0.057613168724279795,-0.04744507107557937,-0.0701415282214913,1.2745571272272542,-0.0037197505827530797,-0.0011131042308515759,0.0018386947711644844,0.018266562775935014,-0.0025988014869003967,-0.008369971385504457,-0.05847111141489628,0.9371055558793862,0.8125381898089801,0.20841535826891375,0.15915238232422657,0.08732254605400042,0.05145962114451825,-0.043335942036502505,0.04709983704031991,0.028012996056008706,0.06959645567795339,0.04032076809883341,1.611514338155848,0.037939763564795094,1.7372725006708807,-0.0268055861849888,16,-0.009124473319434867,0.7964672288091532,40,0.0840345330610377,0.03257491191651945,76,-0.011840023955775077,0.7399205180758401,198,0.07004686881866766,0.01858724767414941
STRESS_PREVALENCE_SEEN_NOT_BLIND,0050,0050_CLOSE_VS_MA20,ABOVE_OR_EQUAL,TWO_STAGE_TOP5,660,658,132,11,201,5.0,60.0,0.35714285714285715,0.29635258358662614,0.2006079027355623,0.049205330544518734,0.08974008790371761,0.06116409336866657,-0.04532039749903062,-0.06961513684297438,1.2890887237087183,-0.00270525510746966,0.001417195218278074,0.004151404520358682,0.015907416356114177,0.0024333097505088498,-0.0033674921234987704,-0.05744192160912237,1.0614574952672098,0.9212715498960098,0.20841535826891375,0.15915238232422657,0.08732254605400042,0.05145962114451825,-0.043335942036502505,0.04339443612856723,0.028012996056008706,0.06512357055185099,0.04032076809883341,1.713611031880115,0.03828046675919936,1.7438932877428928,-0.026279194806471874,3,-0.004194643179868713,0.9023807329108082,7,0.08519849430013592,0.03373887315561767,14,-0.007160237195065329,0.8361628079290796,33,0.07408225378652111,0.022622632642002864
STRESS_PREVALENCE_SEEN_NOT_BLIND,0050,0050_CLOSE_VS_MA20,BELOW,STAGE_A_TOP30,2460,2460,82,9,257,30.0,273.3333333333333,0.3439024390243902,0.29715447154471547,0.2,0.05421667243904476,0.09312446813937701,0.05865306783228108,-0.056017003524798555,-0.0934606270052849,0.996403203395063,-0.0035917212689089203,-0.0004832872016377778,0.0011564022118648284,-8.595139489530968e-05,-0.004376364322063023,-0.010138199483673775,-0.06002304153243741,0.9027928048923308,0.7901922072256817,0.20658135283363802,0.15574365780972177,0.0802384112594225,0.05172826813765673,-0.06430010171518831,0.048284270261604034,0.029373606605783115,0.06953018167241462,0.040634906646511385,1.6647312756313404,0.041396200001720285,1.8002626318661732,-0.029160525290096592,10,-0.010924974900044482,0.7748291290286193,25,0.08796039736849573,0.036232129230839,48,-0.01380404461130921,0.7199024351606597,123,0.07399830087538134,0.022270032737724613
STRESS_PREVALENCE_SEEN_NOT_BLIND,0050,0050_CLOSE_VS_MA20,BELOW,TWO_STAGE_TOP5,410,410,82,9,142,5.0,45.55555555555556,0.3951219512195122,0.32195121951219513,0.20243902439024392,0.053693561755886014,0.08393702708819913,0.05983135453334132,-0.05330837684981851,-0.09011977472130345,0.9313941068736074,0.00019760499797853883,0.0022820841568444456,-0.0016538264104755064,-0.01568581762504943,0.005943399684072842,0.0001213732752001813,-0.05607044162439387,1.1495662336423016,1.002840951647155,0.20658135283363802,0.15574365780972177,0.0802384112594225,0.05172826813765673,-0.06430010171518831,0.045266202353787366,0.029373606605783115,0.0645227745121445,0.040634906646511385,1.912669976257285,0.0322087589505424,1.6226529537936594,-0.025819673006115137,2,-0.0007398154349040506,0.9827678103753951,5,0.07909642551048092,0.027368157372824192,10,-0.003998206366966903,0.9086976172077675,21,0.06863943869671685,0.01691117055906012
STRESS_PREVALENCE_SEEN_NOT_BLIND,0050,0050_MA20_SLOPE5,RISING_OR_FLAT,STAGE_A_TOP30,4230,4221,141,10,335,30.0,423.0,0.3368869936034115,0.28263444681355127,0.19189765458422176,0.04885104658042233,0.09028155576496404,0.05729166666666652,-0.047955243003168,-0.07255067169303896,1.2443931070265517,-0.0037001068403491534,-0.0006968836568744516,0.0027929571447457887,0.015627608343809905,-0.0026368773191224296,-0.00840782753977367,-0.058953952661470375,0.9370074680997739,0.8139287761307339,0.20563050027454996,0.15708709911995608,0.08623836872801745,0.051113231010062196,-0.04432815543812134,0.04592112616221866,0.026744968438773553,0.06841373319830087,0.03936443140996519,1.638312376586221,0.03916832475490184,1.7663050051989695,-0.028222516254917618,17,-0.009159868145310472,0.7981020094226918,43,0.08480441144115924,0.03369118043109705,81,-0.01189016192346234,0.741911783052913,212,0.07077802321699479,0.019664792206932596
STRESS_PREVALENCE_SEEN_NOT_BLIND,0050,0050_MA20_SLOPE5,RISING_OR_FLAT,TWO_STAGE_TOP5,705,703,141,10,201,5.0,70.5,0.3627311522048364,0.30014224751066854,0.20483641536273114,0.05075051450432997,0.09010637578152114,0.0625,-0.0463718703803266,-0.07118808748967757,1.2657507591363057,-0.0015799957931393984,0.0008934214582703526,0.004661001526014363,0.013272007280544312,0.0029554497392509575,-0.002848467986158678,-0.057396531140677984,1.0745706292681734,0.9334444801314351,0.20563050027454996,0.15708709911995608,0.08623836872801745,0.051113231010062196,-0.04432815543812134,0.042525373463269366,0.026744968438773553,0.06408687574338327,0.03936443140996519,1.7639948923945217,0.038993144771458946,1.7628777128916526,-0.026859932051556235,3,-0.0036202206568876675,0.9157731624929218,8,0.0853660223176357,0.0342527913075735,15,-0.006566937403554463,0.8498349976988542,36,0.07461203416583748,0.02349880315577528
STRESS_PREVALENCE_SEEN_NOT_BLIND,0050,0050_MA20_SLOPE5,FALLING,STAGE_A_TOP30,2190,2190,73,7,194,30.0,312.85714285714283,0.34292237442922374,0.2863013698630137,0.19360730593607306,0.05270908647944124,0.0918834309248636,0.05837823945170273,-0.056090513138925276,-0.09169220786292036,1.0020854886843724,-0.0036137981282463854,-0.0012078609207563707,-0.0007669587332938853,0.002737723414180429,-0.004522128649772937,-0.010283236360082623,-0.0594129514731571,0.8982333822609206,0.7845940576441282,0.21168174940763368,0.15923948728196638,0.08133261012304091,0.05243219100129591,-0.06532519506937014,0.05070214039229451,0.032003233995864196,0.07180158697155518,0.042518510011344046,1.6199902702469695,0.039451239923567694,1.752424019865823,-0.02636701279355022,9,-0.011080249565110157,0.7688526308583097,22,0.08698379310476748,0.034551602103471565,42,-0.01388563651341111,0.7147117950602178,110,0.0729245296667576,0.020492338665461685
STRESS_PREVALENCE_SEEN_NOT_BLIND,0050,0050_MA20_SLOPE5,FALLING,TWO_STAGE_TOP5,365,365,73,7,117,5.0,52.142857142857146,0.38904109589041097,0.3178082191780822,0.19452054794520549,0.05127083868948664,0.08251610074629716,0.05797101449275366,-0.05226803064498119,-0.08961819773470746,0.920751620006527,-0.0016117884081283248,0.0033975169116962673,-0.0033510376073617614,-0.014505003786766538,0.005370494574277438,-0.0004481473429056612,-0.05601588660772889,1.1353476978225039,0.9894970243305694,0.21168174940763368,0.15923948728196638,0.08133261012304091,0.05243219100129591,-0.06532519506937014,0.04717080655608685,0.032003233995864196,0.06644540637122946,0.042518510011344046,1.837858469041835,0.030083909745001247,1.5737679309311658,-0.02429300266533732,2,-0.0014216093983690798,0.9668651064152902,4,0.07798400690472371,0.025551815903427796,9,-0.0047517255656945034,0.8913824463059378,19,0.0661702812602207,0.013738090258924793
STRESS_PREVALENCE_SEEN_NOT_BLIND,0050,0050_VOLATILITY20,HIGH,STAGE_A_TOP30,3900,3900,130,11,308,30.0,354.54545454545456,0.3282051282051282,0.2725641025641026,0.17846153846153845,0.048774876399133256,0.08725033042572562,0.056451612903225756,-0.0504954627776233,-0.07454266292192767,1.1704750944718374,-0.004191589022172578,-0.002267967883691123,0.0021899362533311156,0.013502262946626858,-0.005146770242188341,-0.010903456269799418,-0.05916084882809123,0.8809775846088976,0.766004657971917,0.22071240751931273,0.16616309265217463,0.08592333698084241,0.05386433150836078,-0.04622824518215621,0.04932047185791048,0.030491269842318595,0.07141274521369621,0.041971685568048075,1.4870261798780373,0.033385998917364844,1.6198164533459902,-0.02831441773977146,15,-0.011643264589202987,0.7510889315112581,39,0.08190191679078743,0.02803758528242665,74,-0.014438466756345966,0.6960203839313331,195,0.06860337369868463,0.014739042190323855
STRESS_PREVALENCE_SEEN_NOT_BLIND,0050,0050_VOLATILITY20,HIGH,TWO_STAGE_TOP5,650,650,130,11,187,5.0,59.09090909090909,0.3707692307692308,0.30153846153846153,0.19692307692307692,0.05070201124231487,0.0843533071638192,0.0613163486911239,-0.0476125333023988,-0.07124755712976179,1.1839466581315645,-0.0025982408567757328,0.0015773401644484618,0.0041809943362135765,0.006558602493996627,0.004739048826916993,-0.0010752786158575332,-0.056776228486329725,1.121299637809907,0.9744931571095293,0.22071240751931273,0.16616309265217463,0.08592333698084241,0.05386433150836078,-0.04622824518215621,0.04560179796747389,0.030491269842318595,0.0662973686421154,0.041971685568048075,1.6798748875809704,0.030488975655458418,1.5660327493477932,-0.02501931194760558,3,-0.001900801292723598,0.9551189156884519,7,0.08011476889581484,0.026250437387454063,14,-0.004797335319972069,0.8886527405001551,33,0.06968673203196997,0.01582240052360919
STRESS_PREVALENCE_SEEN_NOT_BLIND,0050,0050_VOLATILITY20,LOW,STAGE_A_TOP30,2520,2511,84,10,276,30.0,252.0,0.3556352050975707,0.30147351652728,0.21425726802070888,0.052334189187303565,0.09638664753047971,0.06077981651376141,-0.051105137259214534,-0.08615130825989448,1.1188065448722853,-0.002861478171047514,0.0012976158559426004,0.0006247236535511774,0.007686548627810437,-0.00038284227896613626,-0.00616736289197446,-0.05903997605489759,0.9908761648854771,0.8636181375634132,0.1883544180851322,0.14542408275259208,0.0825340553140859,0.04814488769176588,-0.05936262855337529,0.04481119902190324,0.02564765876152005,0.06671052846050124,0.038170848001336466,1.88811713955566,0.04824175983871383,2.0020120962285373,-0.026788679706519186,10,-0.006903907880685851,0.8479385664466969,26,0.09119442145194119,0.04304953376017531,50,-0.009763645994563029,0.7883910466512133,126,0.07655806048889856,0.02841317279713268
STRESS_PREVALENCE_SEEN_NOT_BLIND,0050,0050_VOLATILITY20,LOW,TWO_STAGE_TOP5,420,418,84,10,138,5.0,42.0,0.37320574162679426,0.3133971291866029,0.20813397129186603,0.05128028830311466,0.09242466337398407,0.05858948353877358,-0.04959117085222133,-0.08718888886140287,1.0600509374641083,-2.4361853204807833e-05,0.0020165020359849167,-0.0015887343838224119,-0.0005435332178108691,0.0022907415043268904,-0.0035098461103414387,-0.05743951110484075,1.0564913283112296,0.9196523145773421,0.1883544180851322,0.14542408275259208,0.0825340553140859,0.04814488769176588,-0.05936262855337529,0.04179787860955031,0.02564765876152005,0.06270898888928748,0.038170848001336466,1.9814015801748446,0.04427977568221819,1.9197191603334298,-0.02782626030802758,2,-0.004375914026531671,0.9003055171080147,5,0.08721160288216635,0.039066715190400475,9,-0.007344070158791184,0.8354987741303553,21,0.07577491498269966,0.02763002729093378
