time_slice_type,time_slice,model,top_k,primary_opportunity_pool,observations,evaluable_observations,unique_dates,unique_months,unique_stocks,candidates_per_day,candidates_per_month,winner_rate,plus10_before_minus5_rate,plus15_before_minus5_rate,mfe5_mean,mfe10_mean,mfe10_median,mae5_mean,mae10_mean,mfe_abs_mae,day1_return,day3_return,day5_return,day10_return,gross_mean,net_mean,median_net_return,gross_profit_factor,net_profit_factor,universe_winner_rate,universe_plus10_rate,universe_plus15_rate,universe_mfe10_mean,universe_mae10_mean,signal_volatility20_mean,universe_volatility20_mean,signal_atr20_mean,universe_atr20_mean,winner_rate_lift,mfe10_lift_difference,mfe10_lift_multiple,mae10_improvement_vs_universe,top1_positive_net_removed_count,top1_removed_net_mean,top1_removed_net_pf,top1_extreme_mfe_removed_count,top1_extreme_mfe_removed_mean,top1_extreme_mfe_removed_lift,top5_positive_net_removed_count,top5_removed_net_mean,top5_removed_net_pf,top5_extreme_mfe_removed_count,top5_extreme_mfe_removed_mean,top5_extreme_mfe_removed_lift,mean_daily_mfe_ic,median_daily_mfe_ic,mfe_ic_positive_day_rate,mean_daily_plus8_ic,mean_daily_plus10_ic,mean_daily_top30_mfe_spread,mean_daily_top30_plus8_spread
PERIOD,HISTORICAL_DISCOVERY,LINEAR_RIDGE_MFE10,10,False,7350,7302,735,36,513,10.0,204.16666666666666,0.37277458230621746,0.327307586962476,0.23897562311695425,0.06267599715947803,0.11218982831144811,0.06841575770411945,-0.05597836333123655,-0.08611931498892832,1.3027255073483976,-0.003522410122298503,0.002256498174396295,0.007895406555721095,0.020125408057707257,-0.00032895894142151373,-0.0061138704711451546,-0.05969487444813107,0.9926152352927533,0.871888159442247,0.20566689197829702,0.15389088827587888,0.0798029436660029,0.05093999396166771,-0.050922931331215615,0.050947465242637664,0.02794361487736817,0.0754490947806873,0.04095125973769815,1.8125162427482713,0.0612498343497804,2.202391865139812,-0.0351963836577127,30,-0.0068740122477726606,0.8565517084016823,74,0.10532712413625618,0.054387130174588474,148,-0.009803814332004352,0.7987317723737137,366,0.08770254431311195,0.03676255035144424,,,,,,,
PERIOD,HISTORICAL_DISCOVERY,LINEAR_RIDGE_MFE10,20,False,14700,14614,735,36,628,20.0,408.3333333333333,0.362118516491036,0.313261256329547,0.21910496783905845,0.058278062729515766,0.10496204926894126,0.06451612903225823,-0.05285969112367472,-0.08211558471037375,1.278223246405031,-0.0035577678037783593,0.001594704173536739,0.006885950574053029,0.017941694483733422,-0.000757835830678103,-0.006540252876053342,-0.05903997605489765,0.9826461687633504,0.860447835290805,0.20566689197829702,0.15389088827587888,0.0798029436660029,0.05093999396166771,-0.050922931331215615,0.04972151688359169,0.02794361487736817,0.07336227707400834,0.04095125973769815,1.7607039859835512,0.05402205530727355,2.0605037634657966,-0.031192653379158136,59,-0.0072875312129341155,0.8451306157011355,147,0.09825562074778653,0.04731562678611882,294,-0.010185900306563201,0.7870314993664198,731,0.08163214337910651,0.030692149417438808,,,,,,,
PERIOD,HISTORICAL_DISCOVERY,LINEAR_RIDGE_MFE10,30,True,22050,21937,735,36,710,30.0,612.5,0.35123307653735697,0.299858686237863,0.20563431645165703,0.05466720961806812,0.09873434199949929,0.05990783410138256,-0.05113639650156463,-0.0799365142134015,1.235159463370074,-0.0035876345979332955,0.0007324849735841881,0.005218609580774094,0.014685216834081888,-0.001318744346892492,-0.007097842528103798,-0.058578264114997024,0.9692693346937196,0.8461190412360942,0.20566689197829702,0.15389088827587888,0.0798029436660029,0.05093999396166771,-0.050922931331215615,0.04852819446229069,0.02794361487736817,0.07157165208210405,0.04095125973769815,1.7077764591027165,0.047794348037831585,1.938248011450429,-0.02901358288218589,88,-0.007842903346173753,0.8306482394039478,220,0.0923010698400142,0.04136107587834649,438,-0.010711045423494627,0.7724214064349025,1097,0.07648773303816077,0.025547739076493062,0.18181442181995527,0.20323434400626508,0.8367346938775511,0.21493992692840716,0.2140177317601834,0.04764514428495239,0.14451741880375138
PERIOD,HISTORICAL_DISCOVERY,LINEAR_RIDGE_MFE10,50,False,36750,36604,735,36,823,50.0,1020.8333333333334,0.3329963938367392,0.2786034313189815,0.18716533712162606,0.04937574391353661,0.08988816216724015,0.05406896963188368,-0.0493532118645702,-0.07716258913635085,1.1649189480721345,-0.003977968957473644,-0.0009157218183085175,0.002465835543648866,0.010190949463733017,-0.0026526060595179705,-0.008423820480838623,-0.05811111519115298,0.9370742737514333,0.8144802605498612,0.20566689197829702,0.15389088827587888,0.0798029436660029,0.05093999396166771,-0.050922931331215615,0.04642360961474481,0.02794361487736817,0.06847336668299119,0.04095125973769815,1.619105489627755,0.03894816820557244,1.7645891798668232,-0.026239657805135236,144,-0.009159848564499761,0.7990641473977506,367,0.08367829277289256,0.03273829881122485,718,-0.011975998586820283,0.7414233737021045,1831,0.06887167174712627,0.017931677785458566,,,,,,,
PERIOD,RETROSPECTIVE_CONFIRMATION_NOT_BLIND_OOS,LINEAR_RIDGE_MFE10,10,False,4810,4782,481,24,455,10.0,200.41666666666666,0.3594730238393977,0.3099121706398996,0.2174822250104559,0.05262878641960309,0.09520381038166391,0.06170742493510062,-0.05068001589470839,-0.07650542882834266,1.2444059439922273,-0.0047338452601528025,-0.00023792063259167688,0.004549214622824317,0.015760046018905682,7.490529201723143e-05,-0.0057123709747387156,-0.058313308134883404,1.0017762115145654,0.8740056046624642,0.19030997090511814,0.14185595127866388,0.07422875318164737,0.04760372600485094,-0.04401110925836116,0.04703659687915782,0.025849446486206025,0.07063887226503127,0.0378061792461695,1.8888817129745574,0.04760008437681297,1.9999235011974148,-0.0324943195699815,20,-0.006487241641261878,0.8575131723813272,48,0.0895997021140688,0.04199597610921786,98,-0.00938919291858171,0.7971521541667017,240,0.07549524196297575,0.027891515958124807,,,,,,,
PERIOD,RETROSPECTIVE_CONFIRMATION_NOT_BLIND_OOS,LINEAR_RIDGE_MFE10,20,False,9620,9584,481,24,571,20.0,400.8333333333333,0.3561143572621035,0.30112687813021705,0.20273372287145242,0.05175241154933385,0.09108730388768886,0.05930528572385618,-0.047637225036650126,-0.07361266722842137,1.2373862721893147,-0.0034839556583813936,0.0007095833545780374,0.005127261840636663,0.013012208321866536,0.0008069975731025356,-0.004984500580027241,-0.05741107147155525,1.0196751829422115,0.8871920693233418,0.19030997090511814,0.14185595127866388,0.07422875318164737,0.04760372600485094,-0.04401110925836116,0.04613999035358439,0.025849446486206025,0.06902420804171705,0.0378061792461695,1.8712333125186047,0.04348357788283792,1.9134490413293874,-0.029601557970060213,40,-0.005749449237844104,0.8704230207256584,96,0.08572143308332145,0.03811770707847051,196,-0.008606202346617004,0.8092099110056328,480,0.07199039319284628,0.024386667187995342,,,,,,,
PERIOD,RETROSPECTIVE_CONFIRMATION_NOT_BLIND_OOS,LINEAR_RIDGE_MFE10,30,True,14430,14378,481,24,649,30.0,601.25,0.35025733759910976,0.293225761580192,0.19529837251356238,0.049773208577585,0.08817086341009393,0.05714285714285716,-0.04629767998616103,-0.07194347334666928,1.225557501029048,-0.00339395534600101,0.0005762707483392441,0.004241574404679205,0.011820736808758883,0.0006972337098542546,-0.0050934955562905145,-0.05720093822047212,1.0172179046083087,0.883399686789917,0.19030997090511814,0.14185595127866388,0.07422875318164737,0.04760372600485094,-0.04401110925836116,0.045305963250750994,0.025849446486206025,0.06762371576796057,0.0378061792461695,1.8404571023435012,0.040567137405242995,1.8521840790594648,-0.027932364088308126,59,-0.005845892615295035,0.8667249578174638,144,0.08294356760163907,0.03533984159678813,292,-0.008700871658460124,0.804864739339507,719,0.06959320548073948,0.021989479475888543,0.161178658005846,0.16040277544117773,0.8544698544698545,0.21821703618649668,0.2145230945705738,0.04048788140262552,0.15972088235104695
PERIOD,RETROSPECTIVE_CONFIRMATION_NOT_BLIND_OOS,LINEAR_RIDGE_MFE10,50,False,24050,23958,481,24,766,50.0,1002.0833333333334,0.3331663744886885,0.2764838467317806,0.18177644210702062,0.046636799820097496,0.08297805948850713,0.052189044688792485,-0.044922314643297254,-0.07007622722777845,1.1841113994164107,-0.0035376364645688494,-0.00041544789768029224,0.0027564457982373453,0.008805419400421264,-0.0005769634607685607,-0.0063601507802169355,-0.05709355746857869,0.9855788826770605,0.8529515221667393,0.19030997090511814,0.14185595127866388,0.07422875318164737,0.04760372600485094,-0.04401110925836116,0.04395699939301288,0.025849446486206025,0.0652908549182944,0.0378061792461695,1.7506511766259139,0.03537433348365619,1.7431000985101768,-0.026065117969417295,95,-0.007092134767781788,0.836678040440503,240,0.07788057071878485,0.03027684471393391,474,-0.0098991036081119,0.775658043741977,1198,0.06489917332507075,0.017295447320219814,,,,,,,
PERIOD,STRESS_PREVALENCE_SEEN_NOT_BLIND,LINEAR_RIDGE_MFE10,10,False,2430,2427,243,12,234,10.0,202.5,0.34610630407911,0.288421920065925,0.20107128141738773,0.05173195233450864,0.0926948040509711,0.062295081967213006,-0.052483987031891326,-0.08070338524961616,1.1485863172191029,-0.004544858978382364,-0.0012025083579907854,0.001714861085774064,0.012315652357944818,-0.003146460265298623,-0.00891482204381308,-0.06017956942576063,0.9275526608021065,0.8092147935523494,0.20333962689023227,0.15414595278100154,0.0815852834698862,0.050589212313723,-0.05011196303487763,0.04949403267138891,0.028068817168662535,0.0725314664194504,0.03992271864674934,1.7021094676540678,0.042105591737248094,1.8323037622356178,-0.030591422214738533,10,-0.00970285954330989,0.7932056652762136,25,0.08762561514105814,0.03703640282733514,47,-0.012498334876225741,0.7377041884819666,122,0.07398119053928628,0.023391978225563284,,,,,,,
PERIOD,STRESS_PREVALENCE_SEEN_NOT_BLIND,LINEAR_RIDGE_MFE10,20,False,4860,4853,243,12,315,20.0,405.0,0.3457655058726561,0.29322068823408204,0.19657943540078301,0.05090287684001049,0.09111116506061764,0.05861456483126126,-0.05013251813476522,-0.07803429951432708,1.167578431890577,-0.00334298091147318,-0.00015774104643033156,0.00240921718885656,0.011864585081996181,-0.002072677096783448,-0.007847086211592825,-0.059146240885426686,0.951052196749707,0.8280045432840976,0.20333962689023227,0.15414595278100154,0.0815852834698862,0.050589212313723,-0.05011196303487763,0.04812679121915882,0.028068817168662535,0.07045589250338165,0.03992271864674934,1.7004334627765831,0.04052195274689464,1.8009998751433913,-0.02792233647944945,19,-0.008586478855497758,0.8125350800814923,49,0.08605522687939242,0.03546601456566942,95,-0.011429217657760499,0.7543938705755133,243,0.07256353213702128,0.021974319823298283,,,,,,,
PERIOD,STRESS_PREVALENCE_SEEN_NOT_BLIND,LINEAR_RIDGE_MFE10,30,True,7290,7281,243,12,378,30.0,607.5,0.33800302156297213,0.2826534816646065,0.18678752918555144,0.04880297203493495,0.08832831210438193,0.05616438356164366,-0.04920053177831715,-0.07648767879663858,1.1548044533973192,-0.0036072105571023807,-0.0007687723470800495,0.001697830319841753,0.011262472422083019,-0.0024304079561358444,-0.008202852179612714,-0.0585520075504282,0.941881944639159,0.8181558313960419,0.20333962689023227,0.15414595278100154,0.0815852834698862,0.050589212313723,-0.05011196303487763,0.046850732451466835,0.028068817168662535,0.0685931344562885,0.03992271864674934,1.6622584920224845,0.037739099790658925,1.7459910535199554,-0.026375715761760947,29,-0.008953042548206665,0.8023158243385644,73,0.08316143490977689,0.032572222596053885,141,-0.011738544633804419,0.7448145375629408,365,0.06952969311647302,0.018940480802750015,0.1619911070817522,0.16224947740390488,0.8395061728395061,0.204258600574659,0.20069433668844552,0.03752528271755165,0.1334217765879618
PERIOD,STRESS_PREVALENCE_SEEN_NOT_BLIND,LINEAR_RIDGE_MFE10,50,False,12150,12137,243,12,472,50.0,1012.5,0.32050753893054296,0.26530444096564226,0.16931696465353877,0.045662283768451564,0.08232021275189387,0.05164835164835169,-0.047322584833821506,-0.0740047670699837,1.112363649142312,-0.003451056299164803,-0.0014725436474759014,0.00039537305121373895,0.007891338039259019,-0.0034447435989203427,-0.009211222948537576,-0.05810656248513968,0.9162426273448195,0.7927775837329438,0.20333962689023227,0.15414595278100154,0.0815852834698862,0.050589212313723,-0.05011196303487763,0.0450011420429795,0.028068817168662535,0.0656763169048034,0.03992271864674934,1.5762177979384255,0.03173100043817087,1.6272285925583272,-0.023892804035106067,47,-0.009942386206796945,0.7771949565987134,122,0.0771721506914181,0.026582938377695098,232,-0.012694932539295649,0.7198646699988942,607,0.06431286293420095,0.01372365062047795,,,,,,,
YEAR,2020,LINEAR_RIDGE_MFE10,10,False,2450,2429,245,12,221,10.0,204.16666666666666,0.4261012762453685,0.3804034582132565,0.28859613009468915,0.0735168195407576,0.13173674038166525,0.08423326133909304,-0.05084617682209116,-0.07826236308020734,1.68327067056044,-0.00045291346655369064,0.010096932284449302,0.02063507140673538,0.04273572014799195,0.010822490174391292,0.004973166300854893,-0.055481891681174005,1.2707872285025021,1.1161498024382375,0.22402529854783007,0.16989139932592684,0.09000124828361003,0.05542697008736245,-0.047211826113326076,0.05043202427621553,0.027300325544958357,0.0733872799794576,0.039371876850689165,1.9020230260038893,0.0763097702943028,2.3767624348584353,-0.031050536966881266,12,0.004114009078286814,1.0956092419003072,25,0.12463048875163714,0.06920351866427468,57,0.0009939713587084184,1.0226697397056868,122,0.10508491077243853,0.049657940685076084,,,,,,,
YEAR,2020,LINEAR_RIDGE_MFE10,20,False,4900,4860,245,12,301,20.0,408.3333333333333,0.40185185185185185,0.3530864197530864,0.25308641975308643,0.06512940737599879,0.11891267651204125,0.07429139236509164,-0.048668960250075555,-0.07565604980252072,1.5717537040650422,-0.002030415469751649,0.0073577346934869245,0.01605077837723664,0.03554248490477016,0.007350221774658014,0.001520828812826255,-0.05604901591488275,1.1825908407451273,1.0352108686386574,0.22402529854783007,0.16989139932592684,0.09000124828361003,0.05542697008736245,-0.047211826113326076,0.0491071642730677,0.027300325544958357,0.07114227930596194,0.039371876850689165,1.7937788921908535,0.0634857064246788,2.1453937735476862,-0.028444223689194643,22,0.0007197534606073135,1.0165886010886687,49,0.11191411274619446,0.056487142658832014,110,-0.0023596681948397993,0.9466044964562053,243,0.09366400156278756,0.038237031475425114,,,,,,,
YEAR,2020,LINEAR_RIDGE_MFE10,30,True,7350,7301,245,12,351,30.0,612.5,0.3837830434187098,0.3335159567182578,0.2325708807012738,0.059607056112702624,0.10961998056316072,0.06859205776173294,-0.04730937001141374,-0.07401475415700129,1.481055795046391,-0.002499339196678848,0.005153339880004066,0.01285662812905337,0.029788715392279223,0.005530782073589826,-0.00028799147081743194,-0.05600688912153467,1.1385927974481462,0.9932860627361337,0.22402529854783007,0.16989139932592684,0.09000124828361003,0.05542697008736245,-0.047211826113326076,0.04767273337368431,0.027300325544958357,0.06901353329223262,0.039371876850689165,1.7131236780241181,0.05419301047579827,1.9777371988831565,-0.026802928043675213,33,-0.0010970252906662087,0.9745406762929547,74,0.10289156556017696,0.047464595472814515,161,-0.004098924246219462,0.9065491172085318,366,0.08611300368634954,0.03068603359898709,0.20354584114139604,0.22942936265131464,0.8653061224489796,0.22482079218232784,0.2240928273971398,0.05380108702702992,0.15764108529611523
YEAR,2020,LINEAR_RIDGE_MFE10,50,False,12250,12189,245,12,440,50.0,1020.8333333333334,0.3606530478300107,0.30576749528263186,0.20920502092050208,0.05303032066656995,0.09832468472986977,0.06000000000000005,-0.04558977830245373,-0.0713781772695645,1.377517449885838,-0.0032452618733867815,0.0027413797631457675,0.0091715282796956,0.023605690768793673,0.0035150361935794615,-0.0022919308466641574,-0.05590340973150569,1.0894477850758568,0.9458809304323551,0.22402529854783007,0.16989139932592684,0.09000124828361003,0.05542697008736245,-0.047211826113326076,0.04534606854122176,0.027300325544958357,0.06570382432337442,0.039371876850689165,1.6098764298845927,0.04289771464250732,1.7739502010464063,-0.02416635115623842,53,-0.0030803371109022993,0.9275806619904782,122,0.09199253381546199,0.03656556372809954,262,-0.006043295971394777,0.8603677235859557,610,0.07664112775611356,0.021214157668751114,,,,,,,
YEAR,2021,LINEAR_RIDGE_MFE10,10,False,2440,2422,244,12,260,10.0,203.33333333333334,0.3893476465730801,0.3501238645747316,0.27663088356729976,0.07113657997210873,0.1274587881877954,0.07852386237513875,-0.05994459367602743,-0.0915892765968245,1.3916344022332254,-0.004590891334659312,0.004558575524343065,0.01177217621817893,0.02675998922140342,0.00043484452592016905,-0.005355106713262864,-0.06075266824247296,1.0094074685329542,0.8915786160316768,0.22823851953392735,0.17544706835316842,0.09703875630880429,0.05652432471557731,-0.05139075698800174,0.05372239890478642,0.029581941500188693,0.08125463623626304,0.04423680453226137,1.7058805295799515,0.0709344634722181,2.254936946688893,-0.040198519608822765,10,-0.006115931212556477,0.8766859465024165,25,0.12018993097416322,0.06366560625858592,50,-0.009147722787451951,0.8186154223174572,122,0.10140964371765225,0.044885319002074944,,,,,,,
YEAR,2021,LINEAR_RIDGE_MFE10,20,False,4880,4848,244,12,330,20.0,406.6666666666667,0.37995049504950495,0.33910891089108913,0.2625825082508251,0.06702370664120333,0.12110644820985875,0.07228915662650603,-0.05709088752871785,-0.08804996491700119,1.3754286935152977,-0.004483918068504844,0.003774822238456724,0.011076011218192348,0.02548145802610888,0.00038778300651633,-0.005401624573907166,-0.06001644754408247,1.0085992879249663,0.8881158556623098,0.22823851953392735,0.17544706835316842,0.09703875630880429,0.05652432471557731,-0.05139075698800174,0.05269010203372646,0.029581941500188693,0.07948600804565606,0.04423680453226137,1.6647080248565398,0.06458212349428144,2.1425545341629446,-0.03665920792899945,20,-0.006159963509869775,0.8729347081658193,49,0.11416982114844941,0.057645496432872104,98,-0.009090029195861313,0.8155237656013347,243,0.09624890218213478,0.03972457746655747,,,,,,,
YEAR,2021,LINEAR_RIDGE_MFE10,30,True,7320,7274,244,12,387,30.0,610.0,0.3740720373934561,0.3289799285125103,0.2464943634863899,0.06285607391225048,0.11466483349801337,0.06853345280764622,-0.05550654785375967,-0.08612050738125447,1.331446330087136,-0.004358690715925309,0.0023731643302785928,0.008692809901202223,0.021846659675884422,0.00032296700136193375,-0.005465881183043823,-0.05949637242466821,1.0073098341076328,0.8846182310800393,0.22823851953392735,0.17544706835316842,0.09703875630880429,0.05652432471557731,-0.05139075698800174,0.051858530703514115,0.029581941500188693,0.07821194897897159,0.04423680453226137,1.6389522599310886,0.05814050878243607,2.028592717825311,-0.03472975039325273,30,-0.006225233419505174,0.8691306964489606,73,0.107910356169388,0.051386031453810696,147,-0.009141592992976035,0.8109257659944492,364,0.09050675809840422,0.033982433382826915,0.1941991986756769,0.21341885248064446,0.8319672131147541,0.2200946998644002,0.2206162408049858,0.05796021134247731,0.1456257646000317
YEAR,2021,LINEAR_RIDGE_MFE10,50,False,12200,12137,244,12,462,50.0,1016.6666666666666,0.36359891241657744,0.3129274120458103,0.22872208947845432,0.057427247214376274,0.1059332148209678,0.0636160714285714,-0.05339048034416897,-0.0826967562665419,1.280983917670627,-0.00460873983507339,0.0007436979337534866,0.00600370632043174,0.01751556385072231,-0.00021930855981463148,-0.0060047341315556885,-0.058729364361699087,0.9949174593732903,0.8704753468499518,0.22823851953392735,0.17544706835316842,0.09703875630880429,0.05652432471557731,-0.05139075698800174,0.050261623347961616,0.029581941500188693,0.07563032272525685,0.04423680453226137,1.593065505152512,0.0494088901053905,1.8741173000121505,-0.03130599927854016,49,-0.006751378420928321,0.8549578577810603,122,0.09923546325301943,0.04271113853744213,243,-0.009632576184797653,0.7963812862828026,607,0.08250261954428587,0.02597829482870856,,,,,,,
YEAR,2022,LINEAR_RIDGE_MFE10,10,False,2460,2451,246,12,216,10.0,205.0,0.30354957160342716,0.2521419828641371,0.1525907792737658,0.04357200322381107,0.07773006893198231,0.05050505050505061,-0.05714518142002914,-0.088500501921592,0.8783008824158773,-0.005508516152680498,-0.0077884001507321525,-0.008560808069161223,-0.008838036922208536,-0.012135079667741737,-0.01785117693413129,-0.06195205706706507,0.7441234292631549,0.6495372116566532,0.16079299393706092,0.1124530843999615,0.04907131171205851,0.03988884024141701,-0.0537781993042699,0.048716178738237456,0.02651442286838009,0.07175555204171646,0.03835277613102303,1.8878283448235644,0.0378412286905653,1.948667057290734,-0.03472230261732211,9,-0.018571914199365856,0.6367262020965518,25,0.07275459023145704,0.03286574999004003,43,-0.021190200074243208,0.5912824503583288,123,0.06027366517715556,0.020384824935738545,,,,,,,
YEAR,2022,LINEAR_RIDGE_MFE10,20,False,4920,4906,246,12,285,20.0,410.0,0.305136567468406,0.24826742763962495,0.14247859763554832,0.042848707518392884,0.07518869124467834,0.04940218872921298,-0.05282995444899938,-0.0826503308193089,0.9097203907030537,-0.00415559818697767,-0.006268634739159955,-0.006333469957186221,-0.006944692613632003,-0.009921945101907645,-0.015650918798751974,-0.06083019356899538,0.7826226035581324,0.6813057965559485,0.16079299393706092,0.1124530843999615,0.04907131171205851,0.03988884024141701,-0.0537781993042699,0.047396619386505114,0.02651442286838009,0.06951012489344525,0.03835277613102303,1.8976981521212632,0.03529985100326132,1.88495556124515,-0.028872131515039007,18,-0.01636374500658829,0.6680133019241226,50,0.07027322677965114,0.03038438653823413,87,-0.018980055429265567,0.6203694229943088,246,0.05812284236863833,0.018234002127221316,,,,,,,
YEAR,2022,LINEAR_RIDGE_MFE10,30,True,7380,7362,246,12,344,30.0,615.0,0.29638685139907633,0.23770714479760935,0.13854930725346373,0.04167731310445646,0.07219882959614643,0.04680409426990284,-0.0506137993090524,-0.07969913359248541,0.905892276888614,-0.0039050731366842917,-0.005272807516549832,-0.0057887941888240075,-0.007368977434414486,-0.009733604540201928,-0.015463722641281472,-0.06024128578934775,0.7819530930684473,0.6784957984772451,0.16079299393706092,0.1124530843999615,0.04907131171205851,0.03988884024141701,-0.0537781993042699,0.046086039557272494,0.02651442286838009,0.06754765122052253,0.03835277613102303,1.8432821240650001,0.03230998935472942,1.8100007209831488,-0.025920934288215514,27,-0.016173839422215276,0.66496511215123,74,0.06746523949554223,0.027576399254125215,131,-0.01878192380557994,0.6164559727700306,369,0.05558293494712187,0.015694094705704854,0.14788725398845493,0.15774396419121822,0.8130081300813008,0.19992532862802806,0.19737105976840336,0.0312830209766391,0.13034776569431414
YEAR,2022,LINEAR_RIDGE_MFE10,50,False,12300,12278,246,12,438,50.0,1025.0,0.27528913503827984,0.2177064668512787,0.12420589672585111,0.03778861802943379,0.06565200175233664,0.041864210013856096,-0.04909846061450891,-0.07743445831578807,0.8478396205033035,-0.004081837706985505,-0.0061866770803318755,-0.0076884914133056315,-0.010367050746584094,-0.011180894313053075,-0.016902567326595223,-0.059685496339904644,0.7459344399283994,0.644149177649673,0.16079299393706092,0.1124530843999615,0.04907131171205851,0.03988884024141701,-0.0537781993042699,0.043699401719739135,0.02651442286838009,0.06414806747598598,0.03835277613102303,1.7120717034850166,0.025763161510919626,1.645873917491576,-0.023656259011518174,43,-0.01758283964334198,0.6311237796688717,123,0.0611467218848231,0.021257881643406085,214,-0.020137303460752033,0.5834373633837997,614,0.05005998568170191,0.010171145440284898,,,,,,,
YEAR,2023,LINEAR_RIDGE_MFE10,10,False,2390,2380,239,12,258,10.0,199.16666666666666,0.36512605042016805,0.3130252100840336,0.2092436974789916,0.05026065672125208,0.09115085699060337,0.06194690265486735,-0.04482809088070138,-0.06803147009856103,1.3398337101718951,-0.003172827631198086,0.0009772492984387508,0.006811215516684527,0.019125428524043992,0.003904099396116181,-0.0019051129988099554,-0.05639021009172254,1.0999954341868194,0.9547651034727667,0.18439071989771025,0.1365181110045593,0.06944093945052911,0.04619317696807214,-0.038511780502685215,0.04486284965986406,0.024075502568000416,0.06720180770300431,0.035221710351054265,1.980175849536895,0.04495768002253123,1.9732536918516155,-0.029519689595875816,11,-0.002736674967767465,0.9353208677985783,24,0.08618648830505184,0.0399933113369797,51,-0.005615592452047307,0.8695208935028216,119,0.07368848002840546,0.02749530306033332,,,,,,,
YEAR,2023,LINEAR_RIDGE_MFE10,20,False,4780,4768,239,12,333,20.0,398.3333333333333,0.36052852348993286,0.3013842281879195,0.19546979865771813,0.04982499772690806,0.08807176469329912,0.059030247001374825,-0.041794954696860585,-0.0649475221100898,1.3560450319261201,-0.0024434640804117864,0.0026103851207733486,0.007756473501631569,0.01735059286352145,0.0047277762005308215,-0.0010861526561476125,-0.05559521898614468,1.1257162260617153,0.9732880510549675,0.18439071989771025,0.1365181110045593,0.06944093945052911,0.04619317696807214,-0.038511780502685215,0.04396930524504424,0.024075502568000416,0.0655127826914615,0.035221710351054265,1.9552422361056678,0.041878587725226984,1.906596828232288,-0.02643574160740459,21,-0.001872734759386804,0.9541463445014142,48,0.0832561407159315,0.03706296374785936,103,-0.004770899761042897,0.8852030365057608,239,0.07082723698523659,0.02463406001716445,,,,,,,
YEAR,2023,LINEAR_RIDGE_MFE10,30,True,7170,7154,239,12,394,30.0,597.5,0.3500139781940173,0.2896281800391389,0.1888454011741683,0.04749436279049719,0.08475932088416942,0.05610158576833291,-0.04133254452187431,-0.06410525028376739,1.3221900001790028,-0.002825689997881875,0.0015370165789038092,0.006330814900374188,0.01582524038650376,0.0038629691149523696,-0.0019458101865242122,-0.055651110984940695,1.1030889226907952,0.9520465917045581,0.18439071989771025,0.1365181110045593,0.06944093945052911,0.04619317696807214,-0.038511780502685215,0.043005373741745526,0.024075502568000416,0.06390191056296445,0.035221710351054265,1.898219055645456,0.03856614391609728,1.834888320038119,-0.025593469781082172,31,-0.0027218660223367087,0.9332117967298323,72,0.08002814969887555,0.03383497273080341,151,-0.0055814697360044895,0.8653511116442781,358,0.06767167321259308,0.021478496244520945,0.16016722390441246,0.16040277544117773,0.8451882845188284,0.22216024600954842,0.2130885066928818,0.03813914327002996,0.16369756873121127
YEAR,2023,LINEAR_RIDGE_MFE10,50,False,11950,11922,239,12,493,50.0,995.8333333333334,0.3302298272101996,0.26941788290555274,0.17178325784264384,0.0438146693784629,0.07885273486565711,0.051063829787234116,-0.04005567002547634,-0.062287858807958243,1.2659406885179756,-0.003030321633905995,0.0004592052356432471,0.0040688156571951845,0.011998083054593184,0.002303810744308912,-0.0034959641384702655,-0.055635383045687894,1.0621570263184206,0.9131075561909447,0.18439071989771025,0.1365181110045593,0.06944093945052911,0.04619317696807214,-0.038511780502685215,0.04141663413283564,0.024075502568000416,0.06121554167753439,0.035221710351054265,1.7909243339002787,0.03265955789758497,1.7070212538132774,-0.023776078305273028,49,-0.004240427831020415,0.8950370400552268,120,0.07421239443728588,0.028019217469213736,245,-0.007080612288872732,0.8276274843303261,597,0.06224193439600202,0.016048757427929883,,,,,,,
YEAR,2024,LINEAR_RIDGE_MFE10,10,False,2420,2402,242,12,286,10.0,201.66666666666666,0.35387177352206495,0.30682764363030807,0.22564529558701082,0.05497522633720317,0.09921964263425512,0.06151443432314174,-0.05647834292773782,-0.08490177428083238,1.1686403903181464,-0.006280565475353562,-0.0014419607807400615,0.00230793147237165,0.012425487167020098,-0.0037192170925604132,-0.009484758144892939,-0.06004503086238817,0.9178460826359192,0.8045631903790944,0.19536350121729637,0.14641310514711692,0.07831632469854859,0.04880797503994923,-0.04870613309307634,0.04919043467346222,0.027363942045109852,0.07404445663539938,0.04001265636396723,1.8113504893038597,0.05041166759430589,2.032857182725652,-0.03619564118775605,10,-0.010277222720867393,0.7891157992989506,25,0.09297157586881455,0.04416360082886532,47,-0.013110577960113676,0.7351378811331196,121,0.07766100299497122,0.028853027955021995,,,,,,,
YEAR,2024,LINEAR_RIDGE_MFE10,20,False,4840,4816,242,12,370,20.0,403.3333333333333,0.35174418604651164,0.3008720930232558,0.20992524916943522,0.05366061526721718,0.09407278787416111,0.059434838580370686,-0.05342126676840189,-0.08219144877414496,1.1445568763809608,-0.004514076888397816,-0.00117227354351566,0.0025242549470270883,0.008717063493251371,-0.003074703526477631,-0.008843994537888136,-0.059798396221444325,0.9307363760860218,0.8144927442913636,0.19536350121729637,0.14641310514711692,0.07831632469854859,0.04880797503994923,-0.04870613309307634,0.048289040726823475,0.027363942045109852,0.07250063579711953,0.04001265636396723,1.8004600851992216,0.04526481283421188,1.9274060806079893,-0.03348531568106862,19,-0.00958561766385597,0.7997300553311237,49,0.08825806438582444,0.03945008934587521,94,-0.012415203303318648,0.7446676894644891,241,0.0733667116238787,0.024558736583929472,,,,,,,
YEAR,2024,LINEAR_RIDGE_MFE10,30,True,7260,7224,242,12,418,30.0,605.0,0.3504983388704319,0.2967884828349945,0.20168881506090808,0.05202997252565063,0.09154934835340288,0.05855855855855863,-0.051214703672693034,-0.07970574463570587,1.1485915948947978,-0.003956714246948448,-0.00037516552960357096,0.0021725784874308783,0.007855036560255718,-0.0024378259645743074,-0.0082106800988304,-0.059244345506565925,0.9439424161226297,0.8244063775622681,0.19536350121729637,0.14641310514711692,0.07831632469854859,0.04880797503994923,-0.04870613309307634,0.04758426022575447,0.027363942045109852,0.0713094569690323,0.04001265636396723,1.7940830128785632,0.04274137331345365,1.8757047035544894,-0.030999611542629535,29,-0.00896308489717527,0.80908494470032,73,0.08591039956319836,0.03710242452324913,141,-0.011772874829603073,0.7531394810136618,362,0.07161532658102394,0.022807351541074716,0.16217755366800554,0.15984927402698812,0.8636363636363636,0.2143227091298464,0.21593989830102175,0.04280750294680047,0.15579349373592588
YEAR,2024,LINEAR_RIDGE_MFE10,50,False,12100,12036,242,12,513,50.0,1008.3333333333334,0.3360751080093054,0.28348288467929544,0.19167497507477568,0.04943220021268371,0.08706431074753158,0.05350482403622503,-0.04974286442176693,-0.07779082745219658,1.119210498191881,-0.004040146219567399,-0.0012818166792923928,0.0014565061622706336,0.0056429953322061025,-0.003430452167393155,-0.009197209034030809,-0.05893407689625739,0.920081204743105,0.8011083470514915,0.19536350121729637,0.14641310514711692,0.07831632469854859,0.04880797503994923,-0.04870613309307634,0.046473303367076786,0.027363942045109852,0.06932756848229746,0.04001265636396723,1.7202553492092678,0.038256335707582356,1.783813212415996,-0.02908469435912024,46,-0.009915808470511113,0.7863880062967208,121,0.08160547390300828,0.03279749886305905,230,-0.01269295494241196,0.7307573613666295,602,0.0677413224650785,0.01893334742512927,,,,,,,
YEAR,2025,LINEAR_RIDGE_MFE10,10,False,2430,2427,243,12,234,10.0,202.5,0.34610630407911,0.288421920065925,0.20107128141738773,0.05173195233450864,0.0926948040509711,0.062295081967213006,-0.052483987031891326,-0.08070338524961616,1.1485863172191029,-0.004544858978382364,-0.0012025083579907854,0.001714861085774064,0.012315652357944818,-0.003146460265298623,-0.00891482204381308,-0.06017956942576063,0.9275526608021065,0.8092147935523494,0.20333962689023227,0.15414595278100154,0.0815852834698862,0.050589212313723,-0.05011196303487763,0.04949403267138891,0.028068817168662535,0.0725314664194504,0.03992271864674934,1.7021094676540678,0.042105591737248094,1.8323037622356178,-0.030591422214738533,10,-0.00970285954330989,0.7932056652762136,25,0.08762561514105814,0.03703640282733514,47,-0.012498334876225741,0.7377041884819666,122,0.07398119053928628,0.023391978225563284,,,,,,,
YEAR,2025,LINEAR_RIDGE_MFE10,20,False,4860,4853,243,12,315,20.0,405.0,0.3457655058726561,0.29322068823408204,0.19657943540078301,0.05090287684001049,0.09111116506061764,0.05861456483126126,-0.05013251813476522,-0.07803429951432708,1.167578431890577,-0.00334298091147318,-0.00015774104643033156,0.00240921718885656,0.011864585081996181,-0.002072677096783448,-0.007847086211592825,-0.059146240885426686,0.951052196749707,0.8280045432840976,0.20333962689023227,0.15414595278100154,0.0815852834698862,0.050589212313723,-0.05011196303487763,0.04812679121915882,0.028068817168662535,0.07045589250338165,0.03992271864674934,1.7004334627765831,0.04052195274689464,1.8009998751433913,-0.02792233647944945,19,-0.008586478855497758,0.8125350800814923,49,0.08605522687939242,0.03546601456566942,95,-0.011429217657760499,0.7543938705755133,243,0.07256353213702128,0.021974319823298283,,,,,,,
YEAR,2025,LINEAR_RIDGE_MFE10,30,True,7290,7281,243,12,378,30.0,607.5,0.33800302156297213,0.2826534816646065,0.18678752918555144,0.04880297203493495,0.08832831210438193,0.05616438356164366,-0.04920053177831715,-0.07648767879663858,1.1548044533973192,-0.0036072105571023807,-0.0007687723470800495,0.001697830319841753,0.011262472422083019,-0.0024304079561358444,-0.008202852179612714,-0.0585520075504282,0.941881944639159,0.8181558313960419,0.20333962689023227,0.15414595278100154,0.0815852834698862,0.050589212313723,-0.05011196303487763,0.046850732451466835,0.028068817168662535,0.0685931344562885,0.03992271864674934,1.6622584920224845,0.037739099790658925,1.7459910535199554,-0.026375715761760947,29,-0.008953042548206665,0.8023158243385644,73,0.08316143490977689,0.032572222596053885,141,-0.011738544633804419,0.7448145375629408,365,0.06952969311647302,0.018940480802750015,0.1619911070817522,0.16224947740390488,0.8395061728395061,0.204258600574659,0.20069433668844552,0.03752528271755165,0.1334217765879618
YEAR,2025,LINEAR_RIDGE_MFE10,50,False,12150,12137,243,12,472,50.0,1012.5,0.32050753893054296,0.26530444096564226,0.16931696465353877,0.045662283768451564,0.08232021275189387,0.05164835164835169,-0.047322584833821506,-0.0740047670699837,1.112363649142312,-0.003451056299164803,-0.0014725436474759014,0.00039537305121373895,0.007891338039259019,-0.0034447435989203427,-0.009211222948537576,-0.05810656248513968,0.9162426273448195,0.7927775837329438,0.20333962689023227,0.15414595278100154,0.0815852834698862,0.050589212313723,-0.05011196303487763,0.0450011420429795,0.028068817168662535,0.0656763169048034,0.03992271864674934,1.5762177979384255,0.03173100043817087,1.6272285925583272,-0.023892804035106067,47,-0.009942386206796945,0.7771949565987134,122,0.0771721506914181,0.026582938377695098,232,-0.012694932539295649,0.7198646699988942,607,0.06431286293420095,0.01372365062047795,,,,,,,
OVERALL,2020_2025,LINEAR_RIDGE_MFE10,10,False,14590,14511,1459,72,860,10.0,202.63888888888889,0.363930811108814,0.3150713252015712,0.22555302873682034,0.05753459005119585,0.10333161305265093,0.0652173913043479,-0.05364788653983771,-0.082045297685005,1.259445891090189,-0.0040926372743166125,0.0008559524098645655,0.005758980831878916,0.017380632483806592,-0.0006671022085116988,-0.006450025034927765,-0.05920646517760821,0.9846913390917708,0.8620920583104525,0.19963761561329713,0.1495077754527312,0.07804654303243369,0.04965560516208523,-0.04824817780430809,0.04941557540978112,0.027194213178637607,0.07337593868513297,0.039625695352509475,1.8229571115182859,0.053676007890565695,2.080965738215396,-0.03379711988069691,59,-0.007207112623786809,0.8465313065500715,146,0.09697946796430715,0.047323862802221915,293,-0.010122761304555299,0.7879354670658648,726,0.08115938892945826,0.03150378376737303,,,,,,,
OVERALL,2020_2025,LINEAR_RIDGE_MFE10,20,False,29180,29051,1459,72,999,20.0,405.27777777777777,0.3574059412756876,0.3059102956868955,0.20994113799869196,0.05489320100246222,0.09807093017504029,0.061855670103092786,-0.050681208954619555,-0.07862866728228363,1.247266850180193,-0.0034975366107095644,0.0010099527163958356,0.005557911610181873,0.015300256760351676,-0.00046123885716860676,-0.006245314050273125,-0.05846699203740052,0.9891658962484112,0.863562765976906,0.19963761561329713,0.1495077754527312,0.07804654303243369,0.04965560516208523,-0.04824817780430809,0.04827356142894012,0.027194213178637607,0.07144562229700477,0.039625695352509475,1.7902735422766796,0.048415325012955056,1.9750223535675042,-0.030380489477975538,117,-0.0069911911675581,0.8478831958131932,291,0.09193429418077291,0.04227868901868768,584,-0.009869246569349665,0.7887273699637244,1453,0.0767395718216605,0.027083966659575263,,,,,,,
OVERALL,2020_2025,LINEAR_RIDGE_MFE10,30,True,43770,43596,1459,72,1080,30.0,607.9166666666666,0.3487017157537389,0.2947976878612717,0.19907789705477566,0.052073773045839954,0.0935125785619174,0.0584215785148664,-0.04921727325382544,-0.07672440961088461,1.2188113148889075,-0.003527028401824196,0.00043023929319313997,0.004308374569288162,0.01316887368636517,-0.0008395327274548399,-0.006621355568564048,-0.058107472115923625,0.9799790104439675,0.8533488419961762,0.19963761561329713,0.1495077754527312,0.07804654303243369,0.04965560516208523,-0.04824817780430809,0.047185345548162644,0.027194213178637607,0.06977217471816428,0.039625695352509475,1.7466734146393659,0.04385697339983217,1.8832230169519586,-0.028476231806576525,174,-0.007361497229754754,0.8376067705611228,436,0.08758504428872069,0.037929439126635454,870,-0.010216600038338172,0.7782362430261047,2180,0.07291661917868354,0.02326101401659831,0.17170964603107938,0.17987184975193957,0.8430431802604523,0.21424083725020432,0.21197162187990695,0.04360006559593416,0.1476816579455007
OVERALL,2020_2025,LINEAR_RIDGE_MFE10,50,False,72950,72699,1459,72,1197,50.0,1013.1944444444445,0.33096741358203,0.2756846724164019,0.18240966175600765,0.04785316604628243,0.08634747464703846,0.052959501557632294,-0.047553996525989836,-0.07430008009186503,1.1621451085958179,-0.003744889756949462,-0.0008438168945845807,0.0022159454104798506,0.009350430156511956,-0.0021008230629827804,-0.007875192646383786,-0.05777729403857508,0.9491027821817246,0.8231764783485257,0.19963761561329713,0.1495077754527312,0.07804654303243369,0.04965560516208523,-0.04824817780430809,0.045373257662025115,0.027194213178637607,0.06695760429263545,0.039625695352509475,1.6578409462829986,0.036691869484953225,1.7389270428823507,-0.026051902287556945,285,-0.00860661220301511,0.8075113241672921,727,0.08061998505634482,0.03096437989425959,1424,-0.011411874541291122,0.7487855441405848,3635,0.06673344912282293,0.0170778439607377,,,,,,,
PERIOD,HISTORICAL_DISCOVERY,IC_WEIGHTED_MFE_RANK,10,False,7350,7299,735,36,565,10.0,204.16666666666666,0.36306343334703384,0.3094944512946979,0.21660501438553226,0.05671036406636034,0.10570398170247053,0.06666666666666665,-0.051281603491363154,-0.0814234075925375,1.2982013996692319,-0.002401884896028689,0.0007624638695608475,0.007316346186179368,0.017976724433371914,-7.817558029065742e-05,-0.005864134026303117,-0.058647976633981615,0.9981710936134774,0.8722677970853425,0.20566689197829702,0.15389088827587888,0.0798029436660029,0.05093999396166771,-0.050922931331215615,0.05606316712790881,0.02794361487736817,0.07941685805141639,0.04095125973769815,1.7652983902987462,0.05476398774080282,2.0750685950613317,-0.03050047626132188,30,-0.006624419369706543,0.8563003738892814,73,0.0993204599517877,0.04838046599012,149,-0.009552088936270244,0.7961843397620051,365,0.08365555788681348,0.03271556392514577,,,,,,,
PERIOD,HISTORICAL_DISCOVERY,IC_WEIGHTED_MFE_RANK,20,False,14700,14626,735,36,699,20.0,408.3333333333333,0.34336113769998633,0.2894844796936962,0.1973882127717763,0.0531289128533177,0.09744677886352525,0.05984555984555984,-0.05035836950630319,-0.0797035565102775,1.2226151897118898,-0.003413925487239933,3.9359287725928355e-06,0.004916647895270086,0.012979327453558303,-0.002324795708297209,-0.008097746069326919,-0.058621209947030115,0.9457909709355689,0.8244537997770341,0.20566689197829702,0.15389088827587888,0.0798029436660029,0.05093999396166771,-0.050922931331215615,0.053321001345523526,0.02794361487736817,0.07610832981840972,0.04095125973769815,1.6695012716787663,0.04650678490185754,1.9129719358988118,-0.02878062517906188,58,-0.008839905870568614,0.8091248973110253,147,0.09099503173721958,0.040055037775551874,288,-0.011684189608423065,0.7516930460159018,732,0.07561612695179161,0.024676132990123903,,,,,,,
PERIOD,HISTORICAL_DISCOVERY,IC_WEIGHTED_MFE_RANK,30,True,22050,21949,735,36,779,30.0,612.5,0.33851200510273816,0.2836575698209486,0.19189940316187526,0.05153076081194787,0.09374482911578283,0.056872037914691864,-0.04957085176302365,-0.07818180350489701,1.1990619928575965,-0.0034988560409061832,-0.0003424407575164848,0.004107380103477927,0.011396726429214313,-0.002297452966088917,-0.008070576819754583,-0.058383805805034925,0.9457812821453959,0.8231061129276748,0.20566689197829702,0.15389088827587888,0.0798029436660029,0.05093999396166771,-0.050922931331215615,0.05144831497412224,0.02794361487736817,0.07370339730330489,0.04095125973769815,1.64592366737598,0.04280483515411512,1.8402991799788142,-0.027258872173681392,87,-0.008813341354312148,0.8075916158694858,220,0.08740574652877475,0.036465752567107046,431,-0.011645758387895814,0.7497562785991301,1098,0.07221065394074022,0.021270659979072515,0.176308725264298,0.19237530467158231,0.8272108843537415,0.20486673880669828,0.20362786831760354,0.0425978147897852,0.13172261870892782
PERIOD,HISTORICAL_DISCOVERY,IC_WEIGHTED_MFE_RANK,50,False,36750,36598,735,36,885,50.0,1020.8333333333334,0.3264386032023608,0.2694956008525056,0.17771462921471118,0.04801701259718884,0.08657365663598211,0.05223880597014918,-0.04779552258957986,-0.07536470049316452,1.1487295254869916,-0.003648779235683365,-0.0007690685602785863,0.002312938517336153,0.007972070730143362,-0.002704663070866027,-0.008475455015821321,-0.05779682890378632,0.9347894684395244,0.8105352982562919,0.20566689197829702,0.15389088827587888,0.0798029436660029,0.05093999396166771,-0.050922931331215615,0.04854272355667046,0.02794361487736817,0.06983783340640352,0.04095125973769815,1.587219994732104,0.035633662674314406,1.6995223183797137,-0.0244417691619489,144,-0.009212458223167975,0.7948702478805315,366,0.08057406867743794,0.02963407471577023,717,-0.012025116578783843,0.7364507599705749,1830,0.06627245072562973,0.015332456763962027,,,,,,,
PERIOD,RETROSPECTIVE_CONFIRMATION_NOT_BLIND_OOS,IC_WEIGHTED_MFE_RANK,10,False,4810,4799,481,24,500,10.0,200.41666666666666,0.3632006668055845,0.30110439674932277,0.19629089393623672,0.05259293051269833,0.09142894500390304,0.062146892655367214,-0.04401041819055392,-0.070919451831347,1.289194186403605,-0.0019553146177946515,0.00305535975577157,0.007935202755803745,0.011623815104907462,0.003987030530198993,-0.0018223877149920024,-0.05661553064690106,1.1020330869954826,0.9568013141738707,0.19030997090511814,0.14185595127866388,0.07422875318164737,0.04760372600485094,-0.04401110925836116,0.052959156179288244,0.025849446486206025,0.07508329072656096,0.0378061792461695,1.9084689313870138,0.043825218999052104,1.9206258139244436,-0.02690834257298584,21,-0.0026096002785037514,0.9384115688338324,48,0.08626672276429183,0.03866299675944089,101,-0.005526714125158802,0.8717495140576903,240,0.07271984602572018,0.025116120020869243,,,,,,,
PERIOD,RETROSPECTIVE_CONFIRMATION_NOT_BLIND_OOS,IC_WEIGHTED_MFE_RANK,20,False,9620,9600,481,24,640,20.0,400.8333333333333,0.3414583333333333,0.27989583333333334,0.17572916666666666,0.04838539143210197,0.08567115604665258,0.056034482758620774,-0.04384504032591913,-0.06957085728722728,1.2314230323906215,-0.00233893798071817,0.0013424558122175257,0.004473933197364013,0.009459809369981885,0.0008714563008520556,-0.004919844119798813,-0.056977983496706894,1.022116088108746,0.8845148839187557,0.19030997090511814,0.14185595127866388,0.07422875318164737,0.04760372600485094,-0.04401110925836116,0.050463147267099086,0.025849446486206025,0.07200965146167133,0.0378061792461695,1.7942219827439962,0.038067430041801645,1.7996733288886353,-0.025559748028866125,39,-0.005661885242577677,0.8676366286703954,96,0.08056707746392262,0.032963351459071685,194,-0.008521917863953758,0.8040046545023072,480,0.06741348914366027,0.019809763138809333,,,,,,,
PERIOD,RETROSPECTIVE_CONFIRMATION_NOT_BLIND_OOS,IC_WEIGHTED_MFE_RANK,30,True,14430,14397,481,24,729,30.0,601.25,0.3284017503646593,0.26623602139334585,0.16684031395429602,0.04641393315834612,0.08212179601393996,0.05232558139534893,-0.043729153435106166,-0.06909160021308831,1.188593052710672,-0.003040458188496888,0.0001837487318812987,0.003274799225969334,0.007533323245560684,-0.0007286573664167433,-0.006510650834748546,-0.057021137261765144,0.9815943314169574,0.8480141036640134,0.19030997090511814,0.14185595127866388,0.07422875318164737,0.04760372600485094,-0.04401110925836116,0.048850408645370345,0.025849446486206025,0.0699713802298145,0.0378061792461695,1.7256150521319182,0.03451807000908902,1.7251127780537923,-0.025080490954727155,57,-0.007239861699183596,0.8316603960740582,144,0.07708052901582671,0.02947680301097577,285,-0.010063014824542194,0.7697373174468631,720,0.06427538598579657,0.016671659980945636,0.1558088553067504,0.16182644667043736,0.8461538461538461,0.2048744062644868,0.2002039929032919,0.03447335614725524,0.13795007782162175
PERIOD,RETROSPECTIVE_CONFIRMATION_NOT_BLIND_OOS,IC_WEIGHTED_MFE_RANK,50,False,24050,23987,481,24,844,50.0,1002.0833333333334,0.3158794346937925,0.25697252678534205,0.16167090507358153,0.043971651345041836,0.07844831892241064,0.048872180451127845,-0.04309887954704496,-0.06784204592825922,1.1563377526286163,-0.0033802872107578405,-0.0005925016047016558,0.001806272818899012,0.006069253370029159,-0.0015885656944943122,-0.007365489856602444,-0.05675704221971145,0.9594767436765744,0.8266210235286249,0.19030997090511814,0.14185595127866388,0.07422875318164737,0.04760372600485094,-0.04401110925836116,0.04646976175589553,0.025849446486206025,0.06687647387249558,0.0378061792461695,1.6598154746777765,0.0308445929175597,1.6479449300757794,-0.023830936669898065,94,-0.008091972434508238,0.8102665334283566,240,0.07342929902437996,0.02582557301952902,467,-0.010867153477341724,0.7491743294337769,1200,0.0609435679767644,0.013339841971913464,,,,,,,
PERIOD,STRESS_PREVALENCE_SEEN_NOT_BLIND,IC_WEIGHTED_MFE_RANK,10,False,2430,2430,243,12,268,10.0,202.5,0.3366255144032922,0.28353909465020577,0.18395061728395062,0.049856589545985056,0.0897338687391477,0.05797101449275355,-0.047170020287444936,-0.07542830669724924,1.1896577381660902,-0.002416543853895552,0.0008102663176705765,0.0031462073089122897,0.012124520247446063,-0.0036193803177728633,-0.009384809692661129,-0.059060142270885116,0.9149235394894389,0.7953959245764121,0.20333962689023227,0.15414595278100154,0.0815852834698862,0.050589212313723,-0.05011196303487763,0.05300472491375706,0.028068817168662535,0.074745143076658,0.03992271864674934,1.6554840763281764,0.039144656425424695,1.7737747759872946,-0.025316343662371614,10,-0.010175035801648129,0.7790806035564684,25,0.08450185547624799,0.033912643162524986,47,-0.012966526341912575,0.7227763833078326,122,0.07111380700653638,0.020524594692813383,,,,,,,
PERIOD,STRESS_PREVALENCE_SEEN_NOT_BLIND,IC_WEIGHTED_MFE_RANK,20,False,4860,4853,243,12,354,20.0,405.0,0.32722027611786525,0.2726148773954255,0.17453121780342057,0.048003094088682204,0.08641410937287548,0.05528455284552858,-0.04735108399064202,-0.07446092611398061,1.160529607711266,-0.0033773927085833043,-0.0008141274982705029,0.002683786686365783,0.010296821003566646,-0.003967560118844687,-0.009730860948768075,-0.05856612209234213,0.9054452880088012,0.7852098959114602,0.20333962689023227,0.15414595278100154,0.0815852834698862,0.050589212313723,-0.05011196303487763,0.05095402628725373,0.028068817168662535,0.07191211351173811,0.03992271864674934,1.6092302377170526,0.03582489705915248,1.7081528930908951,-0.024348963079102982,19,-0.01047527074836765,0.7696837327375664,49,0.08127227513154453,0.03068306281782153,92,-0.013212532608148147,0.7138874130685896,243,0.06801588160797345,0.01742666929425045,,,,,,,
PERIOD,STRESS_PREVALENCE_SEEN_NOT_BLIND,IC_WEIGHTED_MFE_RANK,30,True,7290,7283,243,12,415,30.0,607.5,0.3203350267746808,0.2659618289166552,0.1691610600027461,0.04614752410065747,0.08367876605906338,0.05291005291005302,-0.04694297612788422,-0.0734522986412007,1.1392259685134818,-0.003581926784616264,-0.0012531653890142972,0.0014232951583486135,0.008891168876794557,-0.003783737292213673,-0.009547974571876838,-0.0582870188943713,0.9082524830047684,0.785789773354945,0.20333962689023227,0.15414595278100154,0.0815852834698862,0.050589212313723,-0.05011196303487763,0.04944549180043336,0.028068817168662535,0.06996583701765177,0.03992271864674934,1.5753694037591872,0.03308955374534038,1.6540831974243726,-0.023340335606323072,28,-0.010276201903194617,0.7703382433535665,73,0.0786721144291771,0.028082902115454098,139,-0.01303074429193986,0.7132329125538555,365,0.06563967128008091,0.015050458966357913,0.1570808522596874,0.1637135421882737,0.8395061728395061,0.19457761955714506,0.19018298597742855,0.03282949216494272,0.1156175099969775
PERIOD,STRESS_PREVALENCE_SEEN_NOT_BLIND,IC_WEIGHTED_MFE_RANK,50,False,12150,12134,243,12,512,50.0,1012.5,0.3139113235536509,0.25745838140761496,0.15946925993077304,0.04408238450449426,0.07998888380520976,0.050000000000000044,-0.045901917413047374,-0.07174593382651816,1.1148908312856178,-0.0034795453925645045,-0.0018588261988751152,0.00022006343099981263,0.007299373460396122,-0.0034949935322259257,-0.009260949371834633,-0.05747276238122774,0.9131678244527736,0.787555343462212,0.20333962689023227,0.15414595278100154,0.0815852834698862,0.050589212313723,-0.05011196303487763,0.04704322014176226,0.028068817168662535,0.06678223853400643,0.03992271864674934,1.5437783985071831,0.029399671491486756,1.5811450731663537,-0.021633970791640526,46,-0.009973513256622827,0.7720765909213289,122,0.07498382925023053,0.024394616936507532,230,-0.012682452365288052,0.7145812699241791,607,0.06244607008793587,0.011856857774212873,,,,,,,
YEAR,2020,IC_WEIGHTED_MFE_RANK,10,False,2450,2425,245,12,234,10.0,204.16666666666666,0.37608247422680413,0.3265979381443299,0.23010309278350516,0.0594394902470461,0.11366186481467214,0.07098765432098775,-0.0498780525719951,-0.07826064398186354,1.4523502367423993,-0.0022721664877326966,0.00227119587937183,0.01174185594558329,0.03180349637094562,0.0022112374090331502,-0.0035880385855593063,-0.05717203577104504,1.052921059493801,0.9199754907219321,0.22402529854783007,0.16989139932592684,0.09000124828361003,0.05542697008736245,-0.047211826113326076,0.05542601553289661,0.027300325544958357,0.07709479809662832,0.039371876850689165,1.678750019147991,0.05823489472730969,2.0506598977992385,-0.031048817868537464,11,-0.004408937979568736,0.9021129078729819,25,0.1069522297071089,0.051525259619746445,52,-0.007343713069404641,0.839724326649913,122,0.0903401819321875,0.03491321184482505,,,,,,,
YEAR,2020,IC_WEIGHTED_MFE_RANK,20,False,4900,4865,245,12,328,20.0,408.3333333333333,0.36012332990750257,0.3114080164439877,0.2182939362795478,0.05715222143809381,0.10728312285617343,0.0644171779141105,-0.048025532528704985,-0.0751141335560359,1.4282681271446624,-0.003066704675114542,0.0030532279386589084,0.011239423803510496,0.028049686238044484,0.0015342401866547126,-0.004261128038365677,-0.0568648254141448,1.0373497002578347,0.903567866845717,0.22402529854783007,0.16989139932592684,0.09000124828361003,0.05542697008736245,-0.047211826113326076,0.05253566753294194,0.027300325544958357,0.07367458131015897,0.039371876850689165,1.607511884782134,0.05185615276881098,1.935576176851752,-0.02790230744270982,21,-0.005051535947483256,0.8861738812683287,49,0.10021562893964399,0.04478865885228154,102,-0.007971695629958038,0.8233776596882783,244,0.08328864441406128,0.02786167432669883,,,,,,,
YEAR,2020,IC_WEIGHTED_MFE_RANK,30,True,7350,7301,245,12,382,30.0,612.5,0.36145733461169705,0.3098205725243117,0.2132584577455143,0.05548181758989129,0.10370076952185076,0.062200956937799035,-0.04706796899539702,-0.07362143542638644,1.4085676124250583,-0.003001563172150483,0.0027789480177818947,0.010654005611117257,0.026123932664350993,0.0026608289309524628,-0.003141197611913975,-0.05640607644403567,1.0662234790753358,0.9273877275474142,0.22402529854783007,0.16989139932592684,0.09000124828361003,0.05542697008736245,-0.047211826113326076,0.05043714537109624,0.027300325544958357,0.07112910733372664,0.039371876850689165,1.61346659040173,0.048273799434488306,1.8709442236947191,-0.026409609313060363,31,-0.003916557193287226,0.9098488429152489,74,0.09680116630096096,0.04137419621359851,155,-0.006868871027143583,0.8445893434068839,366,0.08019834120850965,0.024771371121147197,0.1982102624949811,0.2171720370860903,0.8612244897959184,0.2122158228055531,0.2114054776276142,0.04774065121147674,0.1351257912748395
YEAR,2020,IC_WEIGHTED_MFE_RANK,50,False,12250,12181,245,12,465,50.0,1020.8333333333334,0.34808308020687956,0.2932435760610787,0.19604301781462935,0.051235965670699685,0.09469948090835317,0.05681818181818166,-0.04485061618835408,-0.07034507050490739,1.346213462132315,-0.0031424968441965072,0.00239114859559491,0.008332002996299055,0.021695641276307156,0.0026891473685438996,-0.0031129742627056087,-0.055695990974993094,1.0689250698155088,0.9260289364585221,0.22402529854783007,0.16989139932592684,0.09000124828361003,0.05542697008736245,-0.047211826113326076,0.04723549945584907,0.027300325544958357,0.0670297355608988,0.039371876850689165,1.5537668400096465,0.03927251082099072,1.7085451497545416,-0.023133244391581313,52,-0.003889583124315967,0.9079695717443474,122,0.0883774558707446,0.032950485783382145,260,-0.00684814245470686,0.8407465448212672,610,0.07318563540816307,0.017758665320800622,,,,,,,
YEAR,2021,IC_WEIGHTED_MFE_RANK,10,False,2440,2422,244,12,272,10.0,203.33333333333334,0.37696118909991744,0.3232865400495458,0.2506193228736581,0.06188781764204108,0.11823897952695842,0.07272492731476432,-0.05375076769028204,-0.08574422207360798,1.3789731443998057,-0.002708194602975987,0.0017248820731895465,0.010278314045444265,0.022199906480737566,0.001623025403351447,-0.004173127299870574,-0.059123258689158964,1.0376415980710436,0.909791341413829,0.22823851953392735,0.17544706835316842,0.09703875630880429,0.05652432471557731,-0.05139075698800174,0.05950462333282185,0.029581941500188693,0.0857378008612403,0.04423680453226137,1.6516107354257643,0.06171465481138111,2.0918247165608936,-0.03435346508560624,10,-0.0049398646381232925,0.8936580045957815,25,0.111291917696954,0.05476759298137669,50,-0.007937181460016807,0.8319674387968939,122,0.09457312191584101,0.038048797200263704,,,,,,,
YEAR,2021,IC_WEIGHTED_MFE_RANK,20,False,4880,4851,244,12,361,20.0,406.6666666666667,0.3623995052566481,0.30715316429602146,0.22820037105751392,0.05805658276783893,0.10778169743065726,0.06611570247933884,-0.053175116351119794,-0.08418702868345404,1.280264894915343,-0.00372490558624813,0.0006355808497437616,0.0069540436893311365,0.015742101516161698,-0.000531893889465104,-0.0063154196782657605,-0.058945022602384135,0.9877468911129499,0.8645187516973611,0.22823851953392735,0.17544706835316842,0.09703875630880429,0.05652432471557731,-0.05139075698800174,0.05695655284491861,0.029581941500188693,0.08273163049995583,0.04423680453226137,1.5878104449533021,0.05125737271507995,1.906819727135177,-0.0327962716954523,20,-0.007084171177131838,0.8486537087482126,49,0.10120879059232908,0.044684465876751775,97,-0.009974687066521288,0.7902972354760421,243,0.08500619813434462,0.028481873418767317,,,,,,,
YEAR,2021,IC_WEIGHTED_MFE_RANK,30,True,7320,7280,244,12,422,30.0,610.0,0.3600274725274725,0.30425824175824173,0.22280219780219782,0.056809839911569515,0.10441551422397774,0.0632057738602797,-0.05265471651118459,-0.0830886651407146,1.256675793829942,-0.003995918611062773,0.0003197274992743465,0.006210680405861717,0.0144182626683577,-0.0006746968530000063,-0.0064573288561197454,-0.05891153283668264,0.9843782343310842,0.8608726029728584,0.22823851953392735,0.17544706835316842,0.09703875630880429,0.05652432471557731,-0.05139075698800174,0.05540391370509492,0.029581941500188693,0.08071878915264442,0.04423680453226137,1.577417664917665,0.047891189508400434,1.8472669023359831,-0.03169790815271286,29,-0.007198699639841125,0.8455171281240766,73,0.0978569755712902,0.04133265085571289,145,-0.010102688799636274,0.786666367259203,364,0.08163652747626635,0.02511220276068904,0.18447749070817573,0.20539713410192081,0.8114754098360656,0.2082649860671937,0.20761338688807468,0.047679325334801244,0.13152881717210635
YEAR,2021,IC_WEIGHTED_MFE_RANK,50,False,12200,12135,244,12,515,50.0,1016.6666666666666,0.3547589616810878,0.2993819530284302,0.21277297074577667,0.05454138662736705,0.0988391981141799,0.05976095617529875,-0.05094917921333616,-0.08042865949149472,1.2289052029349326,-0.003968920442223542,0.0005118377387690988,0.004813766585470543,0.011683879757049355,-0.0004881588943934172,-0.006271917175593517,-0.058222912684283444,0.9884449806442951,0.8620612694387616,0.22823851953392735,0.17544706835316842,0.09703875630880429,0.05652432471557731,-0.05139075698800174,0.052830602046164014,0.029581941500188693,0.07733839056823526,0.04423680453226137,1.554334309587709,0.0423148733986026,1.748613514827913,-0.02903790250349298,49,-0.007020715811348673,0.846216368132739,122,0.09249787601338527,0.035973551297807965,242,-0.009892823308253472,0.7867653385878635,607,0.07679509321781142,0.02027076850223411,,,,,,,
YEAR,2022,IC_WEIGHTED_MFE_RANK,10,False,2460,2452,246,12,228,10.0,205.0,0.33646003262642743,0.27895595432300163,0.16965742251223492,0.04889718154251787,0.08545209292677784,0.05797960577673689,-0.05023074512663474,-0.08028339498353737,1.0643806598400622,-0.0022276128853808207,-0.0016802979628128642,1.3839121866931439e-05,0.00013069308454001955,-0.004022765825597106,-0.009785483836753104,-0.0596026572805915,0.9071506932197295,0.7901178267018355,0.16079299393706092,0.1124530843999615,0.04907131171205851,0.03988884024141701,-0.0537781993042699,0.053293952482560206,0.02651442286838009,0.075469742188842,0.03835277613102303,2.092504308727081,0.04556325268536083,2.142255638659858,-0.02650519567926747,10,-0.010548514050327014,0.7746748192491555,25,0.08022127025587374,0.04033243001445672,47,-0.013280511799859765,0.7206152636445982,123,0.06756421165685425,0.027675371415437237,,,,,,,
YEAR,2022,IC_WEIGHTED_MFE_RANK,20,False,4920,4910,246,12,302,20.0,410.0,0.3079429735234216,0.25030549898167004,0.14623217922606924,0.04427402018116326,0.07748985350845583,0.05134107491521933,-0.049886926115633105,-0.0798213200867146,0.9707914304633655,-0.0034507207602951805,-0.003641464303351247,-0.0033610938136056246,-0.004682487712269462,-0.007919821441921573,-0.013660111047669914,-0.06001250277004931,0.8206578751475827,0.7128543921750312,0.16079299393706092,0.1124530843999615,0.04907131171205851,0.03988884024141701,-0.0537781993042699,0.050507271951357326,0.02651442286838009,0.07197605993785157,0.03835277613102303,1.9151516865464888,0.03760101326703882,1.9426449362645866,-0.026043120782444695,18,-0.014361494207304756,0.6992175230415834,50,0.07253713535997375,0.032648295118556735,89,-0.017014554402465926,0.648824534367865,246,0.060243178048939146,0.020354337807522133,,,,,,,
YEAR,2022,IC_WEIGHTED_MFE_RANK,30,True,7380,7368,246,12,376,30.0,615.0,0.2945168295331162,0.23737785016286644,0.14020086862106407,0.04239960427272275,0.07333618246915405,0.048266109198229046,-0.049003942387321996,-0.07785244609887823,0.9419894446991659,-0.0035005009545931273,-0.004089705192626515,-0.004457893923751812,-0.006182008172264615,-0.008814021998877519,-0.01454911139789056,-0.05966934970439573,0.7985002691189993,0.6916678382222273,0.16079299393706092,0.1124530843999615,0.04907131171205851,0.03988884024141701,-0.0537781993042699,0.048541934750209605,0.02651442286838009,0.06932267504552789,0.03835277613102303,1.8316521281294051,0.033447342227737036,1.8385137804284493,-0.02407424679460833,27,-0.015256662353058075,0.6778578888391269,74,0.0685812017128538,0.028692361471436785,132,-0.017885032947879968,0.6277617101726364,369,0.0566904846934935,0.016801644452076485,0.1463938659560723,0.14647425151226612,0.8089430894308943,0.19413327794432964,0.19188100785985834,0.032435686756052115,0.12852550609240776
YEAR,2022,IC_WEIGHTED_MFE_RANK,50,False,12300,12282,246,12,484,50.0,1025.0,0.27699071812408405,0.2164142647777235,0.12489822504478099,0.0383782447870074,0.06639591593416787,0.042208157524613155,-0.04760030045507801,-0.07533970215756958,0.8812872102321803,-0.0038345887348965532,-0.005168873405958339,-0.006127525008560113,-0.009306028550456327,-0.010244093387096887,-0.01597100213720766,-0.059250770068472874,0.7626186328032832,0.6575357802478464,0.16079299393706092,0.1124530843999615,0.04907131171205851,0.03988884024141701,-0.0537781993042699,0.045602639800124384,0.02651442286838009,0.0652120541112777,0.03835277613102303,1.7226541489270752,0.026507075692750855,1.6645235993907959,-0.021561502853299677,44,-0.016666671829440476,0.6438989323209169,123,0.06181401323028176,0.021925172988864747,216,-0.019236491081617037,0.5947685726838905,615,0.05074307367686812,0.010854233435451104,,,,,,,
YEAR,2023,IC_WEIGHTED_MFE_RANK,10,False,2390,2382,239,12,283,10.0,199.16666666666666,0.38455079764903444,0.3144416456759026,0.20486985726280438,0.052623929439038805,0.09358796288392134,0.06601379178239641,-0.03957011650909035,-0.0630093750331586,1.4853021924859722,-0.0011020644831331301,0.004856557969887355,0.010702193675517252,0.019551063700323806,0.010915138220315652,0.005065405485924022,-0.027065069943449264,1.3108176906426892,1.1332688930094974,0.18439071989771025,0.1365181110045593,0.06944093945052911,0.04619317696807214,-0.038511780502685215,0.05013926445145744,0.024075502568000416,0.07084867164850789,0.035221710351054265,2.085521428965416,0.0473947859158492,2.0260126933596188,-0.024497594530473378,11,0.004266690446136442,1.111736613872281,24,0.08885848288303752,0.04266530591496538,55,0.0011793500139592361,1.0303118132480547,120,0.07603511359365668,0.029841936625584542,,,,,,,
YEAR,2023,IC_WEIGHTED_MFE_RANK,20,False,4780,4769,239,12,391,20.0,398.3333333333333,0.3516460473893898,0.2853847766827427,0.17802474313273223,0.04774120007329175,0.08564388077672581,0.05882352941176472,-0.04002141166351344,-0.06230252705191115,1.3746453768298417,-0.001868852797334011,0.0025693556086635815,0.006639942239571812,0.01517441966244978,0.006286299557500604,0.00046353187720802626,-0.04371787932999229,1.175325825082565,1.0119185340027805,0.18439071989771025,0.1365181110045593,0.06944093945052911,0.04619317696807214,-0.038511780502685215,0.04760699244884089,0.024075502568000416,0.06775386769696988,0.035221710351054265,1.9070702017133159,0.039450703808653675,1.8540374660942083,-0.023790746549225937,21,-0.00031733709393776555,0.9918764199958088,48,0.08085830408002984,0.0346651271119577,104,-0.003292874139879208,0.9171785764688379,239,0.06845854759404357,0.022265370625971434,,,,,,,
YEAR,2023,IC_WEIGHTED_MFE_RANK,30,True,7170,7154,239,12,457,30.0,597.5,0.33463796477495106,0.26740285155157956,0.1666200726866089,0.04528257225594911,0.0808215659907772,0.05352368220015269,-0.03995548722029502,-0.061866669108971255,1.3063830193996544,-0.002847470803948825,0.0013651461958325874,0.005191855497172824,0.012272027303561863,0.0038641296324148813,-0.0019444636249776788,-0.05046907647141708,1.106447601053528,0.9506625534739592,0.18439071989771025,0.1365181110045593,0.06944093945052911,0.04619317696807214,-0.038511780502685215,0.04607301070031543,0.024075502568000416,0.06569956516324887,0.035221710351054265,1.814830838344737,0.034628389022705056,1.7496429407018173,-0.02335488860628604,31,-0.002723180832798703,0.9312033429495085,72,0.0760946643222102,0.029901487354138057,151,-0.00562210614603571,0.860359602345036,358,0.06409969526781895,0.017906518299746807,0.15603128794629892,0.16385921498740344,0.8284518828451883,0.20932879321264286,0.19974571253864998,0.03423826365914008,0.14845686272438205
YEAR,2023,IC_WEIGHTED_MFE_RANK,50,False,11950,11928,239,12,559,50.0,995.8333333333334,0.32075788061703553,0.25653923541247486,0.1567739771965124,0.042923795328562296,0.07647347264009767,0.04951034383679731,-0.038859719995204205,-0.060460188737487805,1.2648566641453596,-0.0028224606270062834,0.0008270588566429343,0.004004705015508903,0.010545338007154577,0.002526316381479923,-0.0032743452618721894,-0.0483159690037305,1.0701743933876684,0.916385519304527,0.18439071989771025,0.1365181110045593,0.06944093945052911,0.04619317696807214,-0.038511780502685215,0.043713019783465736,0.024075502568000416,0.06257254209282728,0.035221710351054265,1.739555443977735,0.03028029567202553,1.655514464678511,-0.02194840823480259,50,-0.00403255719154255,0.8974552923385833,120,0.07186868292119308,0.025675505953120945,246,-0.006868866099249056,0.828212465312477,597,0.0601371108168109,0.013943933848738758,,,,,,,
YEAR,2024,IC_WEIGHTED_MFE_RANK,10,False,2420,2417,242,12,302,10.0,201.66666666666666,0.3421597021100538,0.2879602813405048,0.18783616052958213,0.05256238047440996,0.08930119134639229,0.05831903945111505,-0.04838642092338233,-0.07871498469575942,1.1344878194609263,-0.0027962090409488684,0.0012802442630021039,0.0052082799710467835,0.0038113591039634254,-0.0028407528863744003,-0.008610440426858766,-0.059078008690166814,0.933900477134574,0.8140412820405525,0.19536350121729637,0.14641310514711692,0.07831632469854859,0.04880797503994923,-0.04870613309307634,0.05573821372818894,0.027363942045109852,0.07925658929665712,0.04001265636396723,1.7514003382314534,0.040493216306443064,1.829643439894801,-0.030008851602683087,10,-0.009383032626072358,0.7981941073222066,25,0.08359367127286553,0.0347856962329163,46,-0.01210104628664608,0.7436289377993276,121,0.06939789454514705,0.020589919505197826,,,,,,,
YEAR,2024,IC_WEIGHTED_MFE_RANK,20,False,4840,4831,242,12,390,20.0,403.3333333333333,0.331401366176775,0.27447733388532397,0.17346305112813082,0.0490213153795592,0.08569808127171585,0.05387205387205407,-0.04761959737228898,-0.07674590735806619,1.1166469225763707,-0.0028029901934192776,0.00013130178008106494,0.0023357222426364215,0.0038185391392264695,-0.004473894038820256,-0.01023413104377431,-0.05903964186645707,0.8957303303353589,0.7787874413659418,0.19536350121729637,0.14641310514711692,0.07831632469854859,0.04880797503994923,-0.04870613309307634,0.05328264681755933,0.027363942045109852,0.07621081742603922,0.04001265636396723,1.6963320380308307,0.036890106231766626,1.7558212812879892,-0.028039774264989853,19,-0.010972776025386467,0.7637543061970048,49,0.08024801802675177,0.031440042986802544,91,-0.013702343926420052,0.7094004258083763,242,0.06641704796639013,0.0176090729264409,,,,,,,
YEAR,2024,IC_WEIGHTED_MFE_RANK,30,True,7260,7243,242,12,457,30.0,605.0,0.32224216484881957,0.2650835289244788,0.16705784895761425,0.04753139220787644,0.08340604916673668,0.05142857142857138,-0.04745644987315102,-0.07622775334284858,1.0941690592874012,-0.0032310741969266616,-0.0009831320436409323,0.0013812992171070148,0.0028528470850000863,-0.0052650094566613174,-0.011020729986854138,-0.0590187584409589,0.8770900775452609,0.7615633919086454,0.19536350121729637,0.14641310514711692,0.07831632469854859,0.04880797503994923,-0.04870613309307634,0.05159367868526028,0.027363942045109852,0.07419070440297623,0.04001265636396723,1.6494491695785092,0.03459807412678745,1.708861084658173,-0.02752162024977224,27,-0.011723532158172447,0.7473035787422397,73,0.0780605706959042,0.029252595655954977,135,-0.014460061156655378,0.6929835563689308,363,0.06454565553004912,0.015737680490099895,0.1555891800966178,0.16023282978906694,0.8636363636363636,0.2004752389892417,0.20065659210638867,0.03470553426568303,0.12757354231848236
YEAR,2024,IC_WEIGHTED_MFE_RANK,50,False,12100,12059,242,12,545,50.0,1008.3333333333334,0.3110539845758355,0.2574011112032507,0.16651463637117506,0.04500812423371981,0.08040171194467029,0.04840613931523019,-0.04729198802489193,-0.0751437121171241,1.0699725855884084,-0.003932053981716344,-0.0019966410178302962,-0.00036827724670864887,0.0016417935846711734,-0.00565874675446783,-0.011412191301659453,-0.05873733797788374,0.8664361468761602,0.7506509415118534,0.19536350121729637,0.14641310514711692,0.07831632469854859,0.04880797503994923,-0.04870613309307634,0.04919655653549106,0.027363942045109852,0.07113365094089957,0.04001265636396723,1.5921806408959698,0.03159373690472106,1.6473068566942524,-0.026437579024047766,45,-0.012120501615894135,0.7361630511764713,121,0.07501471588004563,0.0262067408400964,222,-0.014820299032969666,0.6821472240438632,603,0.06185030047033629,0.01304232543038706,,,,,,,
YEAR,2025,IC_WEIGHTED_MFE_RANK,10,False,2430,2430,243,12,268,10.0,202.5,0.3366255144032922,0.28353909465020577,0.18395061728395062,0.049856589545985056,0.0897338687391477,0.05797101449275355,-0.047170020287444936,-0.07542830669724924,1.1896577381660902,-0.002416543853895552,0.0008102663176705765,0.0031462073089122897,0.012124520247446063,-0.0036193803177728633,-0.009384809692661129,-0.059060142270885116,0.9149235394894389,0.7953959245764121,0.20333962689023227,0.15414595278100154,0.0815852834698862,0.050589212313723,-0.05011196303487763,0.05300472491375706,0.028068817168662535,0.074745143076658,0.03992271864674934,1.6554840763281764,0.039144656425424695,1.7737747759872946,-0.025316343662371614,10,-0.010175035801648129,0.7790806035564684,25,0.08450185547624799,0.033912643162524986,47,-0.012966526341912575,0.7227763833078326,122,0.07111380700653638,0.020524594692813383,,,,,,,
YEAR,2025,IC_WEIGHTED_MFE_RANK,20,False,4860,4853,243,12,354,20.0,405.0,0.32722027611786525,0.2726148773954255,0.17453121780342057,0.048003094088682204,0.08641410937287548,0.05528455284552858,-0.04735108399064202,-0.07446092611398061,1.160529607711266,-0.0033773927085833043,-0.0008141274982705029,0.002683786686365783,0.010296821003566646,-0.003967560118844687,-0.009730860948768075,-0.05856612209234213,0.9054452880088012,0.7852098959114602,0.20333962689023227,0.15414595278100154,0.0815852834698862,0.050589212313723,-0.05011196303487763,0.05095402628725373,0.028068817168662535,0.07191211351173811,0.03992271864674934,1.6092302377170526,0.03582489705915248,1.7081528930908951,-0.024348963079102982,19,-0.01047527074836765,0.7696837327375664,49,0.08127227513154453,0.03068306281782153,92,-0.013212532608148147,0.7138874130685896,243,0.06801588160797345,0.01742666929425045,,,,,,,
YEAR,2025,IC_WEIGHTED_MFE_RANK,30,True,7290,7283,243,12,415,30.0,607.5,0.3203350267746808,0.2659618289166552,0.1691610600027461,0.04614752410065747,0.08367876605906338,0.05291005291005302,-0.04694297612788422,-0.0734522986412007,1.1392259685134818,-0.003581926784616264,-0.0012531653890142972,0.0014232951583486135,0.008891168876794557,-0.003783737292213673,-0.009547974571876838,-0.0582870188943713,0.9082524830047684,0.785789773354945,0.20333962689023227,0.15414595278100154,0.0815852834698862,0.050589212313723,-0.05011196303487763,0.04944549180043336,0.028068817168662535,0.06996583701765177,0.03992271864674934,1.5753694037591872,0.03308955374534038,1.6540831974243726,-0.023340335606323072,28,-0.010276201903194617,0.7703382433535665,73,0.0786721144291771,0.028082902115454098,139,-0.01303074429193986,0.7132329125538555,365,0.06563967128008091,0.015050458966357913,0.1570808522596874,0.1637135421882737,0.8395061728395061,0.19457761955714506,0.19018298597742855,0.03282949216494272,0.1156175099969775
YEAR,2025,IC_WEIGHTED_MFE_RANK,50,False,12150,12134,243,12,512,50.0,1012.5,0.3139113235536509,0.25745838140761496,0.15946925993077304,0.04408238450449426,0.07998888380520976,0.050000000000000044,-0.045901917413047374,-0.07174593382651816,1.1148908312856178,-0.0034795453925645045,-0.0018588261988751152,0.00022006343099981263,0.007299373460396122,-0.0034949935322259257,-0.009260949371834633,-0.05747276238122774,0.9131678244527736,0.787555343462212,0.20333962689023227,0.15414595278100154,0.0815852834698862,0.050589212313723,-0.05011196303487763,0.04704322014176226,0.028068817168662535,0.06678223853400643,0.03992271864674934,1.5437783985071831,0.029399671491486756,1.5811450731663537,-0.021633970791640526,46,-0.009973513256622827,0.7720765909213289,122,0.07498382925023053,0.024394616936507532,230,-0.012682452365288052,0.7145812699241791,607,0.06244607008793587,0.011856857774212873,,,,,,,
OVERALL,2020_2025,IC_WEIGHTED_MFE_RANK,10,False,14590,14528,1459,72,938,10.0,202.63888888888889,0.35868667400881055,0.3023816079295154,0.2044328193832599,0.054203877577612,0.09831733002176432,0.06363636363636371,-0.048192013358922016,-0.07695090078681725,1.2776631464541275,-0.0022568222929430152,0.0015278663548879334,0.006823260779094317,0.014899324375614432,0.0006723610807885042,-0.0051179130269410535,-0.05796349199310008,1.0162019173064236,0.8854353783248736,0.19963761561329713,0.1495077754527312,0.07804654303243369,0.04965560516208523,-0.04824817780430809,0.05452626162661346,0.027194213178637607,0.07720395490021568,0.039625695352509475,1.7966888299427262,0.04866172485967909,1.9799845294572096,-0.028702722982509164,60,-0.005880112479685025,0.8689171344904556,146,0.09243735464629571,0.04278174948421048,296,-0.00878321514668434,0.8073933627379735,727,0.07776243117999292,0.028106826017907684,,,,,,,
OVERALL,2020_2025,IC_WEIGHTED_MFE_RANK,20,False,29180,29079,1459,72,1098,20.0,405.27777777777777,0.34003920354895284,0.283503559269576,0.18642319199422264,0.05070746080515761,0.09171798749930705,0.05785123966942152,-0.04770620413819594,-0.07548345272904326,1.2150740882049946,-0.0030529373639403166,0.0003093016246229049,0.0043978495684118424,0.011369726800023345,-0.0015437618486924753,-0.007321159797256288,-0.058038482829900116,0.9628740970821225,0.8366786470328412,0.19963761561329713,0.1495077754527312,0.07804654303243369,0.04965560516208523,-0.04824817780430809,0.05198249833267378,0.027194213178637607,0.0740549046675804,0.039625695352509475,1.7032822321802168,0.04206238233722182,1.8470822619102576,-0.027235274924735174,115,-0.008057589548070856,0.8209611437119697,291,0.08585008213292264,0.03619447697083741,573,-0.010890310880224395,0.7618447423635922,1454,0.07150741924741956,0.021851814085334327,,,,,,,
OVERALL,2020_2025,IC_WEIGHTED_MFE_RANK,30,True,43770,43629,1459,72,1169,30.0,607.9166666666666,0.3321414655389764,0.27495473194434894,0.17983451374086043,0.04894364947093083,0.08822904959277475,0.05476190476190479,-0.04720449569073804,-0.07439265773684205,1.1859913636219022,-0.003361457758692608,-0.00032083259350490235,0.003384584312860036,0.009703600497166037,-0.0020278767323610378,-0.00780244400494275,-0.05789085506391817,0.9508579711628551,0.8247777831167039,0.19963761561329713,0.1495077754527312,0.07804654303243369,0.04965560516208523,-0.04824817780430809,0.050256708047788444,0.027194213178637607,0.07184796854336419,0.039625695352509475,1.6637218618275946,0.03857344443068952,1.7768195414148824,-0.026144479932533958,171,-0.008534280886286754,0.8090938499745887,437,0.08243205519240919,0.03277645003032396,854,-0.011351702896517416,0.750060851784241,2182,0.06837107243414388,0.018715467272058646,0.16634792294099382,0.17729338828302563,0.8355037697052776,0.20315441512326537,0.20026441903784634,0.038292422737082235,0.13109332906958707
OVERALL,2020_2025,IC_WEIGHTED_MFE_RANK,50,False,72950,72719,1459,72,1267,50.0,1013.1944444444445,0.320865248422008,0.2633562067685199,0.16937801674940525,0.04602607683580589,0.08279469777703148,0.05069124423963123,-0.04593032392247319,-0.07227945413689627,1.1454803964100158,-0.003531976176588868,-0.0008926649741911322,0.0017965901571274478,0.007232162471116528,-0.0024683842723554955,-0.008240392023229048,-0.057381460539144225,0.9390838824055715,0.8118653529696526,0.19963761561329713,0.1495077754527312,0.07804654303243369,0.04965560516208523,-0.04824817780430809,0.04760872956401813,0.027194213178637607,0.06835114190457435,0.039625695352509475,1.6072384326785976,0.03313909261494625,1.6673786877991723,-0.024031276332588176,283,-0.008967434842326177,0.7960631524554362,728,0.07722704049169388,0.027571435329608644,1413,-0.011751078111956319,0.73692668352318,3636,0.06380341216613779,0.014147807004052555,,,,,,,
