model,fit_period,feature,coefficient_or_weight,direction,intercept,regularization_alpha,training_observations
LINEAR_RIDGE_MFE10,TRAIN_2020_EVALUATE_2021,return_3,-0.0009292733674098933,NEGATIVE,0.05480931642023934,0.1,91088
LINEAR_RIDGE_MFE10,TRAIN_2020_EVALUATE_2021,return_5,-0.0009477816442752437,NEGATIVE,0.05480931642023934,0.1,91088
LINEAR_RIDGE_MFE10,TRAIN_2020_EVALUATE_2021,return_10,-0.004673444829944104,NEGATIVE,0.05480931642023934,0.1,91088
LINEAR_RIDGE_MFE10,TRAIN_2020_EVALUATE_2021,return_20,-0.0009396048426593252,NEGATIVE,0.05480931642023934,0.1,91088
LINEAR_RIDGE_MFE10,TRAIN_2020_EVALUATE_2021,return_60,-0.0023523556704917797,NEGATIVE,0.05480931642023934,0.1,91088
LINEAR_RIDGE_MFE10,TRAIN_2020_EVALUATE_2021,close_vs_ma5,0.00207826904948272,POSITIVE,0.05480931642023934,0.1,91088
LINEAR_RIDGE_MFE10,TRAIN_2020_EVALUATE_2021,close_vs_ma10,-0.0021137583821086567,NEGATIVE,0.05480931642023934,0.1,91088
LINEAR_RIDGE_MFE10,TRAIN_2020_EVALUATE_2021,close_vs_ma20,0.0007080183774729749,POSITIVE,0.05480931642023934,0.1,91088
LINEAR_RIDGE_MFE10,TRAIN_2020_EVALUATE_2021,close_vs_ma60,0.003449137896268661,POSITIVE,0.05480931642023934,0.1,91088
LINEAR_RIDGE_MFE10,TRAIN_2020_EVALUATE_2021,distance_to_prior20_close_high,-0.00016933709540579563,NEGATIVE,0.05480931642023934,0.1,91088
LINEAR_RIDGE_MFE10,TRAIN_2020_EVALUATE_2021,distance_to_prior60_close_high,0.0018607349681591388,POSITIVE,0.05480931642023934,0.1,91088
LINEAR_RIDGE_MFE10,TRAIN_2020_EVALUATE_2021,drawdown_from_20d_high,0.0015436208792436318,POSITIVE,0.05480931642023934,0.1,91088
LINEAR_RIDGE_MFE10,TRAIN_2020_EVALUATE_2021,drawdown_from_60d_high,0.006879436271056723,POSITIVE,0.05480931642023934,0.1,91088
LINEAR_RIDGE_MFE10,TRAIN_2020_EVALUATE_2021,days_since_20d_high,0.0038547554100209444,POSITIVE,0.05480931642023934,0.1,91088
LINEAR_RIDGE_MFE10,TRAIN_2020_EVALUATE_2021,days_since_60d_high,-0.002674258594810428,NEGATIVE,0.05480931642023934,0.1,91088
LINEAR_RIDGE_MFE10,TRAIN_2020_EVALUATE_2021,ma5_slope,0.006869341209557861,POSITIVE,0.05480931642023934,0.1,91088
LINEAR_RIDGE_MFE10,TRAIN_2020_EVALUATE_2021,ma10_slope,0.006760171345009393,POSITIVE,0.05480931642023934,0.1,91088
LINEAR_RIDGE_MFE10,TRAIN_2020_EVALUATE_2021,ma20_slope,-0.00677840729201219,NEGATIVE,0.05480931642023934,0.1,91088
LINEAR_RIDGE_MFE10,TRAIN_2020_EVALUATE_2021,ma60_slope,0.020758113298412713,POSITIVE,0.05480931642023934,0.1,91088
LINEAR_RIDGE_MFE10,TRAIN_2020_EVALUATE_2021,volume_ratio5,0.0035603999770951267,POSITIVE,0.05480931642023934,0.1,91088
LINEAR_RIDGE_MFE10,TRAIN_2020_EVALUATE_2021,volume_ratio20,-0.005651517035283087,NEGATIVE,0.05480931642023934,0.1,91088
LINEAR_RIDGE_MFE10,TRAIN_2020_EVALUATE_2021,prior_volume_contraction_5_20,-0.006797905540067814,NEGATIVE,0.05480931642023934,0.1,91088
LINEAR_RIDGE_MFE10,TRAIN_2020_EVALUATE_2021,atr5,0.01807684623998123,POSITIVE,0.05480931642023934,0.1,91088
LINEAR_RIDGE_MFE10,TRAIN_2020_EVALUATE_2021,atr20,0.017657275607769064,POSITIVE,0.05480931642023934,0.1,91088
LINEAR_RIDGE_MFE10,TRAIN_2020_EVALUATE_2021,atr60,0.030259682156369237,POSITIVE,0.05480931642023934,0.1,91088
LINEAR_RIDGE_MFE10,TRAIN_2020_EVALUATE_2021,atr5_atr20,0.003835577617495716,POSITIVE,0.05480931642023934,0.1,91088
LINEAR_RIDGE_MFE10,TRAIN_2020_EVALUATE_2021,range_compression10,0.0031673045341054887,POSITIVE,0.05480931642023934,0.1,91088
LINEAR_RIDGE_MFE10,TRAIN_2020_EVALUATE_2021,range_compression20,0.013968088864178151,POSITIVE,0.05480931642023934,0.1,91088
LINEAR_RIDGE_MFE10,TRAIN_2020_EVALUATE_2021,volatility20,-0.008918953886799658,NEGATIVE,0.05480931642023934,0.1,91088
LINEAR_RIDGE_MFE10,TRAIN_2020_EVALUATE_2021,rs5_vs_0050,-0.003493566210793901,NEGATIVE,0.05480931642023934,0.1,91088
LINEAR_RIDGE_MFE10,TRAIN_2020_EVALUATE_2021,rs20_vs_0050,0.0007899302459551823,POSITIVE,0.05480931642023934,0.1,91088
LINEAR_RIDGE_MFE10,TRAIN_2020_EVALUATE_2021,rs60_vs_0050,-0.011163401923671214,NEGATIVE,0.05480931642023934,0.1,91088
LINEAR_RIDGE_MFE10,TRAIN_2020_EVALUATE_2021,recent_breakout_flag,0.012177674483225712,POSITIVE,0.05480931642023934,0.1,91088
LINEAR_RIDGE_MFE10,TRAIN_2020_EVALUATE_2021,recent_retest_flag,5.815380093988834e-05,POSITIVE,0.05480931642023934,0.1,91088
LINEAR_RIDGE_MFE10,TRAIN_2020_EVALUATE_2021,recent_local_low_distance,0.0016010144798560423,POSITIVE,0.05480931642023934,0.1,91088
LINEAR_RIDGE_MFE10,TRAIN_2020_EVALUATE_2021,recent_local_high_distance,0.0015436208793926742,POSITIVE,0.05480931642023934,0.1,91088
LINEAR_RIDGE_MFE10,TRAIN_2020_EVALUATE_2021,bias5,0.002078269060736472,POSITIVE,0.05480931642023934,0.1,91088
LINEAR_RIDGE_MFE10,TRAIN_2020_EVALUATE_2021,bias10,-0.0021137583911744343,NEGATIVE,0.05480931642023934,0.1,91088
LINEAR_RIDGE_MFE10,TRAIN_2020_EVALUATE_2021,bias20,0.0007080183737531566,POSITIVE,0.05480931642023934,0.1,91088
LINEAR_RIDGE_MFE10,TRAIN_2020_2021_EVALUATE_2022,return_3,0.002083270450564344,POSITIVE,0.05644543074909187,0.1,219469
LINEAR_RIDGE_MFE10,TRAIN_2020_2021_EVALUATE_2022,return_5,0.0022119961344748197,POSITIVE,0.05644543074909187,0.1,219469
LINEAR_RIDGE_MFE10,TRAIN_2020_2021_EVALUATE_2022,return_10,-0.003998962599942698,NEGATIVE,0.05644543074909187,0.1,219469
LINEAR_RIDGE_MFE10,TRAIN_2020_2021_EVALUATE_2022,return_20,0.0002489780482204894,POSITIVE,0.05644543074909187,0.1,219469
LINEAR_RIDGE_MFE10,TRAIN_2020_2021_EVALUATE_2022,return_60,-0.0062836025081099344,NEGATIVE,0.05644543074909187,0.1,219469
LINEAR_RIDGE_MFE10,TRAIN_2020_2021_EVALUATE_2022,close_vs_ma5,-0.0005196350077452215,NEGATIVE,0.05644543074909187,0.1,219469
LINEAR_RIDGE_MFE10,TRAIN_2020_2021_EVALUATE_2022,close_vs_ma10,0.0005266688595734387,POSITIVE,0.05644543074909187,0.1,219469
LINEAR_RIDGE_MFE10,TRAIN_2020_2021_EVALUATE_2022,close_vs_ma20,-0.0005839921713274132,NEGATIVE,0.05644543074909187,0.1,219469
LINEAR_RIDGE_MFE10,TRAIN_2020_2021_EVALUATE_2022,close_vs_ma60,0.009973250076692666,POSITIVE,0.05644543074909187,0.1,219469
LINEAR_RIDGE_MFE10,TRAIN_2020_2021_EVALUATE_2022,distance_to_prior20_close_high,-0.002168045661062405,NEGATIVE,0.05644543074909187,0.1,219469
LINEAR_RIDGE_MFE10,TRAIN_2020_2021_EVALUATE_2022,distance_to_prior60_close_high,0.001967545525862438,POSITIVE,0.05644543074909187,0.1,219469
LINEAR_RIDGE_MFE10,TRAIN_2020_2021_EVALUATE_2022,drawdown_from_20d_high,0.004208250347771995,POSITIVE,0.05644543074909187,0.1,219469
LINEAR_RIDGE_MFE10,TRAIN_2020_2021_EVALUATE_2022,drawdown_from_60d_high,0.008909600567423464,POSITIVE,0.05644543074909187,0.1,219469
LINEAR_RIDGE_MFE10,TRAIN_2020_2021_EVALUATE_2022,days_since_20d_high,0.001941573326736095,POSITIVE,0.05644543074909187,0.1,219469
LINEAR_RIDGE_MFE10,TRAIN_2020_2021_EVALUATE_2022,days_since_60d_high,-0.004892364004188285,NEGATIVE,0.05644543074909187,0.1,219469
LINEAR_RIDGE_MFE10,TRAIN_2020_2021_EVALUATE_2022,ma5_slope,0.0012874461643422614,POSITIVE,0.05644543074909187,0.1,219469
LINEAR_RIDGE_MFE10,TRAIN_2020_2021_EVALUATE_2022,ma10_slope,0.00734878690681578,POSITIVE,0.05644543074909187,0.1,219469
LINEAR_RIDGE_MFE10,TRAIN_2020_2021_EVALUATE_2022,ma20_slope,-0.0058485193477063055,NEGATIVE,0.05644543074909187,0.1,219469
LINEAR_RIDGE_MFE10,TRAIN_2020_2021_EVALUATE_2022,ma60_slope,0.01700697715766252,POSITIVE,0.05644543074909187,0.1,219469
LINEAR_RIDGE_MFE10,TRAIN_2020_2021_EVALUATE_2022,volume_ratio5,0.007806466361923242,POSITIVE,0.05644543074909187,0.1,219469
LINEAR_RIDGE_MFE10,TRAIN_2020_2021_EVALUATE_2022,volume_ratio20,-0.007135093702029792,NEGATIVE,0.05644543074909187,0.1,219469
LINEAR_RIDGE_MFE10,TRAIN_2020_2021_EVALUATE_2022,prior_volume_contraction_5_20,0.001275357876445206,POSITIVE,0.05644543074909187,0.1,219469
LINEAR_RIDGE_MFE10,TRAIN_2020_2021_EVALUATE_2022,atr5,0.01688270143478998,POSITIVE,0.05644543074909187,0.1,219469
LINEAR_RIDGE_MFE10,TRAIN_2020_2021_EVALUATE_2022,atr20,0.01488084565127667,POSITIVE,0.05644543074909187,0.1,219469
LINEAR_RIDGE_MFE10,TRAIN_2020_2021_EVALUATE_2022,atr60,0.04015242851605862,POSITIVE,0.05644543074909187,0.1,219469
LINEAR_RIDGE_MFE10,TRAIN_2020_2021_EVALUATE_2022,atr5_atr20,0.001818672960773585,POSITIVE,0.05644543074909187,0.1,219469
LINEAR_RIDGE_MFE10,TRAIN_2020_2021_EVALUATE_2022,range_compression10,-0.0009838008631628773,NEGATIVE,0.05644543074909187,0.1,219469
LINEAR_RIDGE_MFE10,TRAIN_2020_2021_EVALUATE_2022,range_compression20,0.017138807518834558,POSITIVE,0.05644543074909187,0.1,219469
LINEAR_RIDGE_MFE10,TRAIN_2020_2021_EVALUATE_2022,volatility20,-0.0076759886192528685,NEGATIVE,0.05644543074909187,0.1,219469
LINEAR_RIDGE_MFE10,TRAIN_2020_2021_EVALUATE_2022,rs5_vs_0050,-0.005771919044796446,NEGATIVE,0.05644543074909187,0.1,219469
LINEAR_RIDGE_MFE10,TRAIN_2020_2021_EVALUATE_2022,rs20_vs_0050,-0.0010733822811781698,NEGATIVE,0.05644543074909187,0.1,219469
LINEAR_RIDGE_MFE10,TRAIN_2020_2021_EVALUATE_2022,rs60_vs_0050,-0.012570735271323975,NEGATIVE,0.05644543074909187,0.1,219469
LINEAR_RIDGE_MFE10,TRAIN_2020_2021_EVALUATE_2022,recent_breakout_flag,0.007640002312696061,POSITIVE,0.05644543074909187,0.1,219469
LINEAR_RIDGE_MFE10,TRAIN_2020_2021_EVALUATE_2022,recent_retest_flag,-3.521256295113015e-05,NEGATIVE,0.05644543074909187,0.1,219469
LINEAR_RIDGE_MFE10,TRAIN_2020_2021_EVALUATE_2022,recent_local_low_distance,0.002296475270964278,POSITIVE,0.05644543074909187,0.1,219469
LINEAR_RIDGE_MFE10,TRAIN_2020_2021_EVALUATE_2022,recent_local_high_distance,0.0042082504463270935,POSITIVE,0.05644543074909187,0.1,219469
LINEAR_RIDGE_MFE10,TRAIN_2020_2021_EVALUATE_2022,bias5,-0.0005196350183430609,NEGATIVE,0.05644543074909187,0.1,219469
LINEAR_RIDGE_MFE10,TRAIN_2020_2021_EVALUATE_2022,bias10,0.0005266688155516662,POSITIVE,0.05644543074909187,0.1,219469
LINEAR_RIDGE_MFE10,TRAIN_2020_2021_EVALUATE_2022,bias20,-0.0005839921710840981,NEGATIVE,0.05644543074909187,0.1,219469
LINEAR_RIDGE_MFE10,HISTORICAL_DISCOVERY_2020_2022,return_3,0.0008627006178850178,POSITIVE,0.05113004847298848,0.1,323809
LINEAR_RIDGE_MFE10,HISTORICAL_DISCOVERY_2020_2022,return_5,0.001273748442411187,POSITIVE,0.05113004847298848,0.1,323809
LINEAR_RIDGE_MFE10,HISTORICAL_DISCOVERY_2020_2022,return_10,-0.0031229426380920493,NEGATIVE,0.05113004847298848,0.1,323809
LINEAR_RIDGE_MFE10,HISTORICAL_DISCOVERY_2020_2022,return_20,0.003337874202747465,POSITIVE,0.05113004847298848,0.1,323809
LINEAR_RIDGE_MFE10,HISTORICAL_DISCOVERY_2020_2022,return_60,-0.0015284745697830336,NEGATIVE,0.05113004847298848,0.1,323809
LINEAR_RIDGE_MFE10,HISTORICAL_DISCOVERY_2020_2022,close_vs_ma5,0.00011008355569640386,POSITIVE,0.05113004847298848,0.1,323809
LINEAR_RIDGE_MFE10,HISTORICAL_DISCOVERY_2020_2022,close_vs_ma10,-0.0008638917215854938,NEGATIVE,0.05113004847298848,0.1,323809
LINEAR_RIDGE_MFE10,HISTORICAL_DISCOVERY_2020_2022,close_vs_ma20,0.0012911211598074918,POSITIVE,0.05113004847298848,0.1,323809
LINEAR_RIDGE_MFE10,HISTORICAL_DISCOVERY_2020_2022,close_vs_ma60,0.004071198449597975,POSITIVE,0.05113004847298848,0.1,323809
LINEAR_RIDGE_MFE10,HISTORICAL_DISCOVERY_2020_2022,distance_to_prior20_close_high,-0.004036793100101419,NEGATIVE,0.05113004847298848,0.1,323809
LINEAR_RIDGE_MFE10,HISTORICAL_DISCOVERY_2020_2022,distance_to_prior60_close_high,0.0005385934773786471,POSITIVE,0.05113004847298848,0.1,323809
LINEAR_RIDGE_MFE10,HISTORICAL_DISCOVERY_2020_2022,drawdown_from_20d_high,0.002697304602646891,POSITIVE,0.05113004847298848,0.1,323809
LINEAR_RIDGE_MFE10,HISTORICAL_DISCOVERY_2020_2022,drawdown_from_60d_high,0.007782734275579948,POSITIVE,0.05113004847298848,0.1,323809
LINEAR_RIDGE_MFE10,HISTORICAL_DISCOVERY_2020_2022,days_since_20d_high,0.00239294678804866,POSITIVE,0.05113004847298848,0.1,323809
LINEAR_RIDGE_MFE10,HISTORICAL_DISCOVERY_2020_2022,days_since_60d_high,-0.003099206033826263,NEGATIVE,0.05113004847298848,0.1,323809
LINEAR_RIDGE_MFE10,HISTORICAL_DISCOVERY_2020_2022,ma5_slope,0.0010380466044130623,POSITIVE,0.05113004847298848,0.1,323809
LINEAR_RIDGE_MFE10,HISTORICAL_DISCOVERY_2020_2022,ma10_slope,0.0052155009151612,POSITIVE,0.05113004847298848,0.1,323809
LINEAR_RIDGE_MFE10,HISTORICAL_DISCOVERY_2020_2022,ma20_slope,-0.006728166385806739,NEGATIVE,0.05113004847298848,0.1,323809
LINEAR_RIDGE_MFE10,HISTORICAL_DISCOVERY_2020_2022,ma60_slope,0.014436925457360687,POSITIVE,0.05113004847298848,0.1,323809
LINEAR_RIDGE_MFE10,HISTORICAL_DISCOVERY_2020_2022,volume_ratio5,0.006208755122605706,POSITIVE,0.05113004847298848,0.1,323809
LINEAR_RIDGE_MFE10,HISTORICAL_DISCOVERY_2020_2022,volume_ratio20,-0.004661850733721911,NEGATIVE,0.05113004847298848,0.1,323809
LINEAR_RIDGE_MFE10,HISTORICAL_DISCOVERY_2020_2022,prior_volume_contraction_5_20,0.0016865587440558953,POSITIVE,0.05113004847298848,0.1,323809
LINEAR_RIDGE_MFE10,HISTORICAL_DISCOVERY_2020_2022,atr5,0.012208346726581273,POSITIVE,0.05113004847298848,0.1,323809
LINEAR_RIDGE_MFE10,HISTORICAL_DISCOVERY_2020_2022,atr20,0.020591587890060666,POSITIVE,0.05113004847298848,0.1,323809
LINEAR_RIDGE_MFE10,HISTORICAL_DISCOVERY_2020_2022,atr60,0.028608887637446914,POSITIVE,0.05113004847298848,0.1,323809
LINEAR_RIDGE_MFE10,HISTORICAL_DISCOVERY_2020_2022,atr5_atr20,0.0038355751724325074,POSITIVE,0.05113004847298848,0.1,323809
LINEAR_RIDGE_MFE10,HISTORICAL_DISCOVERY_2020_2022,range_compression10,-0.001019606607545205,NEGATIVE,0.05113004847298848,0.1,323809
LINEAR_RIDGE_MFE10,HISTORICAL_DISCOVERY_2020_2022,range_compression20,0.012909349019906776,POSITIVE,0.05113004847298848,0.1,323809
LINEAR_RIDGE_MFE10,HISTORICAL_DISCOVERY_2020_2022,volatility20,-0.007014738353868171,NEGATIVE,0.05113004847298848,0.1,323809
LINEAR_RIDGE_MFE10,HISTORICAL_DISCOVERY_2020_2022,rs5_vs_0050,-0.0033968007906416712,NEGATIVE,0.05113004847298848,0.1,323809
LINEAR_RIDGE_MFE10,HISTORICAL_DISCOVERY_2020_2022,rs20_vs_0050,-0.0010879746535441086,NEGATIVE,0.05113004847298848,0.1,323809
LINEAR_RIDGE_MFE10,HISTORICAL_DISCOVERY_2020_2022,rs60_vs_0050,-0.00930616533414342,NEGATIVE,0.05113004847298848,0.1,323809
LINEAR_RIDGE_MFE10,HISTORICAL_DISCOVERY_2020_2022,recent_breakout_flag,0.006932777894234433,POSITIVE,0.05113004847298848,0.1,323809
LINEAR_RIDGE_MFE10,HISTORICAL_DISCOVERY_2020_2022,recent_retest_flag,-0.0017372980842788439,NEGATIVE,0.05113004847298848,0.1,323809
LINEAR_RIDGE_MFE10,HISTORICAL_DISCOVERY_2020_2022,recent_local_low_distance,0.0031397560690834807,POSITIVE,0.05113004847298848,0.1,323809
LINEAR_RIDGE_MFE10,HISTORICAL_DISCOVERY_2020_2022,recent_local_high_distance,0.002697304683290101,POSITIVE,0.05113004847298848,0.1,323809
LINEAR_RIDGE_MFE10,HISTORICAL_DISCOVERY_2020_2022,bias5,0.00011008354995856714,POSITIVE,0.05113004847298848,0.1,323809
LINEAR_RIDGE_MFE10,HISTORICAL_DISCOVERY_2020_2022,bias10,-0.0008638917210125833,NEGATIVE,0.05113004847298848,0.1,323809
LINEAR_RIDGE_MFE10,HISTORICAL_DISCOVERY_2020_2022,bias20,0.0012911213761697352,POSITIVE,0.05113004847298848,0.1,323809
IC_WEIGHTED_MFE_RANK,HISTORICAL_DISCOVERY_2020_2022,return_3,-0.0050232022520761395,NEGATIVE,0.0,,323809
IC_WEIGHTED_MFE_RANK,HISTORICAL_DISCOVERY_2020_2022,return_5,-0.0023688940140318415,NEGATIVE,0.0,,323809
IC_WEIGHTED_MFE_RANK,HISTORICAL_DISCOVERY_2020_2022,return_10,0.00843681825419588,POSITIVE,0.0,,323809
IC_WEIGHTED_MFE_RANK,HISTORICAL_DISCOVERY_2020_2022,return_20,0.015060232403421686,POSITIVE,0.0,,323809
IC_WEIGHTED_MFE_RANK,HISTORICAL_DISCOVERY_2020_2022,return_60,0.036472271953308315,POSITIVE,0.0,,323809
IC_WEIGHTED_MFE_RANK,HISTORICAL_DISCOVERY_2020_2022,close_vs_ma5,-0.006337327066677716,NEGATIVE,0.0,,323809
IC_WEIGHTED_MFE_RANK,HISTORICAL_DISCOVERY_2020_2022,close_vs_ma10,-0.0004130400035408855,NEGATIVE,0.0,,323809
IC_WEIGHTED_MFE_RANK,HISTORICAL_DISCOVERY_2020_2022,close_vs_ma20,0.009495680001290356,POSITIVE,0.0,,323809
IC_WEIGHTED_MFE_RANK,HISTORICAL_DISCOVERY_2020_2022,close_vs_ma60,0.028024954101400844,POSITIVE,0.0,,323809
IC_WEIGHTED_MFE_RANK,HISTORICAL_DISCOVERY_2020_2022,distance_to_prior20_close_high,-0.02977076132937422,NEGATIVE,0.0,,323809
IC_WEIGHTED_MFE_RANK,HISTORICAL_DISCOVERY_2020_2022,distance_to_prior60_close_high,-0.019580061113278677,NEGATIVE,0.0,,323809
IC_WEIGHTED_MFE_RANK,HISTORICAL_DISCOVERY_2020_2022,drawdown_from_20d_high,-0.042006228773234594,NEGATIVE,0.0,,323809
IC_WEIGHTED_MFE_RANK,HISTORICAL_DISCOVERY_2020_2022,drawdown_from_60d_high,-0.027483235420001455,NEGATIVE,0.0,,323809
IC_WEIGHTED_MFE_RANK,HISTORICAL_DISCOVERY_2020_2022,days_since_20d_high,-0.005915010319191176,NEGATIVE,0.0,,323809
IC_WEIGHTED_MFE_RANK,HISTORICAL_DISCOVERY_2020_2022,days_since_60d_high,-0.025848039295582298,NEGATIVE,0.0,,323809
IC_WEIGHTED_MFE_RANK,HISTORICAL_DISCOVERY_2020_2022,ma5_slope,0.006156469131278114,POSITIVE,0.0,,323809
IC_WEIGHTED_MFE_RANK,HISTORICAL_DISCOVERY_2020_2022,ma10_slope,0.01439112262593398,POSITIVE,0.0,,323809
IC_WEIGHTED_MFE_RANK,HISTORICAL_DISCOVERY_2020_2022,ma20_slope,0.018388993605631163,POSITIVE,0.0,,323809
IC_WEIGHTED_MFE_RANK,HISTORICAL_DISCOVERY_2020_2022,ma60_slope,0.03852608398188389,POSITIVE,0.0,,323809
IC_WEIGHTED_MFE_RANK,HISTORICAL_DISCOVERY_2020_2022,volume_ratio5,-0.005638170976820105,NEGATIVE,0.0,,323809
IC_WEIGHTED_MFE_RANK,HISTORICAL_DISCOVERY_2020_2022,volume_ratio20,-0.003661229418565704,NEGATIVE,0.0,,323809
IC_WEIGHTED_MFE_RANK,HISTORICAL_DISCOVERY_2020_2022,prior_volume_contraction_5_20,0.004127551284724047,POSITIVE,0.0,,323809
IC_WEIGHTED_MFE_RANK,HISTORICAL_DISCOVERY_2020_2022,atr5,0.07904323305508408,POSITIVE,0.0,,323809
IC_WEIGHTED_MFE_RANK,HISTORICAL_DISCOVERY_2020_2022,atr20,0.0834763074442063,POSITIVE,0.0,,323809
IC_WEIGHTED_MFE_RANK,HISTORICAL_DISCOVERY_2020_2022,atr60,0.08009967284597727,POSITIVE,0.0,,323809
IC_WEIGHTED_MFE_RANK,HISTORICAL_DISCOVERY_2020_2022,atr5_atr20,0.006747316500361076,POSITIVE,0.0,,323809
IC_WEIGHTED_MFE_RANK,HISTORICAL_DISCOVERY_2020_2022,range_compression10,0.06466395842874455,POSITIVE,0.0,,323809
IC_WEIGHTED_MFE_RANK,HISTORICAL_DISCOVERY_2020_2022,range_compression20,0.07705066625470003,POSITIVE,0.0,,323809
IC_WEIGHTED_MFE_RANK,HISTORICAL_DISCOVERY_2020_2022,volatility20,0.0761926609434639,POSITIVE,0.0,,323809
IC_WEIGHTED_MFE_RANK,HISTORICAL_DISCOVERY_2020_2022,rs5_vs_0050,-0.002368886153603652,NEGATIVE,0.0,,323809
IC_WEIGHTED_MFE_RANK,HISTORICAL_DISCOVERY_2020_2022,rs20_vs_0050,0.015060236998408177,POSITIVE,0.0,,323809
IC_WEIGHTED_MFE_RANK,HISTORICAL_DISCOVERY_2020_2022,rs60_vs_0050,0.03647222942903857,POSITIVE,0.0,,323809
IC_WEIGHTED_MFE_RANK,HISTORICAL_DISCOVERY_2020_2022,recent_breakout_flag,0.0021700529591654,POSITIVE,0.0,,323809
IC_WEIGHTED_MFE_RANK,HISTORICAL_DISCOVERY_2020_2022,recent_retest_flag,-0.009874501280614408,NEGATIVE,0.0,,323809
IC_WEIGHTED_MFE_RANK,HISTORICAL_DISCOVERY_2020_2022,recent_local_low_distance,0.05540262453644596,POSITIVE,0.0,,323809
IC_WEIGHTED_MFE_RANK,HISTORICAL_DISCOVERY_2020_2022,recent_local_high_distance,-0.042006228773234594,NEGATIVE,0.0,,323809
IC_WEIGHTED_MFE_RANK,HISTORICAL_DISCOVERY_2020_2022,bias5,-0.006337327066677716,NEGATIVE,0.0,,323809
IC_WEIGHTED_MFE_RANK,HISTORICAL_DISCOVERY_2020_2022,bias10,-0.0004130400035408855,NEGATIVE,0.0,,323809
IC_WEIGHTED_MFE_RANK,HISTORICAL_DISCOVERY_2020_2022,bias20,0.009495680001290356,POSITIVE,0.0,,323809
