time_slice_type,time_slice,cohort,primary_final_candidate,observations,evaluable_observations,unique_dates,unique_months,unique_stocks,candidates_per_day,candidates_per_month,winner_rate,plus10_before_minus5_rate,plus15_before_minus5_rate,mfe5_mean,mfe10_mean,mfe10_median,mae5_mean,mae10_mean,mfe_abs_mae,day1_return,day3_return,day5_return,day10_return,gross_mean,net_mean,median_net_return,gross_profit_factor,net_profit_factor,universe_winner_rate,universe_plus10_rate,universe_plus15_rate,universe_mfe10_mean,universe_mae10_mean,signal_volatility20_mean,universe_volatility20_mean,signal_atr20_mean,universe_atr20_mean,winner_rate_lift,mfe10_lift_difference,mfe10_lift_multiple,mae10_improvement_vs_universe,top1_positive_net_removed_count,top1_removed_net_mean,top1_removed_net_pf,top1_extreme_mfe_removed_count,top1_extreme_mfe_removed_mean,top1_extreme_mfe_removed_lift,top5_positive_net_removed_count,top5_removed_net_mean,top5_removed_net_pf,top5_extreme_mfe_removed_count,top5_extreme_mfe_removed_mean,top5_extreme_mfe_removed_lift
YEAR,2020,UNIVERSE,False,96599,96132,245,12,784,394.28163265306125,8049.916666666667,0.22402529854783007,0.16989139932592684,0.09000124828361003,0.029839717272699635,0.05542697008736245,0.031908367053909426,-0.029053373815138898,-0.047211826113326076,1.17400606268262,-0.00231508318171868,3.838784580730914e-05,0.002760082976028564,0.008915578480827802,0.00313157629764061,-0.002673563052991513,-0.010646137498010487,1.112365621851413,0.9133324166373143,0.22402529854783007,0.16989139932592684,0.09000124828361003,0.05542697008736245,-0.047211826113326076,0.027300325544958357,0.027300325544958357,0.039371876850689165,0.039371876850689165,1.0,0.0,1.0,0.0,425,-0.003450052215910343,0.8886557871246301,962,0.050778797090298346,-0.004648172997064104,2124,-0.006206314533194241,0.8032580946093015,4807,0.04145515887885767,-0.013971811208504777
YEAR,2020,STAGE_A_TOP30,False,7350,7301,245,12,351,30.0,612.5,0.3837830434187098,0.3335159567182578,0.2325708807012738,0.059607056112702624,0.10961998056316072,0.06859205776173294,-0.04730937001141374,-0.07401475415700129,1.481055795046391,-0.002499339196678848,0.005153339880004066,0.01285662812905337,0.029788715392279223,0.005530782073589826,-0.00028799147081743194,-0.05600688912153467,1.1385927974481462,0.9932860627361337,0.22402529854783007,0.16989139932592684,0.09000124828361003,0.05542697008736245,-0.047211826113326076,0.04767273337368431,0.027300325544958357,0.06901353329223262,0.039371876850689165,1.7131236780241181,0.05419301047579827,1.9777371988831565,-0.026802928043675213,33,-0.0010970252906662087,0.9745406762929547,74,0.10289156556017696,0.047464595472814515,161,-0.004098924246219462,0.9065491172085318,366,0.08611300368634954,0.03068603359898709
YEAR,2020,NET_RIDGE_TOP10,False,2450,2429,245,12,276,10.0,204.16666666666666,0.13709345409633594,0.08480856319473035,0.02881844380403458,0.02108214628787709,0.03656925647852937,0.023255813953488413,-0.01731867534610269,-0.031319395487864804,1.1676233180394144,2.9263707346891426e-06,0.002196347552417928,0.003519758996092134,0.004644274141686882,0.005750639205673756,-7.089338624282805e-05,-0.003749693610396984,1.312219676852487,0.9966642135923425,0.22402529854783007,0.16989139932592684,0.09000124828361003,0.05542697008736245,-0.047211826113326076,0.016619096488740707,0.027300325544958357,0.024066048618145947,0.039371876850689165,0.6119552344534253,-0.01885771360883308,0.6597736881682316,0.015892430625461272,12,-0.0008725652373526185,0.9591455323199078,25,0.034139027245678126,-0.021287942841684324,57,-0.003170414013749014,0.8543214324035228,122,0.029124794340310307,-0.026302175747052143
YEAR,2020,TWO_STAGE_TOP3,False,735,734,245,12,199,3.0,61.25,0.4264305177111717,0.3583106267029973,0.2561307901907357,0.05829093584236666,0.11518394358722212,0.08356400103615436,-0.04645745003511153,-0.07052105986548224,1.633326892802428,-0.0022399089222795146,0.005499582820089526,0.013679516724362894,0.038839083651377296,0.014574448063223578,0.00870377672558852,-0.008971441277437008,1.4047574060552774,1.2245883935809814,0.22402529854783007,0.16989139932592684,0.09000124828361003,0.05542697008736245,-0.047211826113326076,0.043468867857286354,0.027300325544958357,0.06475859479909273,0.039371876850689165,1.90349268799268,0.059756973499859665,2.078120875192571,-0.023309233752156162,4,0.007777967749666105,1.1996055006896371,8,0.10943058341855036,0.05400361333118791,18,0.004619772149992394,1.1162832297814542,37,0.09469090442152459,0.039263934334162136
YEAR,2020,TWO_STAGE_TOP5,True,1225,1220,245,12,249,5.0,102.08333333333333,0.42295081967213116,0.3581967213114754,0.2540983606557377,0.06009133864510792,0.11498672012539965,0.07961050273768033,-0.04489314971742461,-0.07162073608837959,1.6054948106580011,-0.0015248606816531305,0.006740316611974041,0.015105142698265031,0.03705705407189199,0.013576157500791879,0.00771099167044211,-0.015287392195089466,1.3740854249598968,1.197433276622267,0.22402529854783007,0.16989139932592684,0.09000124828361003,0.05542697008736245,-0.047211826113326076,0.04360780508276253,0.027300325544958357,0.0646739039554446,0.039371876850689165,1.887960075999318,0.0595597500380372,2.0745626171548035,-0.02440890997505351,6,0.00686978394343393,1.175029823095138,13,0.10832418109903304,0.05289721101167059,30,0.0036209985805931845,1.090432722269443,61,0.09259177282616134,0.03716480273879889
YEAR,2020,TWO_STAGE_TOP10,False,2450,2438,245,12,308,10.0,204.16666666666666,0.40648072190319934,0.34618539786710417,0.2432321575061526,0.059807975561830186,0.11448692859400854,0.07257568543427373,-0.04620420704754044,-0.07289173151708478,1.5706435587577507,-0.002615213510951749,0.006090436552480688,0.013892657695093487,0.03510429037931087,0.01034622893875403,0.004499492721131224,-0.02742583490339151,1.2758466009016294,1.1114790071408727,0.22402529854783007,0.16989139932592684,0.09000124828361003,0.05542697008736245,-0.047211826113326076,0.04461122391422217,0.027300325544958357,0.0655551125924368,0.039371876850689165,1.8144411570392998,0.05905995850664609,2.065545499123575,-0.025679905403758703,12,0.003642689988217174,1.0898067222529964,25,0.10731846716319818,0.05189149707583573,57,0.0005639292589549927,1.0136451985931743,122,0.09025389009048762,0.03482692000312517
YEAR,2021,UNIVERSE,False,128800,128392,244,12,991,527.8688524590164,10733.333333333334,0.22823851953392735,0.17544706835316842,0.09703875630880429,0.030528846159638544,0.05652432471557731,0.03139013452914785,-0.032182740044476243,-0.05139075698800174,1.0998928217534159,-0.0031529053869126973,-0.0013196265030544188,0.00042039505102533647,0.004416120876590585,0.0012479389022713521,-0.004546018539665951,-0.0154604175532991,1.0419893987861402,0.8613533416935297,0.22823851953392735,0.17544706835316842,0.09703875630880429,0.05652432471557731,-0.05139075698800174,0.029581941500188693,0.029581941500188693,0.04423680453226137,0.04423680453226137,1.0,0.0,1.0,0.0,547,-0.0053119965846227,0.8386823916640106,1284,0.051519494675288824,-0.005004830040288483,2735,-0.008084805182836252,0.7586782387843796,6420,0.0413007700016274,-0.015223554713949906
YEAR,2021,STAGE_A_TOP30,False,7320,7274,244,12,387,30.0,610.0,0.3740720373934561,0.3289799285125103,0.2464943634863899,0.06285607391225048,0.11466483349801337,0.06853345280764622,-0.05550654785375967,-0.08612050738125447,1.331446330087136,-0.004358690715925309,0.0023731643302785928,0.008692809901202223,0.021846659675884422,0.00032296700136193375,-0.005465881183043823,-0.05949637242466821,1.0073098341076328,0.8846182310800393,0.22823851953392735,0.17544706835316842,0.09703875630880429,0.05652432471557731,-0.05139075698800174,0.051858530703514115,0.029581941500188693,0.07821194897897159,0.04423680453226137,1.6389522599310886,0.05814050878243607,2.028592717825311,-0.03472975039325273,30,-0.006225233419505174,0.8691306964489606,73,0.107910356169388,0.051386031453810696,147,-0.009141592992976035,0.8109257659944492,364,0.09050675809840422,0.033982433382826915
YEAR,2021,NET_RIDGE_TOP10,False,2440,2432,244,12,351,10.0,203.33333333333334,0.1377467105263158,0.09375,0.03741776315789474,0.021157233134131915,0.03823882772574348,0.024331044281316605,-0.015844314136249656,-0.02543600147999452,1.5033348600729726,-8.967336941234127e-07,0.0027109768548061164,0.005065062435870832,0.011897111215237594,0.008525569453412615,0.0026887404795527385,-0.00028546619788493517,1.5210699966843473,1.1416186413802782,0.22823851953392735,0.17544706835316842,0.09703875630880429,0.05652432471557731,-0.05139075698800174,0.016917213722285076,0.029581941500188693,0.025263060296086024,0.04423680453226137,0.6035208728465308,-0.018285496989833824,0.6765021593474323,0.02595475550800722,13,0.001927086457698006,1.1009589988496935,25,0.03565539131621235,-0.020868933399364957,61,-0.00038101202806977997,0.9804350740981433,122,0.030250733000517102,-0.026273591715060204
YEAR,2021,TWO_STAGE_TOP3,False,732,720,244,12,203,3.0,61.0,0.3736111111111111,0.30694444444444446,0.225,0.060305023275531354,0.10835943896286866,0.0666842933398909,-0.05713631291706655,-0.09038607403896495,1.1988510411034723,-0.004638629935178712,0.000632851823443391,0.003358552648335136,0.009214389659786043,0.0011415053061597995,-0.004652538048385409,-0.058329517240576965,1.0263082838811057,0.899968369400815,0.22823851953392735,0.17544706835316842,0.09703875630880429,0.05652432471557731,-0.05139075698800174,0.04914848828272949,0.029581941500188693,0.07487624314740055,0.04423680453226137,1.6369327660994328,0.051835114247291356,1.9170408405251824,-0.038995317050963214,3,-0.005410262651121714,0.8841616338843412,8,0.1010670998452083,0.04454277512963099,15,-0.008356513706232877,0.8240743496574626,36,0.0838688793056209,0.02734455459004359
YEAR,2021,TWO_STAGE_TOP5,True,1220,1200,244,12,253,5.0,101.66666666666667,0.38083333333333336,0.3225,0.22916666666666666,0.06066270970993626,0.11027633835750675,0.06872933396315539,-0.05608146627557031,-0.08790583606507188,1.2544825610426504,-0.004260428308708446,0.0005924188633666328,0.005437596518570625,0.012777769920543271,0.002145626116023489,-0.003653932893913794,-0.058250146257317725,1.0497905470329525,0.9209276446132859,0.22823851953392735,0.17544706835316842,0.09703875630880429,0.05652432471557731,-0.05139075698800174,0.04920622064180195,0.029581941500188693,0.07516535151358363,0.04423680453226137,1.6685760760760762,0.05375201364192944,1.950953663089338,-0.03651507907707014,5,-0.004405978432483976,0.9050504010444138,12,0.10364764689276793,0.04712332217719062,25,-0.007366497639690171,0.8439075910183071,60,0.08642251487912289,0.029898190163545585
YEAR,2021,TWO_STAGE_TOP10,False,2440,2411,244,12,325,10.0,203.33333333333334,0.38241393612608876,0.3289091663210286,0.24056408129406884,0.06309313943187608,0.11444813846342644,0.06951871657754016,-0.054972697012474224,-0.08568130093832661,1.3357423056146893,-0.0035402736070315253,0.0019408598328436505,0.00851758122686056,0.01897482897200339,0.0025116987923949163,-0.003289864364922044,-0.05841398245708311,1.0585088923087937,0.9285390929580983,0.22823851953392735,0.17544706835316842,0.09703875630880429,0.05652432471557731,-0.05139075698800174,0.049613435653363507,0.029581941500188693,0.07554227463446066,0.04423680453226137,1.675501299723614,0.057923813747849134,2.0247590579686507,-0.034290543950324874,11,-0.00411649634711539,0.9109913330375939,25,0.1076614378401354,0.0511371131245581,51,-0.0070756717791316485,0.849556647493219,121,0.08987950021303175,0.03335517549745444
YEAR,2022,UNIVERSE,False,104351,103910,246,12,910,424.1910569105691,8695.916666666666,0.16079299393706092,0.1124530843999615,0.04907131171205851,0.023025517265267657,0.03988884024141701,0.024390243902439046,-0.03294301148148826,-0.0537781993042699,0.7417288186934498,-0.002779199349912683,-0.004937902763360278,-0.006805484613662298,-0.010901799929706087,-0.009928457157926817,-0.015657664015997053,-0.030142333100374185,0.701718194417291,0.5732015480001871,0.16079299393706092,0.1124530843999615,0.04907131171205851,0.03988884024141701,-0.0537781993042699,0.02651442286838009,0.02651442286838009,0.03835277613102303,0.03835277613102303,1.0,0.0,1.0,0.0,379,-0.01633893050421161,0.5562559370621712,1040,0.03657400653438906,-0.003314833707027953,1894,-0.018680484339898395,0.5000864085343407,5196,0.029862666211436767,-0.010026174029980246
YEAR,2022,STAGE_A_TOP30,False,7380,7362,246,12,344,30.0,615.0,0.29638685139907633,0.23770714479760935,0.13854930725346373,0.04167731310445646,0.07219882959614643,0.04680409426990284,-0.0506137993090524,-0.07969913359248541,0.905892276888614,-0.0039050731366842917,-0.005272807516549832,-0.0057887941888240075,-0.007368977434414486,-0.009733604540201928,-0.015463722641281472,-0.06024128578934775,0.7819530930684473,0.6784957984772451,0.16079299393706092,0.1124530843999615,0.04907131171205851,0.03988884024141701,-0.0537781993042699,0.046086039557272494,0.02651442286838009,0.06754765122052253,0.03835277613102303,1.8432821240650001,0.03230998935472942,1.8100007209831488,-0.025920934288215514,27,-0.016173839422215276,0.66496511215123,74,0.06746523949554223,0.027576399254125215,131,-0.01878192380557994,0.6164559727700306,369,0.05558293494712187,0.015694094705704854
YEAR,2022,NET_RIDGE_TOP10,False,2460,2447,246,12,321,10.0,205.0,0.08868001634654679,0.05557825909276665,0.016346546791990192,0.017699405408272254,0.02959651825586724,0.020202020202020332,-0.01805670620091202,-0.030976825448376204,0.9554406504691939,-0.0006317619529661668,-3.1926530588672186e-05,0.0004344890821361131,-0.0013879535272819854,-0.0022376878318617526,-0.008012258489682941,-0.009512836429498994,0.8928085946716068,0.666058849964058,0.16079299393706092,0.1124530843999615,0.04907131171205851,0.03988884024141701,-0.0537781993042699,0.0163781696873914,0.02651442286838009,0.024153606386550987,0.03835277613102303,0.5515166685761118,-0.010292321985549774,0.7419749001661085,0.022801373855893696,11,-0.00868680755458613,0.6395720169978718,25,0.027524551768651734,-0.01236428847276528,51,-0.010589423211327484,0.5678444087330121,123,0.023182074499386453,-0.01670676574203056
YEAR,2022,TWO_STAGE_TOP3,False,738,738,246,12,202,3.0,61.5,0.28184281842818426,0.1910569105691057,0.11653116531165311,0.03983385957221969,0.0678944361709338,0.04582535078391048,-0.05017657218066983,-0.07960017702781132,0.852943281108688,-0.00204570192246099,-0.005572786512585931,-0.008534220458317587,-0.009415115273275427,-0.011706169580737691,-0.01742524070837833,-0.05856618662025252,0.734489598691831,0.6338595301734957,0.16079299393706092,0.1124530843999615,0.04907131171205851,0.03988884024141701,-0.0537781993042699,0.04220972262608754,0.02651442286838009,0.06290646665213576,0.03835277613102303,1.7528302168346077,0.028005595929516784,1.7020910049031275,-0.025821977723541417,3,-0.018199811192711197,0.6191387326193664,8,0.0636137171674295,0.023724876926012488,13,-0.020625653665608194,0.574246414361092,37,0.05286865891008333,0.012979818668666314
YEAR,2022,TWO_STAGE_TOP5,True,1230,1228,246,12,243,5.0,102.5,0.30781758957654726,0.22231270358306188,0.1245928338762215,0.04234139316616934,0.07253379193101575,0.05122737958558843,-0.048160785136896526,-0.07685457743236165,0.9437797246995658,-0.0013892680928350592,-0.0037533796584988803,-0.005067835814818987,-0.0053323938346906624,-0.006320372743771011,-0.01207056140708598,-0.057928701880179415,0.8499975186229044,0.7346217027607926,0.16079299393706092,0.1124530843999615,0.04907131171205851,0.03988884024141701,-0.0537781993042699,0.042527761578429704,0.02651442286838009,0.06321387054827639,0.03835277613102303,1.91437190165783,0.03264495168959874,1.818398115664018,-0.023076378128091754,5,-0.012838809357633096,0.7188806281633059,13,0.06833921238827248,0.028450372146855467,24,-0.015543145298466149,0.6649535965720785,62,0.05721753774520579,0.01732869750378878
YEAR,2022,TWO_STAGE_TOP10,False,2460,2452,246,12,287,10.0,205.0,0.3083197389885807,0.2361337683523654,0.1333605220228385,0.04224785084815212,0.0721765930673239,0.050000000000000044,-0.04867865922772818,-0.07752448850103573,0.9310166950196597,-0.002742021707788352,-0.0038713939655235182,-0.004915122439124736,-0.005911944982915108,-0.006957394330203389,-0.012703755051403174,-0.0592383969475328,0.8385368359385325,0.7266720778302599,0.16079299393706092,0.1124530843999615,0.04907131171205851,0.03988884024141701,-0.0537781993042699,0.0434753949749927,0.02651442286838009,0.06426925718901377,0.03835277613102303,1.917494857451725,0.03228775282590688,1.8094432585779257,-0.02374628919676583,10,-0.013476274980711668,0.7112334086165681,25,0.06793930744867341,0.028050467207256395,46,-0.016142278594487493,0.6592060438257596,123,0.05663312216543033,0.016744281924013317
YEAR,2023,UNIVERSE,False,119115,118878,239,12,1003,498.38912133891216,9926.25,0.18439071989771025,0.1365181110045593,0.06944093945052911,0.025109430169750403,0.04619317696807214,0.02689873417721511,-0.024547928718222818,-0.038511780502685215,1.1994557604224854,-0.002332977448161542,-0.0003778448354826079,0.001478879871556523,0.005893073127925646,0.0031085848138141746,-0.002696362566630032,-0.00989988437262051,1.1270834838328967,0.9018917614370765,0.18439071989771025,0.1365181110045593,0.06944093945052911,0.04619317696807214,-0.038511780502685215,0.024075502568000416,0.024075502568000416,0.035221710351054265,0.035221710351054265,1.0,0.0,1.0,0.0,516,-0.0034595923884730784,0.8746677237740343,1189,0.04244936722767927,-0.003743809740392866,2579,-0.006123616260040078,0.782023513863168,5944,0.03433813802745555,-0.01185503894061659
YEAR,2023,STAGE_A_TOP30,False,7170,7154,239,12,394,30.0,597.5,0.3500139781940173,0.2896281800391389,0.1888454011741683,0.04749436279049719,0.08475932088416942,0.05610158576833291,-0.04133254452187431,-0.06410525028376739,1.3221900001790028,-0.002825689997881875,0.0015370165789038092,0.006330814900374188,0.01582524038650376,0.0038629691149523696,-0.0019458101865242122,-0.055651110984940695,1.1030889226907952,0.9520465917045581,0.18439071989771025,0.1365181110045593,0.06944093945052911,0.04619317696807214,-0.038511780502685215,0.043005373741745526,0.024075502568000416,0.06390191056296445,0.035221710351054265,1.898219055645456,0.03856614391609728,1.834888320038119,-0.025593469781082172,31,-0.0027218660223367087,0.9332117967298323,72,0.08002814969887555,0.03383497273080341,151,-0.0055814697360044895,0.8653511116442781,358,0.06767167321259308,0.021478496244520945
YEAR,2023,NET_RIDGE_TOP10,False,2390,2374,239,12,273,10.0,199.16666666666666,0.08930075821398484,0.06023588879528222,0.02485256950294861,0.017675080806174123,0.03177775447059224,0.021912350597609542,-0.011096945026686122,-0.019252609570342433,1.6505686854806472,0.000260193893359832,0.002586199833263399,0.0056641940252587135,0.00988663830020862,0.009741576327091554,0.003897837681464399,0.0031415120379014233,1.7743715543155598,1.2597266740688557,0.18439071989771025,0.1365181110045593,0.06944093945052911,0.04619317696807214,-0.038511780502685215,0.012415495670036905,0.024075502568000416,0.01868785347908786,0.035221710351054265,0.48430180360228514,-0.014415422497479902,0.6879317803267012,0.019259170932342782,13,0.003034764245173564,1.2011097080741953,24,0.029649191169890888,-0.01654398579818125,64,0.000583946420184897,1.0378614349854294,119,0.024818405302245418,-0.02137477166582672
YEAR,2023,TWO_STAGE_TOP3,False,717,713,239,12,210,3.0,59.75,0.3169705469845722,0.2608695652173913,0.17110799438990182,0.04373123829813152,0.07862879103272125,0.045248868778280604,-0.04258822090950298,-0.06713524435755067,1.1711998933668573,-0.003336941849417637,-0.000374253665969428,0.0015482540252371795,0.0038933236054943276,-0.0019804006886922827,-0.0077559352377512,-0.05620071132015357,0.9492259005300165,0.816734806226995,0.18439071989771025,0.1365181110045593,0.06944093945052911,0.04619317696807214,-0.038511780502685215,0.03867717006227647,0.024075502568000416,0.05859162318912767,0.035221710351054265,1.7190157246547435,0.03243561406464911,1.7021732687290159,-0.02862346385486545,3,-0.008524808621611129,0.7994146210637357,8,0.07375009622102134,0.027556919252949202,14,-0.011243119798786295,0.7395524355862169,36,0.06192853065327276,0.01573535368520062
YEAR,2023,TWO_STAGE_TOP5,True,1195,1190,239,12,265,5.0,99.58333333333333,0.3453781512605042,0.28739495798319326,0.1865546218487395,0.04632606578817717,0.08301107352034709,0.050817774347709954,-0.04216562265149091,-0.06636100023599675,1.2509014816705355,-0.0026992127180914664,0.0018134726872177603,0.003327422894687473,0.009341906089984638,0.0022228141579427683,-0.0035770025758861757,-0.055604864515953326,1.0585946706822016,0.9128915818615506,0.18439071989771025,0.1365181110045593,0.06944093945052911,0.04619317696807214,-0.038511780502685215,0.039243527397387436,0.024075502568000416,0.05934957402782871,0.035221710351054265,1.8730777310924371,0.03681789655227495,1.7970418786679858,-0.027849219733311538,5,-0.00432830109161089,0.8950385727859644,12,0.078452020688501,0.032258843720428865,25,-0.007182370588202667,0.8287669281307868,60,0.06584399791922291,0.01965082095115077
YEAR,2023,TWO_STAGE_TOP10,False,2390,2382,239,12,326,10.0,199.16666666666666,0.3509655751469353,0.290512174643157,0.19059613769941225,0.047946503748535214,0.08522996073037661,0.053097345132743445,-0.040723176201633224,-0.06332149795063745,1.3459877527979203,-0.0021776748524034804,0.002081533956004974,0.006316510207191852,0.015280293787678865,0.003812877220783227,-0.0019958594110111617,-0.049628861324268164,1.1027798940292186,0.9503213214554449,0.18439071989771025,0.1365181110045593,0.06944093945052911,0.04619317696807214,-0.038511780502685215,0.040134726978275845,0.024075502568000416,0.0601940187432083,0.035221710351054265,1.9033798194487856,0.039036783762304475,1.8450768343837007,-0.024809717447952233,11,-0.0028204197490852446,0.9301214905360794,24,0.08041075440613554,0.034217577438063404,51,-0.005664262519486945,0.8620302178709174,120,0.0678509410029074,0.021657764034835256
YEAR,2024,UNIVERSE,False,139580,139243,242,12,1102,576.7768595041322,11631.666666666666,0.19536350121729637,0.14641310514711692,0.07831632469854859,0.026797718264503154,0.04880797503994923,0.026881720430107503,-0.030266404176085067,-0.04870613309307634,1.0020909470821318,-0.0029194304656069694,-0.0022534786928020568,-0.001530023026443548,-0.0003531373751109465,-0.0034614482386037173,-0.009228331594396804,-0.02114967041903298,0.8864091797489442,0.7265170615446775,0.19536350121729637,0.14641310514711692,0.07831632469854859,0.04880797503994923,-0.04870613309307634,0.027363942045109852,0.027363942045109852,0.04001265636396723,0.04001265636396723,1.0,0.0,1.0,0.0,542,-0.009943268297122092,0.7064768057636435,1393,0.044624371957551597,-0.004183603082397631,2709,-0.012498373570813681,0.6368149276160917,6963,0.03558899012128531,-0.013218984918663919
YEAR,2024,STAGE_A_TOP30,False,7260,7224,242,12,418,30.0,605.0,0.3504983388704319,0.2967884828349945,0.20168881506090808,0.05202997252565063,0.09154934835340288,0.05855855855855863,-0.051214703672693034,-0.07970574463570587,1.1485915948947978,-0.003956714246948448,-0.00037516552960357096,0.0021725784874308783,0.007855036560255718,-0.0024378259645743074,-0.0082106800988304,-0.059244345506565925,0.9439424161226297,0.8244063775622681,0.19536350121729637,0.14641310514711692,0.07831632469854859,0.04880797503994923,-0.04870613309307634,0.04758426022575447,0.027363942045109852,0.0713094569690323,0.04001265636396723,1.7940830128785632,0.04274137331345365,1.8757047035544894,-0.030999611542629535,29,-0.00896308489717527,0.80908494470032,73,0.08591039956319836,0.03710242452324913,141,-0.011772874829603073,0.7531394810136618,362,0.07161532658102394,0.022807351541074716
YEAR,2024,NET_RIDGE_TOP10,False,2420,2417,242,12,344,10.0,201.66666666666666,0.14894497310715762,0.0964004964832437,0.03847745138601572,0.02137287329551729,0.03897923417352485,0.025700934579439227,-0.01471488376726219,-0.02499920615029806,1.5592188783586676,0.00045711995770793295,0.0027829235648482663,0.006346785603552556,0.01202285798032287,0.009722770560885084,0.003878573779624367,0.0008759486168540965,1.587379617565989,1.202628049291741,0.19536350121729637,0.14641310514711692,0.07831632469854859,0.04880797503994923,-0.04870613309307634,0.01563303087701497,0.027363942045109852,0.022963126846542625,0.04001265636396723,0.7623991798830994,-0.00982874086642438,0.7986242851013676,0.023706926942778275,13,0.0030477587068101102,1.1583674412526046,25,0.036376991088148444,-0.012430983951800784,62,0.0005886107314554756,1.0299619409110419,121,0.03087704004423178,-0.01793093499571745
YEAR,2024,TWO_STAGE_TOP3,False,726,723,242,12,209,3.0,60.5,0.37206085753803597,0.31673582295988933,0.2143845089903181,0.05840323437397884,0.09994138020789574,0.06458333333333344,-0.04740085920670351,-0.07946935562321969,1.257609042178951,-0.00048421894581896185,0.004926212524665964,0.008362996739817524,0.010963258074227343,0.0016113629412670988,-0.00418490866728432,-0.05866908319172126,1.037919166895724,0.9082551281740623,0.19536350121729637,0.14641310514711692,0.07831632469854859,0.04880797503994923,-0.04870613309307634,0.04427280524449126,0.027363942045109852,0.06720826244535316,0.04001265636396723,1.9044542876215398,0.05113340516794651,2.0476444705213424,-0.030763222530143353,4,-0.0052017357505322005,0.8865943497124041,8,0.09442049560488841,0.04561252056493918,16,-0.008109092671560932,0.8261602078233199,37,0.08011442437724635,0.03130644933729712
YEAR,2024,TWO_STAGE_TOP5,True,1210,1207,242,12,267,5.0,100.83333333333333,0.39022369511184757,0.3363711681855841,0.22286661143330572,0.05939798630756633,0.10025590877311112,0.0696576151121604,-0.046492454809270625,-0.07820342702521527,1.281988687539044,-0.00015590070968657429,0.006314049580889314,0.009088335812423206,0.01042072748747327,0.0038432175672514827,-0.001966226084041428,-0.05759258327909951,1.0928510529587718,0.9557587150646252,0.19536350121729637,0.14641310514711692,0.07831632469854859,0.04880797503994923,-0.04870613309307634,0.0443222779741348,0.027363942045109852,0.06743211967394534,0.04001265636396723,1.997423739236812,0.051447933733161894,2.05408867487438,-0.02949729393213893,6,-0.0028617215781485345,0.9359296060434752,13,0.09466249290399988,0.04585451786405065,26,-0.00571935891562771,0.8740830319641157,61,0.08067455685441922,0.031866581814469996
YEAR,2024,TWO_STAGE_TOP10,False,2420,2408,242,12,360,10.0,201.66666666666666,0.38289036544850497,0.32641196013289037,0.21677740863787376,0.055956763063413954,0.09828317740686345,0.06862762052996674,-0.048618849824852824,-0.07861678281225162,1.2501551690505837,-0.0017986165357136992,0.003201384388440696,0.005122184794666847,0.010963867216210852,0.00260357036049536,-0.003198432765774796,-0.05826823211904146,1.0620705560618646,0.9290046461902992,0.19536350121729637,0.14641310514711692,0.07831632469854859,0.04880797503994923,-0.04870613309307634,0.045035519848670436,0.027363942045109852,0.06809894835008978,0.04001265636396723,1.9598868932156814,0.04947520236691422,2.013670457059914,-0.029910649719175286,11,-0.004036203959705275,0.9108179692062236,25,0.09255163321909074,0.04374365817914151,51,-0.006916174638269167,0.8497336446383439,121,0.07828601901937182,0.029478043979422594
YEAR,2025,UNIVERSE,False,115882,115462,243,12,924,476.880658436214,9656.833333333334,0.20333962689023227,0.15414595278100154,0.0815852834698862,0.02794426628504168,0.050589212313723,0.027972027972028135,-0.031071092306390675,-0.05011196303487763,1.009523659620223,-0.0024586725537359176,-0.0018076577201503697,-0.0011343781432730077,0.0017736089608232847,-0.0014338305392394362,-0.007212496491827733,-0.019273832271252518,0.9515717062122586,0.780177482919099,0.20333962689023227,0.15414595278100154,0.0815852834698862,0.050589212313723,-0.05011196303487763,0.028068817168662535,0.028068817168662535,0.03992271864674934,0.03992271864674934,1.0,0.0,1.0,0.0,465,-0.00794341060601971,0.7588756839458768,1155,0.04651728737027871,-0.0040719249434442925,2323,-0.01052927319474017,0.6855452093207275,5774,0.03759051368358386,-0.012998698630139138
YEAR,2025,STAGE_A_TOP30,False,7290,7281,243,12,378,30.0,607.5,0.33800302156297213,0.2826534816646065,0.18678752918555144,0.04880297203493495,0.08832831210438193,0.05616438356164366,-0.04920053177831715,-0.07648767879663858,1.1548044533973192,-0.0036072105571023807,-0.0007687723470800495,0.001697830319841753,0.011262472422083019,-0.0024304079561358444,-0.008202852179612714,-0.0585520075504282,0.941881944639159,0.8181558313960419,0.20333962689023227,0.15414595278100154,0.0815852834698862,0.050589212313723,-0.05011196303487763,0.046850732451466835,0.028068817168662535,0.0685931344562885,0.03992271864674934,1.6622584920224845,0.037739099790658925,1.7459910535199554,-0.026375715761760947,29,-0.008953042548206665,0.8023158243385644,73,0.08316143490977689,0.032572222596053885,141,-0.011738544633804419,0.7448145375629408,365,0.06952969311647302,0.018940480802750015
YEAR,2025,NET_RIDGE_TOP10,False,2430,2420,243,12,300,10.0,202.5,0.08636363636363636,0.05578512396694215,0.015289256198347107,0.016401119688538142,0.028363564406729914,0.01841432706858992,-0.019118157952313242,-0.032016449942758415,0.8859059782530723,-0.0006755975752447604,-0.0009710511083921618,-0.0019375352830702693,-0.0012725048955396462,-0.0009782132394347337,-0.006760429502602667,-0.008105417503571943,0.9506786025233381,0.7049968572871305,0.20333962689023227,0.15414595278100154,0.0815852834698862,0.050589212313723,-0.05011196303487763,0.01686174684844891,0.028068817168662535,0.024390230140422797,0.03992271864674934,0.42472604914465384,-0.022225647906993086,0.5606642821563742,0.018095513092119216,11,-0.007403778020740241,0.6783917524454157,25,0.02620138238664423,-0.02438782992707877,51,-0.009472875201463808,0.5953459747786554,121,0.02198008315636813,-0.02860912915735487
YEAR,2025,TWO_STAGE_TOP3,False,729,727,243,12,201,3.0,60.75,0.38514442916093533,0.312242090784044,0.19257221458046767,0.05164221949288544,0.08769061920583879,0.06565656565656575,-0.04631473810481086,-0.07390223041362373,1.1865760845788111,-0.002034821522213074,0.0020394552657909838,0.005515737644056699,0.007394215989525918,0.00584441130472246,2.329284321731539e-05,-0.05595547903587043,1.1533259955402324,1.0005659641902307,0.20333962689023227,0.15414595278100154,0.0815852834698862,0.050589212313723,-0.05011196303487763,0.04272980584218036,0.028068817168662535,0.06297157091444855,0.03992271864674934,1.8940943044458607,0.03710140689211579,1.7333857396718457,-0.0237902673787461,4,-0.0009544475359911181,0.9769366495936274,8,0.08323269505466846,0.03264348274094546,16,-0.00377803462865767,0.9102224862837344,37,0.0724648125064101,0.021875600192687097
YEAR,2025,TWO_STAGE_TOP5,True,1215,1213,243,12,255,5.0,101.25,0.380873866446826,0.3091508656224237,0.1953833470733718,0.05086952686581353,0.08738971536474092,0.06162464985994398,-0.04567198164500633,-0.07304386709823424,1.1964004486127964,-0.001385911762971029,0.003011104169480403,0.004361726242965998,0.007674479806753994,0.006388150343694877,0.0005640885438230911,-0.05595547903587043,1.16882117054543,1.0138031634458429,0.20333962689023227,0.15414595278100154,0.0815852834698862,0.050589212313723,-0.05011196303487763,0.04299682357600268,0.028068817168662535,0.06351715549003635,0.03992271864674934,1.8730921870552615,0.036800503051017924,1.7274377553618343,-0.022931904063356608,6,-0.00031449233623316494,0.9923424844590659,13,0.0829541507443684,0.032364938430645404,27,-0.003255001948363862,0.922123487960207,61,0.07203889079574002,0.021449678482017023
YEAR,2025,TWO_STAGE_TOP10,False,2430,2428,243,12,310,10.0,202.5,0.3653212520593081,0.3056013179571664,0.19686985172981877,0.05006624793693243,0.08839819132569593,0.060030030030030046,-0.04547162912917913,-0.072579458441617,1.2179505499728072,-0.0018890061283500222,0.0020911192943152807,0.0044898252379370965,0.011613480859098971,0.0034967982655750925,-0.002310221835247782,-0.056673483669123156,1.0898991446267308,0.9450113720872062,0.20333962689023227,0.15414595278100154,0.0815852834698862,0.050589212313723,-0.05011196303487763,0.04406123074239241,0.028068817168662535,0.06494762165772071,0.03992271864674934,1.7966062869610628,0.03780897901197293,1.7473723602871107,-0.022467495406739375,11,-0.003122398464136469,0.9260163946261408,25,0.0837230758481289,0.033133863534405894,51,-0.005987372090426348,0.8604801672990382,122,0.07197583750701418,0.02138662519329118
