year,period,setup,signals,evaluable_signals,outcome_observation_rate,active_signal_dates,primary_success_rate,gross_average_return,net_average_return,gross_median_return,net_median_return,gross_win_rate,net_win_rate,gross_profit_factor,net_profit_factor,average_mfe_5d,average_mfe_10d,average_mae_5d,average_mae_10d,average_mfe_abs_mae,plus10_before_minus5_rate,plus15_before_minus5_rate
2020,HISTORICAL_DISCOVERY,V_REVERSAL,736,733,0.9959239130434783,145,0.2578444747612551,0.009224267231103754,0.0033839665288635445,0.003984063745019917,-0.001821249782757265,0.504774897680764,0.49113233287858116,1.350925160072863,1.1166146741082108,0.03287001908279156,0.060203301302536844,-0.02822449235957348,-0.0500134216029056,5.715573254910187,0.1869031377899045,0.08731241473396999
2020,HISTORICAL_DISCOVERY,N_RETEST,208,207,0.9951923076923077,95,0.2318840579710145,-0.005904136954067995,-0.011656420276042766,-0.0331125827814569,-0.038729435657460135,0.36231884057971014,0.34782608695652173,0.8285662661145157,0.69283371131991,0.025709079759452334,0.049376802682327726,-0.03974387703940508,-0.06957341404966681,3.180532652653876,0.16908212560386474,0.07246376811594203
2020,HISTORICAL_DISCOVERY,N_COMPACT_RETEST_HYPOTHESIS,22,22,1.0,18,0.22727272727272727,0.002896170120990764,-0.0029089471986032626,-0.0016620284477427139,-0.0074437127232544475,0.4090909090909091,0.3181818181818182,1.1082922406089564,0.9033086977932374,0.0359584286137261,0.05963417719146855,-0.02841461790104288,-0.04919418972782814,3.1227520145609238,0.18181818181818182,0.045454545454545456
2020,HISTORICAL_DISCOVERY,MOMENTUM_DIRECTIONAL,1274,1269,0.9960753532182104,245,0.31048069345941687,-0.0019485933011038745,-0.007723397829806157,-0.051094890510948954,-0.05658063333572495,0.4097714736012608,0.4026792750197006,0.9511764098932979,0.8208226491189535,0.047157766522464575,0.08634021099067939,-0.04626946704291185,-0.06850809991033005,5.152408527424875,0.2624113475177305,0.17888100866824272
2020,HISTORICAL_DISCOVERY,TREND_PULLBACK,1968,1959,0.9954268292682927,217,0.23889739663093415,0.002881077778033956,-0.0029220518043495116,-0.011428571428571344,-0.01716479856649336,0.4435936702399183,0.42521694742215416,1.0988488032688901,0.9093597558281445,0.030660136844545494,0.057690061618678526,-0.03024095827995476,-0.04810140515800532,5.122773715774308,0.18580908626850434,0.10107197549770292
2020,HISTORICAL_DISCOVERY,CONSOLIDATION_BREAKOUT_V2,198,198,1.0,87,0.11616161616161616,-0.004052416455465664,-0.009817292012943703,-0.00924978687127015,-0.014994872817166674,0.41414141414141414,0.36363636363636365,0.8262464344601805,0.632217540305203,0.01546554964075783,0.028797335995664208,-0.02497258841455047,-0.0346358470975923,3.5038391484312825,0.08585858585858586,0.025252525252525252
2021,HISTORICAL_DISCOVERY,V_REVERSAL,1222,1219,0.997545008183306,167,0.22149302707136997,-0.003494247942831758,-0.009260645847679107,-0.024432809773123898,-0.030103551372180293,0.4380639868744873,0.42329778506972926,0.8991676517592213,0.7546098691575288,0.025198808946322104,0.05102565875230816,-0.05053822094971531,-0.06830297500376163,4.227835691460285,0.16981132075471697,0.09269893355209188
2021,HISTORICAL_DISCOVERY,N_RETEST,299,299,1.0,112,0.2408026755852843,-0.003108279822925358,-0.008875882655716798,-0.02661064425770321,-0.03224476277410001,0.4214046822742475,0.4013377926421405,0.9087819333664031,0.7618601693044639,0.02554680325483732,0.051541721972462665,-0.03664612821144206,-0.05669087441478522,4.7544175112110505,0.18729096989966554,0.0903010033444816
2021,HISTORICAL_DISCOVERY,N_COMPACT_RETEST_HYPOTHESIS,47,47,1.0,31,0.2765957446808511,-0.005680025553867719,-0.011431326906747438,-0.05069124423963134,-0.05616836845044327,0.40425531914893614,0.40425531914893614,0.847443711140602,0.7174888576787788,0.0244996288184267,0.06112554425708493,-0.034617092264505364,-0.05720996598151158,4.211173602461922,0.2127659574468085,0.10638297872340426
2021,HISTORICAL_DISCOVERY,MOMENTUM_DIRECTIONAL,1287,1283,0.9968919968919969,243,0.3273577552611068,-0.007178997011483512,-0.012924344733078678,-0.05485232067510548,-0.06032953201830572,0.37412314886983633,0.36788776305533905,0.8398830953274715,0.7319737152722654,0.05276420633765724,0.09595205285870444,-0.054835349599632176,-0.08132243027666199,5.105492187692653,0.2821512081060016,0.20265003897116135
2021,HISTORICAL_DISCOVERY,TREND_PULLBACK,2405,2399,0.9975051975051975,226,0.25010421008753647,-0.0012181355016559305,-0.006997404368370837,-0.0216284987277352,-0.02730860921415881,0.4114214255939975,0.3893288870362651,0.9634518861431363,0.8087583202423465,0.03470167444052225,0.0628102050399851,-0.03741287642569461,-0.057583168055028625,5.042119987269544,0.2000833680700292,0.12630262609420592
2021,HISTORICAL_DISCOVERY,CONSOLIDATION_BREAKOUT_V2,260,260,1.0,115,0.12307692307692308,0.0042984731144112874,-0.0015140680371189608,-0.0005096839959224941,-0.0063060484361908645,0.48846153846153845,0.4346153846153846,1.2454820053351217,0.926204132796904,0.01291304209008951,0.031214182153418916,-0.021358816905626868,-0.02892622973630743,5.36636279890486,0.07692307692307693,0.046153846153846156
2022,HISTORICAL_DISCOVERY,V_REVERSAL,1285,1278,0.9945525291828794,160,0.18857589984350548,-0.01136850584357897,-0.017089263983983104,-0.050000000000000044,-0.0554890964151653,0.39123630672926446,0.37402190923317685,0.6974469270420652,0.5823884943667428,0.025407969779042444,0.045267529227606594,-0.039498732085821796,-0.06194632667291602,3.5458773296130124,0.1322378716744914,0.05868544600938967
2022,HISTORICAL_DISCOVERY,N_RETEST,408,406,0.9950980392156863,114,0.2684729064039409,0.00817238694029182,0.002338867027947564,0.0020502327074305438,-0.0037519477888225336,0.5024630541871922,0.4852216748768473,1.299054872147124,1.077728356549509,0.03665357267719961,0.05851675813872916,-0.025354727156570035,-0.044649211703031544,5.6161920647921715,0.18719211822660098,0.07881773399014778
2022,HISTORICAL_DISCOVERY,N_COMPACT_RETEST_HYPOTHESIS,52,51,0.9807692307692307,31,0.3137254901960784,0.008439746400939772,0.0026033542080513877,-0.015444015444015413,-0.02114295086950392,0.47058823529411764,0.47058823529411764,1.296112437348954,1.082906337521551,0.043771449274175055,0.06529636847036131,-0.019100653927579717,-0.0445221552928405,7.766723052886439,0.21568627450980393,0.0784313725490196
2022,HISTORICAL_DISCOVERY,MOMENTUM_DIRECTIONAL,1267,1264,0.9976322020520916,245,0.24208860759493672,-0.014443107346785368,-0.020145365567928595,-0.05421523846474907,-0.05968619147489108,0.33860759493670883,0.32832278481012656,0.67234789011019,0.5774457125849791,0.03212084599548092,0.05761264381135518,-0.048302078595574484,-0.07588088590169208,3.5505135500081586,0.18829113924050633,0.10363924050632911
2022,HISTORICAL_DISCOVERY,TREND_PULLBACK,1495,1491,0.9973244147157191,212,0.1482226693494299,-0.018826950463178903,-0.024504592163164036,-0.05052005943536397,-0.05599729527219291,0.31120053655264923,0.289738430583501,0.51771344870192,0.4280758487094349,0.021640100090271692,0.0367448472133896,-0.03982435657589269,-0.06395061673616939,3.155726408150669,0.10462776659959759,0.0482897384305835
2022,HISTORICAL_DISCOVERY,CONSOLIDATION_BREAKOUT_V2,203,203,1.0,90,0.10344827586206896,-0.0001344172391844202,-0.0059216570102425415,-0.0016949152542372614,-0.007490025869248571,0.47783251231527096,0.43842364532019706,0.9935592807779287,0.751912082471817,0.01932406309993837,0.03101653878849744,-0.017960053045154193,-0.03199541420275764,4.4289187014998355,0.06896551724137931,0.019704433497536946
2023,RETROSPECTIVE_CONFIRMATION_NOT_BLIND_OOS,V_REVERSAL,855,852,0.9964912280701754,147,0.19131455399061034,-0.00021625511706330764,-0.006002061395991492,-0.012913929939792013,-0.01864597297472737,0.4413145539906103,0.4166666666666667,0.9923916245324258,0.8097310308402189,0.023999412823021003,0.04555977076709868,-0.02760332562069738,-0.04411989380746699,4.3988661431868685,0.1267605633802817,0.06572769953051644
2023,RETROSPECTIVE_CONFIRMATION_NOT_BLIND_OOS,N_RETEST,274,274,1.0,120,0.26277372262773724,0.008151399507506565,0.0023172149938879318,-0.00626855178878305,-0.01201846908602685,0.44525547445255476,0.4343065693430657,1.3135471295657444,1.0796918709261762,0.030187467837655985,0.05582673590455785,-0.025592389880658074,-0.044032488591901474,4.786875071347481,0.17883211678832117,0.08029197080291971
2023,RETROSPECTIVE_CONFIRMATION_NOT_BLIND_OOS,N_COMPACT_RETEST_HYPOTHESIS,37,37,1.0,31,0.4864864864864865,0.03586050507634672,0.029864248670233004,0.07150964812712846,0.0653071410897619,0.5675675675675675,0.5675675675675675,3.092398705741781,2.5281636363312208,0.04860869659355937,0.07815240616144813,-0.01320900230881716,-0.03593397120156451,5.165520762727056,0.2702702702702703,0.13513513513513514
2023,RETROSPECTIVE_CONFIRMATION_NOT_BLIND_OOS,MOMENTUM_DIRECTIONAL,1266,1265,0.9992101105845181,239,0.2972332015810277,-0.001334887696578086,-0.0071135320800771755,-0.05022831050228316,-0.055712830365834166,0.4007905138339921,0.39367588932806324,0.9645256735576365,0.8260600395914576,0.037595594792722606,0.0708497766555626,-0.04186649169046946,-0.06289465479627326,5.4742744521184825,0.23715415019762845,0.14466403162055336
2023,RETROSPECTIVE_CONFIRMATION_NOT_BLIND_OOS,TREND_PULLBACK,2624,2622,0.9992378048780488,235,0.2139588100686499,-0.0010399435367193014,-0.006820338640203284,-0.014838141496090362,-0.020535595154298994,0.42181540808543094,0.39740655987795576,0.9649893105158377,0.7929116623504505,0.02973792182572804,0.05170940978503807,-0.028539594275885434,-0.045248807661499926,4.293555023321652,0.16704805491990846,0.08924485125858124
2023,RETROSPECTIVE_CONFIRMATION_NOT_BLIND_OOS,CONSOLIDATION_BREAKOUT_V2,357,357,1.0,126,0.13165266106442577,0.00658330259717782,0.000757333954596929,0.0031914893617019935,-0.002621757304396094,0.5238095238095238,0.4649859943977591,1.385806846330398,1.0381896837757303,0.019477768217900364,0.037142380823621785,-0.016406323438709,-0.024955489513733914,4.727152413586806,0.09243697478991597,0.047619047619047616
2024,RETROSPECTIVE_CONFIRMATION_NOT_BLIND_OOS,V_REVERSAL,1224,1221,0.9975490196078431,181,0.20475020475020475,-0.006924173357090483,-0.012670891530091353,-0.017733990147783207,-0.023423947268654263,0.4250614250614251,0.4021294021294021,0.8004026635201921,0.6654096554378954,0.027931689870454895,0.0495225098456176,-0.0381563084804652,-0.053149264378552635,4.7542275803648675,0.15642915642915642,0.07125307125307126
2024,RETROSPECTIVE_CONFIRMATION_NOT_BLIND_OOS,N_RETEST,324,323,0.9969135802469136,134,0.22291021671826625,-0.00027671578285569284,-0.0060610237050240994,-0.01552106430155209,-0.021238424912487442,0.4179566563467492,0.4055727554179567,0.9907490554212205,0.8170821584054809,0.028396140224832722,0.05202098487070478,-0.032182915847818856,-0.050728936219836235,4.231918781787164,0.16718266253869968,0.07739938080495357
2024,RETROSPECTIVE_CONFIRMATION_NOT_BLIND_OOS,N_COMPACT_RETEST_HYPOTHESIS,42,42,1.0,34,0.47619047619047616,0.021326834625115133,0.015416669010094924,0.012933130699088191,0.0070674338121938666,0.5,0.5,1.7690594955678602,1.50606636248659,0.049793142023469204,0.07416459065379202,-0.02825078873196054,-0.048842225193472644,5.377452618916241,0.30952380952380953,0.11904761904761904
2024,RETROSPECTIVE_CONFIRMATION_NOT_BLIND_OOS,MOMENTUM_DIRECTIONAL,1277,1271,0.995301487862177,242,0.33752950432730133,-0.0017503543127901607,-0.0075269121103121615,-0.05232558139534882,-0.057800939661917024,0.3870967741935484,0.3815892997639654,0.9577213033947707,0.8316836131259474,0.05021447308426083,0.08794040447822206,-0.04949077588392866,-0.07400284292652244,5.240220476346905,0.2840283241542093,0.2006294256490952
2024,RETROSPECTIVE_CONFIRMATION_NOT_BLIND_OOS,TREND_PULLBACK,2392,2382,0.995819397993311,237,0.24055415617128464,-0.003777059112833494,-0.009541778060816793,-0.02562539086929322,-0.031264224750885986,0.39378673383711166,0.37363560033585225,0.8890833647214679,0.7449729124342857,0.03141212763035986,0.05785018170554402,-0.035458435181432976,-0.05527940344208102,4.756198619547254,0.19185558354324098,0.11041141897565071
2024,RETROSPECTIVE_CONFIRMATION_NOT_BLIND_OOS,CONSOLIDATION_BREAKOUT_V2,174,174,1.0,99,0.13218390804597702,-0.004278634467766048,-0.010041460670045993,-0.01200359389038641,-0.017739267834261753,0.40229885057471265,0.367816091954023,0.8289714854991401,0.646860709967002,0.01948856543999092,0.03293604108302327,-0.021525847307736694,-0.03618927023914709,4.847923150327548,0.07471264367816093,0.05172413793103448
2025,STRESS_PREVALENCE_SEEN_NOT_BLIND,V_REVERSAL,954,950,0.9958071278825996,161,0.22526315789473683,-0.004617695677734902,-0.010378863293887725,-0.019102751238499638,-0.02479490899794877,0.43894736842105264,0.4242105263157895,0.8707878977647064,0.7326797152891494,0.030786215067512637,0.05431326312514609,-0.05172740429938302,-0.06585178278596972,4.171637918021417,0.17894736842105263,0.0968421052631579
2025,STRESS_PREVALENCE_SEEN_NOT_BLIND,N_RETEST,273,272,0.9963369963369964,123,0.2536764705882353,0.00029695776101751255,-0.0054901308191289185,-0.024126330003957974,-0.0297888829816723,0.4264705882352941,0.4117647058823529,1.0090128455807614,0.8479378384616888,0.029661340958175728,0.05562946621594198,-0.03296036086268036,-0.05606787256143655,4.556988973022298,0.22058823529411764,0.11764705882352941
2025,STRESS_PREVALENCE_SEEN_NOT_BLIND,N_COMPACT_RETEST_HYPOTHESIS,36,36,1.0,30,0.2777777777777778,0.0015544676652055056,-0.0042385885331075865,-0.04411642385038167,-0.049645393570826535,0.4444444444444444,0.4166666666666667,1.0455504964719775,0.8859051579235635,0.024151739762716718,0.048670971911288774,-0.031998244137298064,-0.06215183749636034,6.196768824470784,0.19444444444444445,0.1111111111111111
2025,STRESS_PREVALENCE_SEEN_NOT_BLIND,MOMENTUM_DIRECTIONAL,1267,1263,0.9968429360694554,243,0.31116389548693585,-0.0028075433794887044,-0.008577965874538398,-0.05205479452054795,-0.05753056276322533,0.391132224861441,0.3847980997624703,0.929041583391329,0.7999237302536861,0.044009013549654884,0.07913085931152973,-0.0452053614275981,-0.06892086415243806,4.7674874296152625,0.2454473475851148,0.16468725257323832
2025,STRESS_PREVALENCE_SEEN_NOT_BLIND,TREND_PULLBACK,1898,1885,0.9931506849315068,222,0.22652519893899203,-0.004685616521554918,-0.010445509377549152,-0.02962962962962956,-0.035255993920887255,0.3904509283819629,0.36923076923076925,0.8630514584683057,0.7221376623426975,0.029800177678377258,0.05473070705332865,-0.03777273463793293,-0.05663169680018353,4.567698650828621,0.1793103448275862,0.11458885941644563
2025,STRESS_PREVALENCE_SEEN_NOT_BLIND,CONSOLIDATION_BREAKOUT_V2,170,170,1.0,97,0.1,-0.009945417633949568,-0.01567533114220658,-0.014472020759864201,-0.020179407983669434,0.3764705882352941,0.34705882352941175,0.622121028533937,0.4748084570199732,0.017477859202820342,0.0307916415717209,-0.02317624228751427,-0.039002880654836654,2.735696623182463,0.07058823529411765,0.03529411764705882
