period,setup,total_signals,trading_days,active_signal_days,total_count,average_per_trading_day,average_per_active_signal_day,median_per_trading_day,median_per_active_signal_day,p90_per_trading_day,p90_per_active_signal_day,maximum_daily_count,maximum_dates,signal_date_hhi,effective_signal_dates,largest_date_share,top5_dates_share,top10_dates_share,max_date,remove_max_signal_date_average_gross_return,remove_max_signal_date_gross_profit_factor,remove_max_signal_date_evaluable
HISTORICAL_DISCOVERY,V_REVERSAL,3243,735,472,3243,4.412244897959184,6.870762711864407,1,2.0,10.0,15.0,150,20210507,0.010583672282975949,94.48516292483095,0.04625346901017576,0.15602836879432624,0.2463768115942029,20210507,0.0002550893899867489,1.0081305853722091,3080
HISTORICAL_DISCOVERY,N_RETEST,915,735,321,915,1.2448979591836735,2.850467289719626,0,2,3.0,6,33,20221027,0.007196392845411882,138.95850622406724,0.036065573770491806,0.10601092896174863,0.17049180327868851,20221027,-0.001253242202037969,0.9608350159925256,879
HISTORICAL_DISCOVERY,N_COMPACT_RETEST_HYPOTHESIS,121,735,80,121,0.16462585034013605,1.5125,0,1.0,1.0,3.0,10,20220714,0.02110511577078059,47.38187702265394,0.08264462809917356,0.21487603305785125,0.3305785123966942,20220714,-0.005076507857107632,0.8513950343975106,111
HISTORICAL_DISCOVERY,MOMENTUM_DIRECTIONAL,3828,735,733,3828,5.208163265306123,5.22237380627558,5,5,8.0,8.0,11,20200817;20211109,0.0015388726744255858,649.8263414634154,0.0028735632183908046,0.013584117032392894,0.02664576802507837,20200817,-0.007841599466625274,0.8172694320810001,3805
HISTORICAL_DISCOVERY,TREND_PULLBACK,5868,735,655,5868,7.983673469387755,8.9587786259542,5,6,19.0,20.0,80,20211130,0.003124522266504791,320.0489273896703,0.013633265167007498,0.05282890252215405,0.08878663940013633,20211130,-0.004552838307695374,0.8643641657471604,5769
HISTORICAL_DISCOVERY,CONSOLIDATION_BREAKOUT_V2,661,735,292,661,0.8993197278911564,2.2636986301369864,0,2.0,3.0,4.0,13,20211229,0.005719569441615303,174.83833533413366,0.019667170953101363,0.08169440242057488,0.13767019667170954,20211229,-9.285678728489901e-05,0.9954801188695228,648
RETROSPECTIVE_CONFIRMATION_NOT_BLIND_OOS,V_REVERSAL,2079,481,328,2079,4.3222453222453225,6.338414634146342,1,3.0,10,15.300000000000011,148,20240807,0.01531450930200327,65.29755412203716,0.07118807118807119,0.21115921115921116,0.29244829244829246,20240807,-0.008868248696759973,0.7422376099933126,1925
RETROSPECTIVE_CONFIRMATION_NOT_BLIND_OOS,N_RETEST,598,481,254,598,1.2432432432432432,2.354330708661417,1,2.0,4,5.0,10,20240401,0.0061184997930672095,163.4387568555754,0.016722408026755852,0.07190635451505016,0.13210702341137123,20240401,0.0032364890388945056,1.1157309585356716,587
RETROSPECTIVE_CONFIRMATION_NOT_BLIND_OOS,N_COMPACT_RETEST_HYPOTHESIS,79,481,65,79,0.16424116424116425,1.2153846153846153,0,1,1,2.0,3,20230816;20241129,0.017785611280243564,56.22522522522518,0.0379746835443038,0.1518987341772152,0.27848101265822783,20230816,0.02581451760497476,2.1050447899605165,76
RETROSPECTIVE_CONFIRMATION_NOT_BLIND_OOS,MOMENTUM_DIRECTIONAL,2543,481,481,2543,5.286902286902287,5.286902286902287,5,5,8,8,11,20230313;20240315;20240515,0.002332666187195653,428.6940006629096,0.004325599685410932,0.020841525756979944,0.039323633503735744,20230313,-0.0017037984134071753,0.9569880134235836,2525
RETROSPECTIVE_CONFIRMATION_NOT_BLIND_OOS,TREND_PULLBACK,5016,481,472,5016,10.428274428274428,10.627118644067796,8,8.0,22,22.0,49,20230216,0.0035182471911255685,284.23244464527716,0.009768740031897927,0.04445773524720893,0.08094098883572567,20230216,-0.002701126544964595,0.9155464638162083,4955
RETROSPECTIVE_CONFIRMATION_NOT_BLIND_OOS,CONSOLIDATION_BREAKOUT_V2,531,481,225,531,1.1039501039501038,2.36,0,2,3,4.0,20,20230130,0.008536641592277034,117.14208558371296,0.03766478342749529,0.12617702448210924,0.1977401129943503,20230130,0.002074680487147967,1.102938154906245,511
STRESS_PREVALENCE_SEEN_NOT_BLIND,V_REVERSAL,954,243,161,954,3.925925925925926,5.925465838509317,1,3,9.0,11,79,20250402,0.02488254244513884,40.188819217521896,0.08280922431865828,0.2851153039832285,0.4077568134171908,20250402,0.003797794577956275,1.125986726079526,871
STRESS_PREVALENCE_SEEN_NOT_BLIND,N_RETEST,273,243,123,273,1.123456790123457,2.2195121951219514,1,2,3.0,4.0,9,20250930;20251222,0.01329683747266165,75.20585267406659,0.03296703296703297,0.15018315018315018,0.25274725274725274,20250930,0.0005116844077574501,1.0158187792527402,263
STRESS_PREVALENCE_SEEN_NOT_BLIND,N_COMPACT_RETEST_HYPOTHESIS,36,243,30,36,0.14814814814814814,1.2,0,1.0,1.0,2.0,3,20250930,0.03858024691358028,25.919999999999977,0.08333333333333333,0.3055555555555556,0.4444444444444444,20250930,0.0016717466931128677,1.0526393813106611,33
STRESS_PREVALENCE_SEEN_NOT_BLIND,MOMENTUM_DIRECTIONAL,1267,243,243,1267,5.2139917695473255,5.2139917695473255,5,5,8.0,8.0,11,20250409,0.004671432994308187,214.0670756100815,0.008681925808997633,0.04025256511444357,0.07655880031570639,20250409,-0.0031326484826229256,0.9211193156009236,1252
STRESS_PREVALENCE_SEEN_NOT_BLIND,TREND_PULLBACK,1898,243,222,1898,7.810699588477366,8.54954954954955,5,6.0,17.0,17.900000000000006,50,20250624,0.008141785318914808,122.8231844527788,0.026343519494204427,0.10063224446786091,0.1749209694415174,20250624,-0.004168400733319148,0.877740284728495,1835
STRESS_PREVALENCE_SEEN_NOT_BLIND,CONSOLIDATION_BREAKOUT_V2,170,243,97,170,0.6995884773662552,1.7525773195876289,0,1,2.0,3.0,8,20250513,0.01577854671280271,63.37719298245637,0.047058823529411764,0.17058823529411765,0.2823529411764706,20250513,-0.010424657537227862,0.6053559213684678,162
